id,url,reason
6okwvg,https://preview.redd.it/em5o057ppuaz.jpg?width=320&crop=smart&auto=webp&s=5824a9ac2d3358bdb542dfe6313776c83a1b2d11,404 Client Error: Not Found for url: https://preview.redd.it/em5o057ppuaz.jpg?width=320&crop=smart&auto=webp&s=5824a9ac2d3358bdb542dfe6313776c83a1b2d11
badbq7,https://preview.redd.it/ag4wxheg5sq21.jpg?width=320&crop=smart&auto=webp&s=90450824ef2d0672022f5dc4ca54685431732c6b,404 Client Error: Not Found for url: https://preview.redd.it/ag4wxheg5sq21.jpg?width=320&crop=smart&auto=webp&s=90450824ef2d0672022f5dc4ca54685431732c6b
bdo01a,https://preview.redd.it/p1o6vxry2js21.jpg?width=320&crop=smart&auto=webp&s=141c17bed4ed8df49bb2abd3f4a425e9ef3ce570,404 Client Error: Not Found for url: https://preview.redd.it/p1o6vxry2js21.jpg?width=320&crop=smart&auto=webp&s=141c17bed4ed8df49bb2abd3f4a425e9ef3ce570
83z5v5,https://preview.redd.it/yjksp95hrel01.jpg?width=320&crop=smart&auto=webp&s=86f81aa59b937becbc76d66ddca39135368abb9f,404 Client Error: Not Found for url: https://preview.redd.it/yjksp95hrel01.jpg?width=320&crop=smart&auto=webp&s=86f81aa59b937becbc76d66ddca39135368abb9f
bf50b4,https://preview.redd.it/x1oeoda3oat21.jpg?width=320&crop=smart&auto=webp&s=7be2eb4ac741bbda8586ebfbdfbd3d15d70f73c1,404 Client Error: Not Found for url: https://preview.redd.it/x1oeoda3oat21.jpg?width=320&crop=smart&auto=webp&s=7be2eb4ac741bbda8586ebfbdfbd3d15d70f73c1
1mgt5d,https://external-preview.redd.it/ESPM-tTuK3werLgfWG_wBsw_trUSDNU4bI5s2jVRAgQ.png?width=108&crop=smart&auto=webp&s=6bdf4d9c8ec6b3100f803c1cf0848f49a5aee344,404 Client Error: Not Found for url: https://external-preview.redd.it/ESPM-tTuK3werLgfWG_wBsw_trUSDNU4bI5s2jVRAgQ.png?width=108&crop=smart&auto=webp&s=6bdf4d9c8ec6b3100f803c1cf0848f49a5aee344
bxic8n,https://preview.redd.it/ucitmgeadr231.jpg?width=320&crop=smart&auto=webp&s=8be928d2e8ac44fc4359bc9fead92c14b75d76a5,404 Client Error: Not Found for url: https://preview.redd.it/ucitmgeadr231.jpg?width=320&crop=smart&auto=webp&s=8be928d2e8ac44fc4359bc9fead92c14b75d76a5
8yzq3t,https://preview.redd.it/l9nrxl0fz1a11.jpg?width=320&crop=smart&auto=webp&s=e7c8c2f9cc770800073522c7022ab408a1684709,404 Client Error: Not Found for url: https://preview.redd.it/l9nrxl0fz1a11.jpg?width=320&crop=smart&auto=webp&s=e7c8c2f9cc770800073522c7022ab408a1684709
2jp96z,https://external-preview.redd.it/ESPM-tTuK3werLgfWG_wBsw_trUSDNU4bI5s2jVRAgQ.png?width=108&crop=smart&auto=webp&s=6bdf4d9c8ec6b3100f803c1cf0848f49a5aee344,404 Client Error: Not Found for url: https://external-preview.redd.it/ESPM-tTuK3werLgfWG_wBsw_trUSDNU4bI5s2jVRAgQ.png?width=108&crop=smart&auto=webp&s=6bdf4d9c8ec6b3100f803c1cf0848f49a5aee344
cltkl4r,http://imgur.com/1bIu9xP%2ejpg,403 Client Error: Unknown Error for url: https://imgur.com/1bIu9xP.jpg
d0peaz,https://preview.redd.it/3bj4qlzcl2l31.jpg?width=320&crop=smart&auto=webp&s=62b5648addf8ca45234291dee0249361d42b98a0,404 Client Error: Not Found for url: https://preview.redd.it/3bj4qlzcl2l31.jpg?width=320&crop=smart&auto=webp&s=62b5648addf8ca45234291dee0249361d42b98a0
9j0g24,https://preview.redd.it/ro5p285zejo11.jpg?width=320&crop=smart&auto=webp&s=a809581f6ded8870576e70c24c7713cbda85d508,404 Client Error: Not Found for url: https://preview.redd.it/ro5p285zejo11.jpg?width=320&crop=smart&auto=webp&s=a809581f6ded8870576e70c24c7713cbda85d508
detztj3,http://imgur.com/iNPxYCZ.jpg,403 Client Error: Unknown Error for url: https://imgur.com/iNPxYCZ.jpg
dautax4,http://imgur.com/1Wm8jOm.jpg,403 Client Error: Unknown Error for url: https://imgur.com/1Wm8jOm.jpg
ayvrgl,https://preview.redd.it/5zadir5qtyk21.png?width=320&crop=smart&auto=webp&s=a487fac238ce04564532b26a22309232d2441b1c,404 Client Error: Not Found for url: https://preview.redd.it/5zadir5qtyk21.png?width=320&crop=smart&auto=webp&s=a487fac238ce04564532b26a22309232d2441b1c
b1ztme,https://preview.redd.it/g3469gxpykm21.jpg?width=320&crop=smart&auto=webp&s=26a653252e00ce2ec7cb8e17a5fddb0ac73e217b,404 Client Error: Not Found for url: https://preview.redd.it/g3469gxpykm21.jpg?width=320&crop=smart&auto=webp&s=26a653252e00ce2ec7cb8e17a5fddb0ac73e217b
522zlu,https://external-preview.redd.it/ESPM-tTuK3werLgfWG_wBsw_trUSDNU4bI5s2jVRAgQ.png?width=108&crop=smart&auto=webp&s=6bdf4d9c8ec6b3100f803c1cf0848f49a5aee344,404 Client Error: Not Found for url: https://external-preview.redd.it/ESPM-tTuK3werLgfWG_wBsw_trUSDNU4bI5s2jVRAgQ.png?width=108&crop=smart&auto=webp&s=6bdf4d9c8ec6b3100f803c1cf0848f49a5aee344
9cizjy,https://preview.redd.it/d0c2lpe29of11.jpg?width=320&crop=smart&auto=webp&s=86cf86ba0ae991c6cf21a8752d27755d3b2cb673,404 Client Error: Not Found for url: https://preview.redd.it/d0c2lpe29of11.jpg?width=320&crop=smart&auto=webp&s=86cf86ba0ae991c6cf21a8752d27755d3b2cb673
d68fba4,http://imgur.com/PUCIhRj.jpg,403 Client Error: Unknown Error for url: https://imgur.com/PUCIhRj.jpg
ct45aq,https://preview.redd.it/g05crrekinh31.jpg?width=320&crop=smart&auto=webp&s=21785a7b198045b8787a0a5fa97e88a4ea0477b6,404 Client Error: Not Found for url: https://preview.redd.it/g05crrekinh31.jpg?width=320&crop=smart&auto=webp&s=21785a7b198045b8787a0a5fa97e88a4ea0477b6
33oyzw,https://external-preview.redd.it/ESPM-tTuK3werLgfWG_wBsw_trUSDNU4bI5s2jVRAgQ.png?width=108&crop=smart&auto=webp&s=6bdf4d9c8ec6b3100f803c1cf0848f49a5aee344,404 Client Error: Not Found for url: https://external-preview.redd.it/ESPM-tTuK3werLgfWG_wBsw_trUSDNU4bI5s2jVRAgQ.png?width=108&crop=smart&auto=webp&s=6bdf4d9c8ec6b3100f803c1cf0848f49a5aee344
bxt71p,https://preview.redd.it/k3vmxyxj0x231.jpg?width=320&crop=smart&auto=webp&s=b7bbfac8bb83df37a542fa95978afd3e0080c5b5,404 Client Error: Not Found for url: https://preview.redd.it/k3vmxyxj0x231.jpg?width=320&crop=smart&auto=webp&s=b7bbfac8bb83df37a542fa95978afd3e0080c5b5
34tj0e,https://external-preview.redd.it/ESPM-tTuK3werLgfWG_wBsw_trUSDNU4bI5s2jVRAgQ.png?width=108&crop=smart&auto=webp&s=6bdf4d9c8ec6b3100f803c1cf0848f49a5aee344,404 Client Error: Not Found for url: https://external-preview.redd.it/ESPM-tTuK3werLgfWG_wBsw_trUSDNU4bI5s2jVRAgQ.png?width=108&crop=smart&auto=webp&s=6bdf4d9c8ec6b3100f803c1cf0848f49a5aee344
246qfg,https://external-preview.redd.it/4-bDBCtwD9WQGl1OhcoSjs5q0Kc2yzWSONQholD_QJI.jpg?width=320&crop=smart&auto=webp&s=655d4896ad51b5728262952477f19d58f4a3f3fd,404 Client Error: Not Found for url: https://external-preview.redd.it/4-bDBCtwD9WQGl1OhcoSjs5q0Kc2yzWSONQholD_QJI.jpg?width=320&crop=smart&auto=webp&s=655d4896ad51b5728262952477f19d58f4a3f3fd
8vyfn1,https://preview.redd.it/1ru4yb77pu711.jpg?width=320&crop=smart&auto=webp&s=3ae66b3af3282e7e0415f2c8ca279329225af348,404 Client Error: Not Found for url: https://preview.redd.it/1ru4yb77pu711.jpg?width=320&crop=smart&auto=webp&s=3ae66b3af3282e7e0415f2c8ca279329225af348
bvqapu,https://preview.redd.it/l0x6u7r9kt131.jpg?width=320&crop=smart&auto=webp&s=20aefb92653bf7871d9b19733aa558482d9f5213,404 Client Error: Not Found for url: https://preview.redd.it/l0x6u7r9kt131.jpg?width=320&crop=smart&auto=webp&s=20aefb92653bf7871d9b19733aa558482d9f5213
30gq14,https://external-preview.redd.it/4-bDBCtwD9WQGl1OhcoSjs5q0Kc2yzWSONQholD_QJI.jpg?width=320&crop=smart&auto=webp&s=655d4896ad51b5728262952477f19d58f4a3f3fd,404 Client Error: Not Found for url: https://external-preview.redd.it/4-bDBCtwD9WQGl1OhcoSjs5q0Kc2yzWSONQholD_QJI.jpg?width=320&crop=smart&auto=webp&s=655d4896ad51b5728262952477f19d58f4a3f3fd
cz749h,https://preview.redd.it/r1xx3e2onek31.jpg?width=320&crop=smart&auto=webp&s=513ef8a01e8b4425d80f1896f5f1ab7ee6e1dd64,404 Client Error: Not Found for url: https://preview.redd.it/r1xx3e2onek31.jpg?width=320&crop=smart&auto=webp&s=513ef8a01e8b4425d80f1896f5f1ab7ee6e1dd64
bxc9dx,https://preview.redd.it/1p6g3wg7vn231.jpg?width=320&crop=smart&auto=webp&s=6baecc1675df59cc50b963c8383f35459663f509,404 Client Error: Not Found for url: https://preview.redd.it/1p6g3wg7vn231.jpg?width=320&crop=smart&auto=webp&s=6baecc1675df59cc50b963c8383f35459663f509
c3yxel,https://preview.redd.it/27f5rvdq51631.jpg?width=320&crop=smart&auto=webp&s=27c7f915ae1d1d20faa661280dbb663d631e14dc,404 Client Error: Not Found for url: https://preview.redd.it/27f5rvdq51631.jpg?width=320&crop=smart&auto=webp&s=27c7f915ae1d1d20faa661280dbb663d631e14dc
cwjl7k,,missing image URL
8xuqg5,https://preview.redd.it/wxv8foxii7911.jpg?width=320&crop=smart&auto=webp&s=1cecb565524a04d03e85bf158206abe6e9387307,404 Client Error: Not Found for url: https://preview.redd.it/wxv8foxii7911.jpg?width=320&crop=smart&auto=webp&s=1cecb565524a04d03e85bf158206abe6e9387307
9iagac,https://preview.redd.it/mah0vj8g31o11.jpg?width=320&crop=smart&auto=webp&s=7647e47debcd4f8492ddb775bf1f0c34ae0a7b58,404 Client Error: Not Found for url: https://preview.redd.it/mah0vj8g31o11.jpg?width=320&crop=smart&auto=webp&s=7647e47debcd4f8492ddb775bf1f0c34ae0a7b58
c7cmo1,https://preview.redd.it/xkfobfaqjh731.png?width=320&crop=smart&auto=webp&s=396a3995c2c6008a95dc1190c76400a6ec04fe12,404 Client Error: Not Found for url: https://preview.redd.it/xkfobfaqjh731.png?width=320&crop=smart&auto=webp&s=396a3995c2c6008a95dc1190c76400a6ec04fe12
cq9e0e,https://preview.redd.it/pu7zjyrqxeg31.jpg?width=320&crop=smart&auto=webp&s=0e85543e239bee4c79511e8c91385f508168b62f,404 Client Error: Not Found for url: https://preview.redd.it/pu7zjyrqxeg31.jpg?width=320&crop=smart&auto=webp&s=0e85543e239bee4c79511e8c91385f508168b62f
dcee7h,https://preview.redd.it/ozklvjg4a6q31.jpg?width=320&crop=smart&auto=webp&s=3882c77f71a1a536744dd251f16d49b4e75666c6,404 Client Error: Not Found for url: https://preview.redd.it/ozklvjg4a6q31.jpg?width=320&crop=smart&auto=webp&s=3882c77f71a1a536744dd251f16d49b4e75666c6
4ius7h,https://external-preview.redd.it/fOmdtirUxmcqE2smTYjH1UeLqAq_Tl8MZjRFUjxSTuw.jpg?width=320&crop=smart&auto=webp&s=57e4da5c45043395830224ebaf6c35434f109e04,404 Client Error: Not Found for url: https://external-preview.redd.it/fOmdtirUxmcqE2smTYjH1UeLqAq_Tl8MZjRFUjxSTuw.jpg?width=320&crop=smart&auto=webp&s=57e4da5c45043395830224ebaf6c35434f109e04
dgyza9,https://preview.redd.it/w10coqx3m5s31.jpg?width=320&crop=smart&auto=webp&s=75313af4e758c27f472a24760c582b45720c38ba,404 Client Error: Not Found for url: https://preview.redd.it/w10coqx3m5s31.jpg?width=320&crop=smart&auto=webp&s=75313af4e758c27f472a24760c582b45720c38ba
566f2o,https://preview.redd.it/0yhns5r0yvpx.jpg?width=320&crop=smart&auto=webp&s=c9b7c7fad2c059a1be17ee8fcd02f643c15f507f,404 Client Error: Not Found for url: https://preview.redd.it/0yhns5r0yvpx.jpg?width=320&crop=smart&auto=webp&s=c9b7c7fad2c059a1be17ee8fcd02f643c15f507f
da58oa,https://preview.redd.it/fxt3tkqyt6p31.jpg?width=320&crop=smart&auto=webp&s=0485be5a4426742de3e6157b778ae07909819252,404 Client Error: Not Found for url: https://preview.redd.it/fxt3tkqyt6p31.jpg?width=320&crop=smart&auto=webp&s=0485be5a4426742de3e6157b778ae07909819252
bup788,https://preview.redd.it/4yqj9kb77a131.jpg?width=320&crop=smart&auto=webp&s=275e0492bfd30d7bdf0c5b84994330d6d83122a3,404 Client Error: Not Found for url: https://preview.redd.it/4yqj9kb77a131.jpg?width=320&crop=smart&auto=webp&s=275e0492bfd30d7bdf0c5b84994330d6d83122a3
ckskw1,https://preview.redd.it/wcvpkr4wvvd31.png?width=320&crop=smart&auto=webp&s=429fba631645c96e37b919ab21736f63b2f3a208,404 Client Error: Not Found for url: https://preview.redd.it/wcvpkr4wvvd31.png?width=320&crop=smart&auto=webp&s=429fba631645c96e37b919ab21736f63b2f3a208
1x1r3d,https://external-preview.redd.it/Cy1xXV1AlvXnh9qggPSI08es_fXPwsxbqujfEgWcl2E.jpg?width=108&crop=smart&auto=webp&s=6692d68c084fa3469255e9c03a2ca3096cc4ef60,404 Client Error: Not Found for url: https://external-preview.redd.it/Cy1xXV1AlvXnh9qggPSI08es_fXPwsxbqujfEgWcl2E.jpg?width=108&crop=smart&auto=webp&s=6692d68c084fa3469255e9c03a2ca3096cc4ef60
ci1mnm,,missing image URL
czp3um4,http://imgur.com/UJcIM4G.jpg,403 Client Error: Unknown Error for url: https://imgur.com/UJcIM4G.jpg
23eqfi,https://external-preview.redd.it/TpYwgZl_YAu-BVWDwCP4lSt8o3uqYqsdOLy4qm3_zjw.jpg?width=320&crop=smart&auto=webp&s=9c5b27e1b5a4374f226391f2feb2270404ee1b12,404 Client Error: Not Found for url: https://external-preview.redd.it/TpYwgZl_YAu-BVWDwCP4lSt8o3uqYqsdOLy4qm3_zjw.jpg?width=320&crop=smart&auto=webp&s=9c5b27e1b5a4374f226391f2feb2270404ee1b12
b7jf96,https://preview.redd.it/7ilgg2sgidp21.jpg?width=320&crop=smart&auto=webp&s=e89549a1d208d95f3f7a4c60e0be2266ec5f61cb,404 Client Error: Not Found for url: https://preview.redd.it/7ilgg2sgidp21.jpg?width=320&crop=smart&auto=webp&s=e89549a1d208d95f3f7a4c60e0be2266ec5f61cb
70rou7,https://preview.redd.it/itzdczb9ljmz.png?width=320&crop=smart&auto=webp&s=7c5f698a2f9a3cb7a5a8f374bd59b191231fe0b6,404 Client Error: Not Found for url: https://preview.redd.it/itzdczb9ljmz.png?width=320&crop=smart&auto=webp&s=7c5f698a2f9a3cb7a5a8f374bd59b191231fe0b6
c4avmq,https://preview.redd.it/fxatm56yx5631.jpg?width=320&crop=smart&auto=webp&s=615491f46b073657be9e092f4648722cbb08be4d,404 Client Error: Not Found for url: https://preview.redd.it/fxatm56yx5631.jpg?width=320&crop=smart&auto=webp&s=615491f46b073657be9e092f4648722cbb08be4d
d7z3iov,http://imgur.com/2SrDhS0.jpg,403 Client Error: Unknown Error for url: https://imgur.com/2SrDhS0.jpg
da5r9px,https://pbs.twimg.com/media/CxjlmEYXUAAr2Yu.jpg,404 Client Error: Not Found for url: https://pbs.twimg.com/media/CxjlmEYXUAAr2Yu.jpg
d66nfr,https://preview.redd.it/xw6804ou9gn31.jpg?width=320&crop=smart&auto=webp&s=5f77f504e2d871bdc5846e32068711afc37fb04a,404 Client Error: Not Found for url: https://preview.redd.it/xw6804ou9gn31.jpg?width=320&crop=smart&auto=webp&s=5f77f504e2d871bdc5846e32068711afc37fb04a
czi6lr,https://preview.redd.it/6kglklvwijk31.jpg?width=320&crop=smart&auto=webp&s=bdea4805a3d3d1b9de7a4a39c913d1c8341fac35,404 Client Error: Not Found for url: https://preview.redd.it/6kglklvwijk31.jpg?width=320&crop=smart&auto=webp&s=bdea4805a3d3d1b9de7a4a39c913d1c8341fac35
ct5tq6,https://preview.redd.it/n4xvgc4x0oh31.jpg?width=320&crop=smart&auto=webp&s=6a10b7575aef1965fe70e5fb3e0275361c044011,404 Client Error: Not Found for url: https://preview.redd.it/n4xvgc4x0oh31.jpg?width=320&crop=smart&auto=webp&s=6a10b7575aef1965fe70e5fb3e0275361c044011
bpyxfu,https://preview.redd.it/ny0vy15x6vy21.jpg?width=320&crop=smart&auto=webp&s=6a7d5161af152f47b55a73ec4ae4b8f0bab1e44d,404 Client Error: Not Found for url: https://preview.redd.it/ny0vy15x6vy21.jpg?width=320&crop=smart&auto=webp&s=6a7d5161af152f47b55a73ec4ae4b8f0bab1e44d
cljjnz,,missing image URL
csinsh,https://preview.redd.it/fn9rot9lcfh31.jpg?width=320&crop=smart&auto=webp&s=cce84f4c218cc5af511d46d2276130d6261fff5e,404 Client Error: Not Found for url: https://preview.redd.it/fn9rot9lcfh31.jpg?width=320&crop=smart&auto=webp&s=cce84f4c218cc5af511d46d2276130d6261fff5e
d1ddkr,https://preview.redd.it/gt7731w1gel31.jpg?width=320&crop=smart&auto=webp&s=d5fbd416cdc8c8ba9aa3b0d548dc0b516cc90644,404 Client Error: Not Found for url: https://preview.redd.it/gt7731w1gel31.jpg?width=320&crop=smart&auto=webp&s=d5fbd416cdc8c8ba9aa3b0d548dc0b516cc90644
cxnhwg,https://preview.redd.it/jtbl0wgiqnj31.jpg?width=320&crop=smart&auto=webp&s=e8dd261ac08752eaf12bd530c8a81a0f86447926,404 Client Error: Not Found for url: https://preview.redd.it/jtbl0wgiqnj31.jpg?width=320&crop=smart&auto=webp&s=e8dd261ac08752eaf12bd530c8a81a0f86447926
cf3pjc,https://preview.redd.it/wzqqdt3v77b31.jpg?width=320&crop=smart&auto=webp&s=6fcd91eb9493c1987634675f1d24bd4112f408db,404 Client Error: Not Found for url: https://preview.redd.it/wzqqdt3v77b31.jpg?width=320&crop=smart&auto=webp&s=6fcd91eb9493c1987634675f1d24bd4112f408db
chonqv,https://preview.redd.it/jv2dpi5ypgc31.jpg?width=320&crop=smart&auto=webp&s=9b624fb49798f6fdd8f72367417da4ee5e42dc6e,404 Client Error: Not Found for url: https://preview.redd.it/jv2dpi5ypgc31.jpg?width=320&crop=smart&auto=webp&s=9b624fb49798f6fdd8f72367417da4ee5e42dc6e
ar53f3,https://preview.redd.it/5vqmo7cbuug21.png?width=320&crop=smart&auto=webp&s=4682889d2b8452a4472dd67bb7cbd0da3eb0405a,404 Client Error: Not Found for url: https://preview.redd.it/5vqmo7cbuug21.png?width=320&crop=smart&auto=webp&s=4682889d2b8452a4472dd67bb7cbd0da3eb0405a
c9jq72,https://preview.redd.it/7iu9ve658j831.jpg?width=320&crop=smart&auto=webp&s=1e7af22d8c5d245416e472eedd673965212f6f3a,404 Client Error: Not Found for url: https://preview.redd.it/7iu9ve658j831.jpg?width=320&crop=smart&auto=webp&s=1e7af22d8c5d245416e472eedd673965212f6f3a
9cy8ov,https://preview.redd.it/3t03d7yfj9k11.jpg?width=320&crop=smart&auto=webp&s=cde36d7e5e20ea5d6feeb71c23042d05e16e07be,404 Client Error: Not Found for url: https://preview.redd.it/3t03d7yfj9k11.jpg?width=320&crop=smart&auto=webp&s=cde36d7e5e20ea5d6feeb71c23042d05e16e07be
5mt4bt,https://external-preview.redd.it/JE5v1BJsIlc2DiVs1rwqi6CLE49u9lcH1SVOoMRTF3k.jpg?width=320&crop=smart&auto=webp&s=b3d81215eab9b3b229e6ffd236587b1513734be9,404 Client Error: Not Found for url: https://external-preview.redd.it/JE5v1BJsIlc2DiVs1rwqi6CLE49u9lcH1SVOoMRTF3k.jpg?width=320&crop=smart&auto=webp&s=b3d81215eab9b3b229e6ffd236587b1513734be9
b5rqsj,https://preview.redd.it/o3kc3b9coho21.jpg?width=320&crop=smart&auto=webp&s=ad3561114b918c35e2129c4a06c955e255a4f8d7,404 Client Error: Not Found for url: https://preview.redd.it/o3kc3b9coho21.jpg?width=320&crop=smart&auto=webp&s=ad3561114b918c35e2129c4a06c955e255a4f8d7
72xrtj,https://preview.redd.it/qyzk8etkujoz.png?width=320&crop=smart&auto=webp&s=1b2b72f0bc969945de272c28f8cea98a4c4d690f,404 Client Error: Not Found for url: https://preview.redd.it/qyzk8etkujoz.png?width=320&crop=smart&auto=webp&s=1b2b72f0bc969945de272c28f8cea98a4c4d690f
8cd5wi,https://external-preview.redd.it/NfsWTu71_HfV4PUGrlgeNR_ylnrPoZZ1RGm3WSnanNw.jpg?width=320&crop=smart&auto=webp&s=8847a849e3905e22373d3c01c7c1af54986a5dae,404 Client Error: Not Found for url: https://external-preview.redd.it/NfsWTu71_HfV4PUGrlgeNR_ylnrPoZZ1RGm3WSnanNw.jpg?width=320&crop=smart&auto=webp&s=8847a849e3905e22373d3c01c7c1af54986a5dae
2jsqsj,https://external-preview.redd.it/rw3C157-mb0CTpawp_iy2QUuOWtOs9AaKwKVk8JT52w.jpg?width=108&crop=smart&auto=webp&s=13f10bd79b14373c26cda336f47e723faa67d7a9,404 Client Error: Not Found for url: https://external-preview.redd.it/rw3C157-mb0CTpawp_iy2QUuOWtOs9AaKwKVk8JT52w.jpg?width=108&crop=smart&auto=webp&s=13f10bd79b14373c26cda336f47e723faa67d7a9
7xr2ih,https://preview.redd.it/z9apqk05aeg01.jpg?width=320&crop=smart&auto=webp&s=68eaf2423522c7f30f70773c6d202ad56844b9df,404 Client Error: Not Found for url: https://preview.redd.it/z9apqk05aeg01.jpg?width=320&crop=smart&auto=webp&s=68eaf2423522c7f30f70773c6d202ad56844b9df
7pcrnd,https://preview.redd.it/vl1vobc4s5901.jpg?width=320&crop=smart&auto=webp&s=ecfef9351ef8c5fcfeb84f3c96146d739141a6ea,404 Client Error: Not Found for url: https://preview.redd.it/vl1vobc4s5901.jpg?width=320&crop=smart&auto=webp&s=ecfef9351ef8c5fcfeb84f3c96146d739141a6ea
bxa8im,https://preview.redd.it/eumosw93um231.jpg?width=320&crop=smart&auto=webp&s=757f00252368fb5fe4505f84d78becbdffdf3f78,404 Client Error: Not Found for url: https://preview.redd.it/eumosw93um231.jpg?width=320&crop=smart&auto=webp&s=757f00252368fb5fe4505f84d78becbdffdf3f78
ekfbqnz,http://randomc.net/image/Death%20Parade/Death%20Parade%20-%2005%20-%20Large%2006.jpg,403 Client Error: Forbidden for url: https://randomc.net/image/Death%20Parade/Death%20Parade%20-%2005%20-%20Large%2006.jpg
9f0evt,https://preview.redd.it/ytb7imymrnl11.jpg?width=320&crop=smart&auto=webp&s=67a2aeebc9f82b392ec210ba43c7d6afdd2e0b55,404 Client Error: Not Found for url: https://preview.redd.it/ytb7imymrnl11.jpg?width=320&crop=smart&auto=webp&s=67a2aeebc9f82b392ec210ba43c7d6afdd2e0b55
ck20pp,https://preview.redd.it/716umvb5ujd31.jpg?width=320&crop=smart&auto=webp&s=ece760e2417aa79645d5808b110dc61fe3ee4d95,404 Client Error: Not Found for url: https://preview.redd.it/716umvb5ujd31.jpg?width=320&crop=smart&auto=webp&s=ece760e2417aa79645d5808b110dc61fe3ee4d95
5umr20,https://external-preview.redd.it/ESPM-tTuK3werLgfWG_wBsw_trUSDNU4bI5s2jVRAgQ.png?width=108&crop=smart&auto=webp&s=6bdf4d9c8ec6b3100f803c1cf0848f49a5aee344,404 Client Error: Not Found for url: https://external-preview.redd.it/ESPM-tTuK3werLgfWG_wBsw_trUSDNU4bI5s2jVRAgQ.png?width=108&crop=smart&auto=webp&s=6bdf4d9c8ec6b3100f803c1cf0848f49a5aee344
akfb12,https://preview.redd.it/ybgw0o4pu0d21.jpg?width=320&crop=smart&auto=webp&s=e4b3dc0a00b33722044a1a86f7388122222dbb52,404 Client Error: Not Found for url: https://preview.redd.it/ybgw0o4pu0d21.jpg?width=320&crop=smart&auto=webp&s=e4b3dc0a00b33722044a1a86f7388122222dbb52
d2446h,https://preview.redd.it/gzp226wzvpl31.jpg?width=320&crop=smart&auto=webp&s=d7ef8638158d7aeb7cba167e7b5e99cba7a796d2,404 Client Error: Not Found for url: https://preview.redd.it/gzp226wzvpl31.jpg?width=320&crop=smart&auto=webp&s=d7ef8638158d7aeb7cba167e7b5e99cba7a796d2
7h2ykp,https://preview.redd.it/84icg3ayti101.jpg?width=320&crop=smart&auto=webp&s=91fcce32c66c528f75640a172b41039046973751,404 Client Error: Not Found for url: https://preview.redd.it/84icg3ayti101.jpg?width=320&crop=smart&auto=webp&s=91fcce32c66c528f75640a172b41039046973751
9hhh7c,https://preview.redd.it/p9jcmnqaz1h11.png?width=320&crop=smart&auto=webp&s=4b796c32289004898933c0bbad97fad5cc46e82e,404 Client Error: Not Found for url: https://preview.redd.it/p9jcmnqaz1h11.png?width=320&crop=smart&auto=webp&s=4b796c32289004898933c0bbad97fad5cc46e82e
7jsd6z,https://preview.redd.it/ofo8o6etrw301.jpg?width=320&crop=smart&auto=webp&s=78e52074a08f033ae4a20f4e70efcd8f1d2d6c84,404 Client Error: Not Found for url: https://preview.redd.it/ofo8o6etrw301.jpg?width=320&crop=smart&auto=webp&s=78e52074a08f033ae4a20f4e70efcd8f1d2d6c84
76bxhs,https://preview.redd.it/k7oikwuhlsrz.jpg?width=320&crop=smart&auto=webp&s=7d101f70fb52a59327f57e8e65331a82ec4c468e,404 Client Error: Not Found for url: https://preview.redd.it/k7oikwuhlsrz.jpg?width=320&crop=smart&auto=webp&s=7d101f70fb52a59327f57e8e65331a82ec4c468e
rgakc,https://external-preview.redd.it/ESPM-tTuK3werLgfWG_wBsw_trUSDNU4bI5s2jVRAgQ.png?width=108&crop=smart&auto=webp&s=6bdf4d9c8ec6b3100f803c1cf0848f49a5aee344,404 Client Error: Not Found for url: https://external-preview.redd.it/ESPM-tTuK3werLgfWG_wBsw_trUSDNU4bI5s2jVRAgQ.png?width=108&crop=smart&auto=webp&s=6bdf4d9c8ec6b3100f803c1cf0848f49a5aee344
dalsz1,https://preview.redd.it/p9fedsrrfep31.jpg?width=320&crop=smart&auto=webp&s=02e78fbfe4554e8f88d8a15280a1eb1b853e96c3,404 Client Error: Not Found for url: https://preview.redd.it/p9fedsrrfep31.jpg?width=320&crop=smart&auto=webp&s=02e78fbfe4554e8f88d8a15280a1eb1b853e96c3
c1xqvz,https://preview.redd.it/r85f9ogrl1531.jpg?width=320&crop=smart&auto=webp&s=20d8e6d6ea4a8ab441c9b18f32740cecee450206,404 Client Error: Not Found for url: https://preview.redd.it/r85f9ogrl1531.jpg?width=320&crop=smart&auto=webp&s=20d8e6d6ea4a8ab441c9b18f32740cecee450206
86mnne,https://preview.redd.it/0kikfrnnxjn01.jpg?width=320&crop=smart&auto=webp&s=83d9a4e38ee20d58923a97eb70d22aebaa06c590,404 Client Error: Not Found for url: https://preview.redd.it/0kikfrnnxjn01.jpg?width=320&crop=smart&auto=webp&s=83d9a4e38ee20d58923a97eb70d22aebaa06c590
d0zl9y,https://preview.redd.it/k11rw6yfs7l31.jpg?width=320&crop=smart&auto=webp&s=84df1808778e9d66411ade95c9b3fa752b9a067a,404 Client Error: Not Found for url: https://preview.redd.it/k11rw6yfs7l31.jpg?width=320&crop=smart&auto=webp&s=84df1808778e9d66411ade95c9b3fa752b9a067a
d8m0z3,https://preview.redd.it/hdqquhqi5jo31.jpg?width=320&crop=smart&auto=webp&s=b23ab10a596063415b6bc7144058a929c89bdece,404 Client Error: Not Found for url: https://preview.redd.it/hdqquhqi5jo31.jpg?width=320&crop=smart&auto=webp&s=b23ab10a596063415b6bc7144058a929c89bdece
bvroxz,https://preview.redd.it/hw8ts4qm9u131.jpg?width=108&crop=smart&auto=webp&s=ff81b894dc304ea3247d5d5beca7e0034a718696,404 Client Error: Not Found for url: https://preview.redd.it/hw8ts4qm9u131.jpg?width=108&crop=smart&auto=webp&s=ff81b894dc304ea3247d5d5beca7e0034a718696
c90vp0j,http://picturevip.com/images/pizapcom13.jpg,non-image content: text/html
buep7n,https://preview.redd.it/nuthrlo2k5131.jpg?width=320&crop=smart&auto=webp&s=cb7971195df743fb32991374427886b2c7e89e51,404 Client Error: Not Found for url: https://preview.redd.it/nuthrlo2k5131.jpg?width=320&crop=smart&auto=webp&s=cb7971195df743fb32991374427886b2c7e89e51
8f6wal,https://preview.redd.it/s04pwhlt0cu01.jpg?width=320&crop=smart&auto=webp&s=429162b18d8db3208ca450e4d08cd61b9418c203,404 Client Error: Not Found for url: https://preview.redd.it/s04pwhlt0cu01.jpg?width=320&crop=smart&auto=webp&s=429162b18d8db3208ca450e4d08cd61b9418c203
d1b8nk,,missing image URL
2xt5xq,https://external-preview.redd.it/ESPM-tTuK3werLgfWG_wBsw_trUSDNU4bI5s2jVRAgQ.png?width=108&crop=smart&auto=webp&s=6bdf4d9c8ec6b3100f803c1cf0848f49a5aee344,404 Client Error: Not Found for url: https://external-preview.redd.it/ESPM-tTuK3werLgfWG_wBsw_trUSDNU4bI5s2jVRAgQ.png?width=108&crop=smart&auto=webp&s=6bdf4d9c8ec6b3100f803c1cf0848f49a5aee344
dgzz23,https://preview.redd.it/n3sf5au506s31.png?width=320&crop=smart&auto=webp&s=e491c7d5df5faf978924da378cad0dba204c9b7a,404 Client Error: Not Found for url: https://preview.redd.it/n3sf5au506s31.png?width=320&crop=smart&auto=webp&s=e491c7d5df5faf978924da378cad0dba204c9b7a
dg3mvn,https://preview.redd.it/l900c5vzrrr31.jpg?width=320&crop=smart&auto=webp&s=5cc552ce2413b08498514e2706d9e787cb0f38b7,404 Client Error: Not Found for url: https://preview.redd.it/l900c5vzrrr31.jpg?width=320&crop=smart&auto=webp&s=5cc552ce2413b08498514e2706d9e787cb0f38b7
2rse75,https://external-preview.redd.it/ESPM-tTuK3werLgfWG_wBsw_trUSDNU4bI5s2jVRAgQ.png?width=108&crop=smart&auto=webp&s=6bdf4d9c8ec6b3100f803c1cf0848f49a5aee344,404 Client Error: Not Found for url: https://external-preview.redd.it/ESPM-tTuK3werLgfWG_wBsw_trUSDNU4bI5s2jVRAgQ.png?width=108&crop=smart&auto=webp&s=6bdf4d9c8ec6b3100f803c1cf0848f49a5aee344
aurln5,https://preview.redd.it/bvlp878vnsi21.jpg?width=320&crop=smart&auto=webp&s=c53ebc67e1235b8aae48c10cffffa2af0d2be116,404 Client Error: Not Found for url: https://preview.redd.it/bvlp878vnsi21.jpg?width=320&crop=smart&auto=webp&s=c53ebc67e1235b8aae48c10cffffa2af0d2be116
asf7qv,https://preview.redd.it/kcdxrpz58lh21.jpg?width=320&crop=smart&auto=webp&s=60f2a684dc6c163dc2562b5f6279de0a3626c33c,404 Client Error: Not Found for url: https://preview.redd.it/kcdxrpz58lh21.jpg?width=320&crop=smart&auto=webp&s=60f2a684dc6c163dc2562b5f6279de0a3626c33c
dja0ml,https://preview.redd.it/jcg0r5gu35t31.jpg?width=320&crop=smart&auto=webp&s=291384e0babd38781babbe50a9b1d7c1c11bffe7,404 Client Error: Not Found for url: https://preview.redd.it/jcg0r5gu35t31.jpg?width=320&crop=smart&auto=webp&s=291384e0babd38781babbe50a9b1d7c1c11bffe7
d3dqmi,,missing image URL
cwbvvt,https://preview.redd.it/7g46hs4rk2j31.jpg?width=320&crop=smart&auto=webp&s=8e0836f5be0197a3185a7fb87c804a282434ae8d,404 Client Error: Not Found for url: https://preview.redd.it/7g46hs4rk2j31.jpg?width=320&crop=smart&auto=webp&s=8e0836f5be0197a3185a7fb87c804a282434ae8d
b63vbg,https://preview.redd.it/hoknaviknno21.jpg?width=320&crop=smart&auto=webp&s=778b393f2c5c3243115fa115c8e7778e081a143d,404 Client Error: Not Found for url: https://preview.redd.it/hoknaviknno21.jpg?width=320&crop=smart&auto=webp&s=778b393f2c5c3243115fa115c8e7778e081a143d
b4aj2i,https://preview.redd.it/n5wrz25ikqn21.jpg?width=320&crop=smart&auto=webp&s=938c6e68f9643f7ecafa520695c6699356d4e6fd,404 Client Error: Not Found for url: https://preview.redd.it/n5wrz25ikqn21.jpg?width=320&crop=smart&auto=webp&s=938c6e68f9643f7ecafa520695c6699356d4e6fd
bhplfa,https://preview.redd.it/ai0dx91xgnu21.png?width=320&crop=smart&auto=webp&s=a6267f90884663ba790e5133f1e6604870b3bf13,404 Client Error: Not Found for url: https://preview.redd.it/ai0dx91xgnu21.png?width=320&crop=smart&auto=webp&s=a6267f90884663ba790e5133f1e6604870b3bf13
cgioau,https://preview.redd.it/ki7gavkz1xb31.jpg?width=320&crop=smart&auto=webp&s=edf362d949b973149d2af2c6f2adbed75156a44f,404 Client Error: Not Found for url: https://preview.redd.it/ki7gavkz1xb31.jpg?width=320&crop=smart&auto=webp&s=edf362d949b973149d2af2c6f2adbed75156a44f
1pt4zb,https://external-preview.redd.it/ESPM-tTuK3werLgfWG_wBsw_trUSDNU4bI5s2jVRAgQ.png?width=108&crop=smart&auto=webp&s=6bdf4d9c8ec6b3100f803c1cf0848f49a5aee344,404 Client Error: Not Found for url: https://external-preview.redd.it/ESPM-tTuK3werLgfWG_wBsw_trUSDNU4bI5s2jVRAgQ.png?width=108&crop=smart&auto=webp&s=6bdf4d9c8ec6b3100f803c1cf0848f49a5aee344
ckol3v,https://preview.redd.it/bm6oazgcdud31.jpg?width=320&crop=smart&auto=webp&s=5df8acbbebbe529a75095266c86ea2a3dc0a28d6,404 Client Error: Not Found for url: https://preview.redd.it/bm6oazgcdud31.jpg?width=320&crop=smart&auto=webp&s=5df8acbbebbe529a75095266c86ea2a3dc0a28d6
627oo5,https://external-preview.redd.it/ESPM-tTuK3werLgfWG_wBsw_trUSDNU4bI5s2jVRAgQ.png?width=108&crop=smart&auto=webp&s=6bdf4d9c8ec6b3100f803c1cf0848f49a5aee344,404 Client Error: Not Found for url: https://external-preview.redd.it/ESPM-tTuK3werLgfWG_wBsw_trUSDNU4bI5s2jVRAgQ.png?width=108&crop=smart&auto=webp&s=6bdf4d9c8ec6b3100f803c1cf0848f49a5aee344
dk2hiw,https://preview.redd.it/270d2z5yfht31.jpg?width=320&crop=smart&auto=webp&s=3b4d5cbcee29c74b0a25deed02cb2f0e49ef06a1,404 Client Error: Not Found for url: https://preview.redd.it/270d2z5yfht31.jpg?width=320&crop=smart&auto=webp&s=3b4d5cbcee29c74b0a25deed02cb2f0e49ef06a1
b1patx,https://preview.redd.it/wyo49ilo9fm21.jpg?width=320&crop=smart&auto=webp&s=82e2be796bd2af76712b4aa4790e18c48f777ce7,404 Client Error: Not Found for url: https://preview.redd.it/wyo49ilo9fm21.jpg?width=320&crop=smart&auto=webp&s=82e2be796bd2af76712b4aa4790e18c48f777ce7
3gqveq,https://external-preview.redd.it/ESPM-tTuK3werLgfWG_wBsw_trUSDNU4bI5s2jVRAgQ.png?width=108&crop=smart&auto=webp&s=6bdf4d9c8ec6b3100f803c1cf0848f49a5aee344,404 Client Error: Not Found for url: https://external-preview.redd.it/ESPM-tTuK3werLgfWG_wBsw_trUSDNU4bI5s2jVRAgQ.png?width=108&crop=smart&auto=webp&s=6bdf4d9c8ec6b3100f803c1cf0848f49a5aee344
6mrds8,https://preview.redd.it/vef2mm2rz29z.jpg?width=320&crop=smart&auto=webp&s=196cae53fd69a56e66c9afef83f26e1d9efa0762,404 Client Error: Not Found for url: https://preview.redd.it/vef2mm2rz29z.jpg?width=320&crop=smart&auto=webp&s=196cae53fd69a56e66c9afef83f26e1d9efa0762
6l2fdd,https://preview.redd.it/dx7f3a5wsf7z.jpg?width=320&crop=smart&auto=webp&s=99ebe3e901748aa19a7f9aba314a956cc39b498f,404 Client Error: Not Found for url: https://preview.redd.it/dx7f3a5wsf7z.jpg?width=320&crop=smart&auto=webp&s=99ebe3e901748aa19a7f9aba314a956cc39b498f
bt9k24,https://preview.redd.it/2b2r0y65wk031.jpg?width=320&crop=smart&auto=webp&s=18a995fd8a690f39447eaa5e7832b9019b42a197,404 Client Error: Not Found for url: https://preview.redd.it/2b2r0y65wk031.jpg?width=320&crop=smart&auto=webp&s=18a995fd8a690f39447eaa5e7832b9019b42a197
blpzbt,https://preview.redd.it/4mr2vdlr6sw21.jpg?width=320&crop=smart&auto=webp&s=3186bdf22b4d0c6d8b7c391428d124ef5c2f37fe,404 Client Error: Not Found for url: https://preview.redd.it/4mr2vdlr6sw21.jpg?width=320&crop=smart&auto=webp&s=3186bdf22b4d0c6d8b7c391428d124ef5c2f37fe
1v5cn0,https://external-preview.redd.it/lezawYJ8x4GvQfSsuU6tfRCHWLb9-ZBIIq2k4njKNIA.jpg?width=320&crop=smart&auto=webp&s=c6b2da9a6155e478935852fe282df3be039f582c,404 Client Error: Not Found for url: https://external-preview.redd.it/lezawYJ8x4GvQfSsuU6tfRCHWLb9-ZBIIq2k4njKNIA.jpg?width=320&crop=smart&auto=webp&s=c6b2da9a6155e478935852fe282df3be039f582c
2k4hmk,https://external-preview.redd.it/KGRLxQjqnvpVnM326S_jtRwcJBMB_TbOrw5ni0n95rU.jpg?width=320&crop=smart&auto=webp&s=594bf165c577e8a0e4a66e3023e2387937661264,404 Client Error: Not Found for url: https://external-preview.redd.it/KGRLxQjqnvpVnM326S_jtRwcJBMB_TbOrw5ni0n95rU.jpg?width=320&crop=smart&auto=webp&s=594bf165c577e8a0e4a66e3023e2387937661264
9gnxb6,https://preview.redd.it/b82nhcpxxum11.jpg?width=320&crop=smart&auto=webp&s=b50408c880d11327eceec81d8dace5b5d1ae09ff,404 Client Error: Not Found for url: https://preview.redd.it/b82nhcpxxum11.jpg?width=320&crop=smart&auto=webp&s=b50408c880d11327eceec81d8dace5b5d1ae09ff
1xpinc,https://external-preview.redd.it/8UqxD-iWYUXFO3vumRq2CnzrEa7Msm777DXD635x6T0.jpg?width=320&crop=smart&auto=webp&s=55bfc1e29232a97aab892bed89870e7667ebe42d,404 Client Error: Not Found for url: https://external-preview.redd.it/8UqxD-iWYUXFO3vumRq2CnzrEa7Msm777DXD635x6T0.jpg?width=320&crop=smart&auto=webp&s=55bfc1e29232a97aab892bed89870e7667ebe42d
1ujjyd,https://external-preview.redd.it/ESPM-tTuK3werLgfWG_wBsw_trUSDNU4bI5s2jVRAgQ.png?width=108&crop=smart&auto=webp&s=6bdf4d9c8ec6b3100f803c1cf0848f49a5aee344,404 Client Error: Not Found for url: https://external-preview.redd.it/ESPM-tTuK3werLgfWG_wBsw_trUSDNU4bI5s2jVRAgQ.png?width=108&crop=smart&auto=webp&s=6bdf4d9c8ec6b3100f803c1cf0848f49a5aee344
cv5mwz,https://preview.redd.it/5h36p6shsji31.jpg?width=320&crop=smart&auto=webp&s=124acf052d6ae0255e5c1267a2cff0521665f63c,404 Client Error: Not Found for url: https://preview.redd.it/5h36p6shsji31.jpg?width=320&crop=smart&auto=webp&s=124acf052d6ae0255e5c1267a2cff0521665f63c
9elfbt,https://preview.redd.it/rhfhfeqepdl11.jpg?width=320&crop=smart&auto=webp&s=263fafa78b7f16f17e451455267500b71e298833,404 Client Error: Not Found for url: https://preview.redd.it/rhfhfeqepdl11.jpg?width=320&crop=smart&auto=webp&s=263fafa78b7f16f17e451455267500b71e298833
di3n5t,,missing image URL
1temvj,https://external-preview.redd.it/JE5v1BJsIlc2DiVs1rwqi6CLE49u9lcH1SVOoMRTF3k.jpg?width=320&crop=smart&auto=webp&s=b3d81215eab9b3b229e6ffd236587b1513734be9,404 Client Error: Not Found for url: https://external-preview.redd.it/JE5v1BJsIlc2DiVs1rwqi6CLE49u9lcH1SVOoMRTF3k.jpg?width=320&crop=smart&auto=webp&s=b3d81215eab9b3b229e6ffd236587b1513734be9
colin1c,http://i.imgur.com/lLu5LYd.jpg,"HTTPConnectionPool(host='i.imgur.com', port=80): Max retries exceeded with url: /lLu5LYd.jpg (Caused by ConnectTimeoutError(<HTTPConnection(host='i.imgur.com', port=80) at 0x175db06a8d0>, 'Connection to i.imgur.com timed out. (connect timeout=15)'))"
dcayqz,https://preview.redd.it/xeea017i15q31.jpg?width=320&crop=smart&auto=webp&s=93a604939e900438b928115e5d6210544c4f0b02,404 Client Error: Not Found for url: https://preview.redd.it/xeea017i15q31.jpg?width=320&crop=smart&auto=webp&s=93a604939e900438b928115e5d6210544c4f0b02
1lzufk,https://external-preview.redd.it/ESPM-tTuK3werLgfWG_wBsw_trUSDNU4bI5s2jVRAgQ.png?width=108&crop=smart&auto=webp&s=6bdf4d9c8ec6b3100f803c1cf0848f49a5aee344,404 Client Error: Not Found for url: https://external-preview.redd.it/ESPM-tTuK3werLgfWG_wBsw_trUSDNU4bI5s2jVRAgQ.png?width=108&crop=smart&auto=webp&s=6bdf4d9c8ec6b3100f803c1cf0848f49a5aee344
daqbwo,https://preview.redd.it/rz42bb97igp31.jpg?width=216&crop=smart&auto=webp&s=04ec1817d8769246e839652bf735fc6491f4ac64,404 Client Error: Not Found for url: https://preview.redd.it/rz42bb97igp31.jpg?width=216&crop=smart&auto=webp&s=04ec1817d8769246e839652bf735fc6491f4ac64
clccz14,http://imgur.com/VXHwazY.jpg,403 Client Error: Unknown Error for url: https://imgur.com/VXHwazY.jpg
dbx3r9a,http://imgur.com/YI6v6qV.jpg,403 Client Error: Unknown Error for url: https://imgur.com/YI6v6qV.jpg
7r1hj2,https://preview.redd.it/8t2kgoeh6na01.jpg?width=320&crop=smart&auto=webp&s=9cb8367b7b2531f54b4ceef3d92530dfc189c0b0,404 Client Error: Not Found for url: https://preview.redd.it/8t2kgoeh6na01.jpg?width=320&crop=smart&auto=webp&s=9cb8367b7b2531f54b4ceef3d92530dfc189c0b0
desgef,https://preview.redd.it/iylddr2up7r31.jpg?width=320&crop=smart&auto=webp&s=f91f8edcde01df812f680f82497f6e8a0f021601,404 Client Error: Not Found for url: https://preview.redd.it/iylddr2up7r31.jpg?width=320&crop=smart&auto=webp&s=f91f8edcde01df812f680f82497f6e8a0f021601
8ogolv,https://preview.redd.it/n6xfowmd4z111.jpg?width=320&crop=smart&auto=webp&s=5f9824fbad4c1ef1edf1cc9e36da76bf1554d1ac,404 Client Error: Not Found for url: https://preview.redd.it/n6xfowmd4z111.jpg?width=320&crop=smart&auto=webp&s=5f9824fbad4c1ef1edf1cc9e36da76bf1554d1ac
ckak16,https://preview.redd.it/e1xagdbyynd31.jpg?width=320&crop=smart&auto=webp&s=b00b0b94f5cb4d624ab50a2b03e3bfaf9446d781,404 Client Error: Not Found for url: https://preview.redd.it/e1xagdbyynd31.jpg?width=320&crop=smart&auto=webp&s=b00b0b94f5cb4d624ab50a2b03e3bfaf9446d781
cz83y4,https://preview.redd.it/6h41z5ro0fk31.jpg?width=320&crop=smart&auto=webp&s=03a5a6bf27b6130c30c93b09b42d64956a4a8a66,404 Client Error: Not Found for url: https://preview.redd.it/6h41z5ro0fk31.jpg?width=320&crop=smart&auto=webp&s=03a5a6bf27b6130c30c93b09b42d64956a4a8a66
bb7l4s,https://preview.redd.it/z58zzmvyj8r21.jpg?width=320&crop=smart&auto=webp&s=43cda65c9dafd45ff0f9d34f86b4d36ef68a85a6,404 Client Error: Not Found for url: https://preview.redd.it/z58zzmvyj8r21.jpg?width=320&crop=smart&auto=webp&s=43cda65c9dafd45ff0f9d34f86b4d36ef68a85a6
cxhss8e,http://imgur.com/DrhyJHn.jpg,403 Client Error: Unknown Error for url: https://imgur.com/DrhyJHn.jpg
auo9r2,https://preview.redd.it/bnm92djh9ri21.jpg?width=320&crop=smart&auto=webp&s=b0b3e3580532bf31924348cfeef91dba94b9a5e0,404 Client Error: Not Found for url: https://preview.redd.it/bnm92djh9ri21.jpg?width=320&crop=smart&auto=webp&s=b0b3e3580532bf31924348cfeef91dba94b9a5e0
d6gbzy6,http://imgur.com/5WoGcbp.jpg,403 Client Error: Unknown Error for url: https://imgur.com/5WoGcbp.jpg
6ey2z3,https://preview.redd.it/9aiir434lb1z.jpg?width=320&crop=smart&auto=webp&s=513d4a9a65034c77ad8b79a270247fa86e457b8a,404 Client Error: Not Found for url: https://preview.redd.it/9aiir434lb1z.jpg?width=320&crop=smart&auto=webp&s=513d4a9a65034c77ad8b79a270247fa86e457b8a
bkso0m,https://preview.redd.it/hatmmeu2xaw21.jpg?width=320&crop=smart&auto=webp&s=47588c512a8b384e8ded3c16af88d7defce2fa21,404 Client Error: Not Found for url: https://preview.redd.it/hatmmeu2xaw21.jpg?width=320&crop=smart&auto=webp&s=47588c512a8b384e8ded3c16af88d7defce2fa21
5z83xl,https://preview.redd.it/og7d73mb09ly.jpg?width=320&crop=smart&auto=webp&s=0a7acec0333fb745a59b8a92127e4ea8a16334e2,404 Client Error: Not Found for url: https://preview.redd.it/og7d73mb09ly.jpg?width=320&crop=smart&auto=webp&s=0a7acec0333fb745a59b8a92127e4ea8a16334e2
aub7yj,https://preview.redd.it/i5lokmqwdki21.jpg?width=320&crop=smart&auto=webp&s=9bcb651d6fb939227a7cbe20e384c1e56ddd13e8,404 Client Error: Not Found for url: https://preview.redd.it/i5lokmqwdki21.jpg?width=320&crop=smart&auto=webp&s=9bcb651d6fb939227a7cbe20e384c1e56ddd13e8
51mij9,https://external-preview.redd.it/p3LeiM48jenBIuVsqq8MGxPQUkzAzuWF89nU4oBLPyE.jpg?width=320&crop=smart&auto=webp&s=075cf04294fae34a93c1048fa13ba96140f03bbd,404 Client Error: Not Found for url: https://external-preview.redd.it/p3LeiM48jenBIuVsqq8MGxPQUkzAzuWF89nU4oBLPyE.jpg?width=320&crop=smart&auto=webp&s=075cf04294fae34a93c1048fa13ba96140f03bbd
bos0ra,https://preview.redd.it/t79afwt9bay21.jpg?width=320&crop=smart&auto=webp&s=1d119dd26c44d2fc788fdb90ce2d040fba3a2d41,404 Client Error: Not Found for url: https://preview.redd.it/t79afwt9bay21.jpg?width=320&crop=smart&auto=webp&s=1d119dd26c44d2fc788fdb90ce2d040fba3a2d41
c0q5x9,https://preview.redd.it/49eseqmoee431.jpg?width=320&crop=smart&auto=webp&s=add4539b00195adc8096bda260cac17efac400dd,404 Client Error: Not Found for url: https://preview.redd.it/49eseqmoee431.jpg?width=320&crop=smart&auto=webp&s=add4539b00195adc8096bda260cac17efac400dd
awwjxh,https://preview.redd.it/qaohjotq1yj21.jpg?width=320&crop=smart&auto=webp&s=e9973fd67ba438aa0d131048209bf953c0dc3d9d,404 Client Error: Not Found for url: https://preview.redd.it/qaohjotq1yj21.jpg?width=320&crop=smart&auto=webp&s=e9973fd67ba438aa0d131048209bf953c0dc3d9d
cj2es9,https://preview.redd.it/ydw9onrne4d31.jpg?width=320&crop=smart&auto=webp&s=5a58ed6e1e1d60688b0769babb0a41aff87f0527,404 Client Error: Not Found for url: https://preview.redd.it/ydw9onrne4d31.jpg?width=320&crop=smart&auto=webp&s=5a58ed6e1e1d60688b0769babb0a41aff87f0527
bnur0h,https://preview.redd.it/dsd3y5i9rux21.jpg?width=320&crop=smart&auto=webp&s=b7604366534c8eec7b04a73a6d547e4b02ab6f0d,404 Client Error: Not Found for url: https://preview.redd.it/dsd3y5i9rux21.jpg?width=320&crop=smart&auto=webp&s=b7604366534c8eec7b04a73a6d547e4b02ab6f0d
b0crys,https://preview.redd.it/m14pozcn1rl21.jpg?width=320&crop=smart&auto=webp&s=4c25190b15632f1cadb013d2818f04cab77c83d4,404 Client Error: Not Found for url: https://preview.redd.it/m14pozcn1rl21.jpg?width=320&crop=smart&auto=webp&s=4c25190b15632f1cadb013d2818f04cab77c83d4
bknp47,https://preview.redd.it/1ybfqzore8w21.jpg?width=320&crop=smart&auto=webp&s=8370901fb139f1b442a86b59019354cc84524434,404 Client Error: Not Found for url: https://preview.redd.it/1ybfqzore8w21.jpg?width=320&crop=smart&auto=webp&s=8370901fb139f1b442a86b59019354cc84524434
cz7tfc,https://preview.redd.it/3tdf3m72xek31.jpg?width=320&crop=smart&auto=webp&s=9a06002e515b97ead0f1ee1ff270543c4358fc51,404 Client Error: Not Found for url: https://preview.redd.it/3tdf3m72xek31.jpg?width=320&crop=smart&auto=webp&s=9a06002e515b97ead0f1ee1ff270543c4358fc51
boefm9,https://preview.redd.it/vofbcoy904y21.jpg?width=320&crop=smart&auto=webp&s=8c6a7b9f647d529623ddd924de51c648a6de7862,404 Client Error: Not Found for url: https://preview.redd.it/vofbcoy904y21.jpg?width=320&crop=smart&auto=webp&s=8c6a7b9f647d529623ddd924de51c648a6de7862
912qcj,https://preview.redd.it/rexcfeneklb11.jpg?width=320&crop=smart&auto=webp&s=49b065ae57cd2acfe8fdf70c67c22fe703159dac,404 Client Error: Not Found for url: https://preview.redd.it/rexcfeneklb11.jpg?width=320&crop=smart&auto=webp&s=49b065ae57cd2acfe8fdf70c67c22fe703159dac
3cdslj,https://external-preview.redd.it/ESPM-tTuK3werLgfWG_wBsw_trUSDNU4bI5s2jVRAgQ.png?width=108&crop=smart&auto=webp&s=6bdf4d9c8ec6b3100f803c1cf0848f49a5aee344,404 Client Error: Not Found for url: https://external-preview.redd.it/ESPM-tTuK3werLgfWG_wBsw_trUSDNU4bI5s2jVRAgQ.png?width=108&crop=smart&auto=webp&s=6bdf4d9c8ec6b3100f803c1cf0848f49a5aee344
2ohz6e,https://external-preview.redd.it/JE5v1BJsIlc2DiVs1rwqi6CLE49u9lcH1SVOoMRTF3k.jpg?width=320&crop=smart&auto=webp&s=b3d81215eab9b3b229e6ffd236587b1513734be9,404 Client Error: Not Found for url: https://external-preview.redd.it/JE5v1BJsIlc2DiVs1rwqi6CLE49u9lcH1SVOoMRTF3k.jpg?width=320&crop=smart&auto=webp&s=b3d81215eab9b3b229e6ffd236587b1513734be9
dtzzwkb,https://imgur.com/PemD5Uu.jpg,403 Client Error: Unknown Error for url: https://imgur.com/PemD5Uu.jpg
cmilnm,,missing image URL
clrqqq5,http://imgur.com/5QReTTa%2ejpg,403 Client Error: Unknown Error for url: https://imgur.com/5QReTTa.jpg
c7gg5d8,http://i46.tinypic.com/11gk4go.jpg,"HTTPConnectionPool(host='i46.tinypic.com', port=80): Max retries exceeded with url: /11gk4go.jpg (Caused by NameResolutionError(""HTTPConnection(host='i46.tinypic.com', port=80): Failed to resolve 'i46.tinypic.com' ([Errno 11001] getaddrinfo failed)""))"
bytisd,https://preview.redd.it/ir7o0mvnjg331.jpg?width=320&crop=smart&auto=webp&s=c7457db6406db19233f9677dd5e0d4b6ae4630ba,404 Client Error: Not Found for url: https://preview.redd.it/ir7o0mvnjg331.jpg?width=320&crop=smart&auto=webp&s=c7457db6406db19233f9677dd5e0d4b6ae4630ba
1izy1u,https://external-preview.redd.it/lezawYJ8x4GvQfSsuU6tfRCHWLb9-ZBIIq2k4njKNIA.jpg?width=320&crop=smart&auto=webp&s=c6b2da9a6155e478935852fe282df3be039f582c,404 Client Error: Not Found for url: https://external-preview.redd.it/lezawYJ8x4GvQfSsuU6tfRCHWLb9-ZBIIq2k4njKNIA.jpg?width=320&crop=smart&auto=webp&s=c6b2da9a6155e478935852fe282df3be039f582c
arzeuw,https://preview.redd.it/6uhcatqe0dh21.jpg?width=320&crop=smart&auto=webp&s=feadb098eb5ff4996f037424407c76f80e6ad2b9,404 Client Error: Not Found for url: https://preview.redd.it/6uhcatqe0dh21.jpg?width=320&crop=smart&auto=webp&s=feadb098eb5ff4996f037424407c76f80e6ad2b9
c0pebd,https://preview.redd.it/sjko2ihp1e431.jpg?width=320&crop=smart&auto=webp&s=7d0fba096921a421dc90c3c0823fa35135f73baf,404 Client Error: Not Found for url: https://preview.redd.it/sjko2ihp1e431.jpg?width=320&crop=smart&auto=webp&s=7d0fba096921a421dc90c3c0823fa35135f73baf
5qgu9f,https://external-preview.redd.it/ESPM-tTuK3werLgfWG_wBsw_trUSDNU4bI5s2jVRAgQ.png?width=108&crop=smart&auto=webp&s=6bdf4d9c8ec6b3100f803c1cf0848f49a5aee344,404 Client Error: Not Found for url: https://external-preview.redd.it/ESPM-tTuK3werLgfWG_wBsw_trUSDNU4bI5s2jVRAgQ.png?width=108&crop=smart&auto=webp&s=6bdf4d9c8ec6b3100f803c1cf0848f49a5aee344
9j1sha,https://preview.redd.it/ryudk2h5nko11.jpg?width=320&crop=smart&auto=webp&s=7109b1f0b1e40c1ac61f37f3f9701998a0a35a69,404 Client Error: Not Found for url: https://preview.redd.it/ryudk2h5nko11.jpg?width=320&crop=smart&auto=webp&s=7109b1f0b1e40c1ac61f37f3f9701998a0a35a69
bl3br4,https://preview.redd.it/uwzjtwy1ogw21.jpg?width=320&crop=smart&auto=webp&s=17de7894c113a1649ac32352879305540e442c2f,404 Client Error: Not Found for url: https://preview.redd.it/uwzjtwy1ogw21.jpg?width=320&crop=smart&auto=webp&s=17de7894c113a1649ac32352879305540e442c2f
6mhj0f,https://preview.redd.it/ekb99q9e0u8z.jpg?width=320&crop=smart&auto=webp&s=335d04e6363cf92a9cd73f8b6d795754c4a518ce,404 Client Error: Not Found for url: https://preview.redd.it/ekb99q9e0u8z.jpg?width=320&crop=smart&auto=webp&s=335d04e6363cf92a9cd73f8b6d795754c4a518ce
b8e7pk,https://preview.redd.it/9gaswp3mzrp21.jpg?width=320&crop=smart&auto=webp&s=b4a1200ba0c6ccf605328d389c4ba0b5f5ac6f11,404 Client Error: Not Found for url: https://preview.redd.it/9gaswp3mzrp21.jpg?width=320&crop=smart&auto=webp&s=b4a1200ba0c6ccf605328d389c4ba0b5f5ac6f11
csv32i,https://preview.redd.it/mmjgcsc4gkh31.jpg?width=320&crop=smart&auto=webp&s=5fd3ce586261521acd84072cf30d2e0a87133e55,404 Client Error: Not Found for url: https://preview.redd.it/mmjgcsc4gkh31.jpg?width=320&crop=smart&auto=webp&s=5fd3ce586261521acd84072cf30d2e0a87133e55
cbxrl7r,http://imgur.com/WZHcRJB.jpg,403 Client Error: Unknown Error for url: https://imgur.com/WZHcRJB.jpg
cif7ws,,missing image URL
9i9u17,https://preview.redd.it/uxutz2uvp0o11.jpg?width=320&crop=smart&auto=webp&s=f1a463d08471c6d6aa312579bf81615108e040a0,404 Client Error: Not Found for url: https://preview.redd.it/uxutz2uvp0o11.jpg?width=320&crop=smart&auto=webp&s=f1a463d08471c6d6aa312579bf81615108e040a0
d4zuck0,http://imgur.com/AZWYdm8.jpg,403 Client Error: Unknown Error for url: https://imgur.com/AZWYdm8.jpg
byob6z,https://preview.redd.it/hqzvg2eoyd331.jpg?width=320&crop=smart&auto=webp&s=f2c33d76bcb9cea06943a72cd3fb47a2cf9f06e2,404 Client Error: Not Found for url: https://preview.redd.it/hqzvg2eoyd331.jpg?width=320&crop=smart&auto=webp&s=f2c33d76bcb9cea06943a72cd3fb47a2cf9f06e2
cecabt,https://preview.redd.it/tt23nnfizua31.jpg?width=320&crop=smart&auto=webp&s=52f86afa3005a9dfea722eea592659885a109d8f,404 Client Error: Not Found for url: https://preview.redd.it/tt23nnfizua31.jpg?width=320&crop=smart&auto=webp&s=52f86afa3005a9dfea722eea592659885a109d8f
b7sga4,https://preview.redd.it/wr05g4numip21.jpg?width=320&crop=smart&auto=webp&s=8306a51d404f3a317528e0e17e0e0ba84a16bd92,404 Client Error: Not Found for url: https://preview.redd.it/wr05g4numip21.jpg?width=320&crop=smart&auto=webp&s=8306a51d404f3a317528e0e17e0e0ba84a16bd92
bnmmg9,https://preview.redd.it/pnqqaq4tyjx21.jpg?width=320&crop=smart&auto=webp&s=5009c5a860b5f19e159998d4f19fbb65f7c8f9bb,404 Client Error: Not Found for url: https://preview.redd.it/pnqqaq4tyjx21.jpg?width=320&crop=smart&auto=webp&s=5009c5a860b5f19e159998d4f19fbb65f7c8f9bb
cyvtjh,https://preview.redd.it/ljgtfs4m79k31.jpg?width=320&crop=smart&auto=webp&s=7f25505aa1c2863b9e997e92cf0f735e8a1add9d,404 Client Error: Not Found for url: https://preview.redd.it/ljgtfs4m79k31.jpg?width=320&crop=smart&auto=webp&s=7f25505aa1c2863b9e997e92cf0f735e8a1add9d
cq4699,https://preview.redd.it/ep02j52n4cg31.jpg?width=320&crop=smart&auto=webp&s=5b4463c46e83dfd010f91474371468537ec675ba,404 Client Error: Not Found for url: https://preview.redd.it/ep02j52n4cg31.jpg?width=320&crop=smart&auto=webp&s=5b4463c46e83dfd010f91474371468537ec675ba
8imjzn,https://external-preview.redd.it/_dQGoYjkTtA0_PoAYIeh0iiwJTQbBEP1OPzP-7nNLP0.jpg?width=320&crop=smart&auto=webp&s=19974174f0893c548a6d1b7eb236658e8bae981a,404 Client Error: Not Found for url: https://external-preview.redd.it/_dQGoYjkTtA0_PoAYIeh0iiwJTQbBEP1OPzP-7nNLP0.jpg?width=320&crop=smart&auto=webp&s=19974174f0893c548a6d1b7eb236658e8bae981a
cmjj51,https://preview.redd.it/ictywwd95qe31.jpg?width=320&crop=smart&auto=webp&s=09918d682f7795c82baa4085951e536207362d52,404 Client Error: Not Found for url: https://preview.redd.it/ictywwd95qe31.jpg?width=320&crop=smart&auto=webp&s=09918d682f7795c82baa4085951e536207362d52
1ki144,https://external-preview.redd.it/ESPM-tTuK3werLgfWG_wBsw_trUSDNU4bI5s2jVRAgQ.png?width=108&crop=smart&auto=webp&s=6bdf4d9c8ec6b3100f803c1cf0848f49a5aee344,404 Client Error: Not Found for url: https://external-preview.redd.it/ESPM-tTuK3werLgfWG_wBsw_trUSDNU4bI5s2jVRAgQ.png?width=108&crop=smart&auto=webp&s=6bdf4d9c8ec6b3100f803c1cf0848f49a5aee344
4tfwk2,https://external-preview.redd.it/ESPM-tTuK3werLgfWG_wBsw_trUSDNU4bI5s2jVRAgQ.png?width=108&crop=smart&auto=webp&s=6bdf4d9c8ec6b3100f803c1cf0848f49a5aee344,404 Client Error: Not Found for url: https://external-preview.redd.it/ESPM-tTuK3werLgfWG_wBsw_trUSDNU4bI5s2jVRAgQ.png?width=108&crop=smart&auto=webp&s=6bdf4d9c8ec6b3100f803c1cf0848f49a5aee344
96idud,https://preview.redd.it/86dtzof94if11.jpg?width=320&crop=smart&auto=webp&s=ac1f3deb07d92e437cb7cbb241436c74c6fef4dc,404 Client Error: Not Found for url: https://preview.redd.it/86dtzof94if11.jpg?width=320&crop=smart&auto=webp&s=ac1f3deb07d92e437cb7cbb241436c74c6fef4dc
3t0jws,https://external-preview.redd.it/ESPM-tTuK3werLgfWG_wBsw_trUSDNU4bI5s2jVRAgQ.png?width=108&crop=smart&auto=webp&s=6bdf4d9c8ec6b3100f803c1cf0848f49a5aee344,404 Client Error: Not Found for url: https://external-preview.redd.it/ESPM-tTuK3werLgfWG_wBsw_trUSDNU4bI5s2jVRAgQ.png?width=108&crop=smart&auto=webp&s=6bdf4d9c8ec6b3100f803c1cf0848f49a5aee344
91zda5,https://preview.redd.it/6xl7o5qb68c11.jpg?width=320&crop=smart&auto=webp&s=b4b7441bbb8e91a481e8a12782a23219c358fb51,404 Client Error: Not Found for url: https://preview.redd.it/6xl7o5qb68c11.jpg?width=320&crop=smart&auto=webp&s=b4b7441bbb8e91a481e8a12782a23219c358fb51
cm8ji6,https://preview.redd.it/ygmdt9jahle31.jpg?width=320&crop=smart&auto=webp&s=d998d3e4a5c7d1d6a84dc82f4dc3a86728a9e88a,404 Client Error: Not Found for url: https://preview.redd.it/ygmdt9jahle31.jpg?width=320&crop=smart&auto=webp&s=d998d3e4a5c7d1d6a84dc82f4dc3a86728a9e88a
8563kt,https://preview.redd.it/rs8mkiw2mdm01.jpg?width=320&crop=smart&auto=webp&s=bc26e3ee2beedda6f3afe8e6bc9e7f84bd4c902b,404 Client Error: Not Found for url: https://preview.redd.it/rs8mkiw2mdm01.jpg?width=320&crop=smart&auto=webp&s=bc26e3ee2beedda6f3afe8e6bc9e7f84bd4c902b
d278bs,https://preview.redd.it/7z8fyum1mrl31.jpg?width=320&crop=smart&auto=webp&s=e7e23ea33d76ffdf488639b67e233545ef6268d0,404 Client Error: Not Found for url: https://preview.redd.it/7z8fyum1mrl31.jpg?width=320&crop=smart&auto=webp&s=e7e23ea33d76ffdf488639b67e233545ef6268d0
coce3n,https://preview.redd.it/vpx3gygpajf31.jpg?width=320&crop=smart&auto=webp&s=eec7100a888a2a15fe4ae8ba2198f1b8b1c4ef9d,404 Client Error: Not Found for url: https://preview.redd.it/vpx3gygpajf31.jpg?width=320&crop=smart&auto=webp&s=eec7100a888a2a15fe4ae8ba2198f1b8b1c4ef9d
2q8oim,https://external-preview.redd.it/ESPM-tTuK3werLgfWG_wBsw_trUSDNU4bI5s2jVRAgQ.png?width=108&crop=smart&auto=webp&s=6bdf4d9c8ec6b3100f803c1cf0848f49a5aee344,404 Client Error: Not Found for url: https://external-preview.redd.it/ESPM-tTuK3werLgfWG_wBsw_trUSDNU4bI5s2jVRAgQ.png?width=108&crop=smart&auto=webp&s=6bdf4d9c8ec6b3100f803c1cf0848f49a5aee344
261h4d,https://external-preview.redd.it/ESPM-tTuK3werLgfWG_wBsw_trUSDNU4bI5s2jVRAgQ.png?width=108&crop=smart&auto=webp&s=6bdf4d9c8ec6b3100f803c1cf0848f49a5aee344,404 Client Error: Not Found for url: https://external-preview.redd.it/ESPM-tTuK3werLgfWG_wBsw_trUSDNU4bI5s2jVRAgQ.png?width=108&crop=smart&auto=webp&s=6bdf4d9c8ec6b3100f803c1cf0848f49a5aee344
5uanfn,https://external-preview.redd.it/8b434clq9uim2iXVEnE1kWvk8WJ63p3qFw9BQtB-JPw.jpg?width=320&crop=smart&auto=webp&s=8cd87f4ac17fcb7f8e0f8fd46f15ce6aa27f3ae6,404 Client Error: Not Found for url: https://external-preview.redd.it/8b434clq9uim2iXVEnE1kWvk8WJ63p3qFw9BQtB-JPw.jpg?width=320&crop=smart&auto=webp&s=8cd87f4ac17fcb7f8e0f8fd46f15ce6aa27f3ae6
bx0if1,https://preview.redd.it/r6mexa8d8i231.jpg?width=320&crop=smart&auto=webp&s=6a193ce71a3cc59e45834074321b4aa10c95ba77,404 Client Error: Not Found for url: https://preview.redd.it/r6mexa8d8i231.jpg?width=320&crop=smart&auto=webp&s=6a193ce71a3cc59e45834074321b4aa10c95ba77
d4tm0us,http://imgur.com/Jk2JZyk.jpg,403 Client Error: Unknown Error for url: https://imgur.com/Jk2JZyk.jpg
ce3ux2j,http://imgur.com/8dFI8cU%2ejpg,403 Client Error: Unknown Error for url: https://imgur.com/8dFI8cU.jpg
aub9a4,https://preview.redd.it/edfxy6qheki21.jpg?width=320&crop=smart&auto=webp&s=643d84a97f87b2f30139a1d4a4aa74911feb2412,404 Client Error: Not Found for url: https://preview.redd.it/edfxy6qheki21.jpg?width=320&crop=smart&auto=webp&s=643d84a97f87b2f30139a1d4a4aa74911feb2412
941imj,https://preview.redd.it/fesq9eezwpd11.jpg?width=320&crop=smart&auto=webp&s=6cbbaf77450a89320c9ad97f93ac7aa097709e7f,404 Client Error: Not Found for url: https://preview.redd.it/fesq9eezwpd11.jpg?width=320&crop=smart&auto=webp&s=6cbbaf77450a89320c9ad97f93ac7aa097709e7f
2ws3p3,https://external-preview.redd.it/ESPM-tTuK3werLgfWG_wBsw_trUSDNU4bI5s2jVRAgQ.png?width=108&crop=smart&auto=webp&s=6bdf4d9c8ec6b3100f803c1cf0848f49a5aee344,404 Client Error: Not Found for url: https://external-preview.redd.it/ESPM-tTuK3werLgfWG_wBsw_trUSDNU4bI5s2jVRAgQ.png?width=108&crop=smart&auto=webp&s=6bdf4d9c8ec6b3100f803c1cf0848f49a5aee344
csi4fg4,http://imgur.com/yAI75cO.jpg,403 Client Error: Unknown Error for url: https://imgur.com/yAI75cO.jpg
chrrih,https://preview.redd.it/fh6100u8whc31.jpg?width=320&crop=smart&auto=webp&s=15d33abba40891ddd9691e3317f6e0fcfe2f4208,404 Client Error: Not Found for url: https://preview.redd.it/fh6100u8whc31.jpg?width=320&crop=smart&auto=webp&s=15d33abba40891ddd9691e3317f6e0fcfe2f4208
bwcwin,https://preview.redd.it/7fvgq4i286231.jpg?width=320&crop=smart&auto=webp&s=15b5f066752168313b90a3ccd3b13334819abbc1,404 Client Error: Not Found for url: https://preview.redd.it/7fvgq4i286231.jpg?width=320&crop=smart&auto=webp&s=15b5f066752168313b90a3ccd3b13334819abbc1
9gz6t9,,missing image URL
d4jjji,https://external-preview.redd.it/ESPM-tTuK3werLgfWG_wBsw_trUSDNU4bI5s2jVRAgQ.png?width=108&crop=smart&auto=webp&s=6bdf4d9c8ec6b3100f803c1cf0848f49a5aee344,404 Client Error: Not Found for url: https://external-preview.redd.it/ESPM-tTuK3werLgfWG_wBsw_trUSDNU4bI5s2jVRAgQ.png?width=108&crop=smart&auto=webp&s=6bdf4d9c8ec6b3100f803c1cf0848f49a5aee344
yfuif,https://external-preview.redd.it/U1OMyRI2PpvNiK6W6jC9pn6--1DOqi8Y9vvLy0M3QqE.png?width=320&crop=smart&auto=webp&s=e7a2606ccf324443f59a9975e8b231cae249a355,404 Client Error: Not Found for url: https://external-preview.redd.it/U1OMyRI2PpvNiK6W6jC9pn6--1DOqi8Y9vvLy0M3QqE.png?width=320&crop=smart&auto=webp&s=e7a2606ccf324443f59a9975e8b231cae249a355
c7j3awn,http://i48.tinypic.com/111sacg.jpg,"HTTPConnectionPool(host='i48.tinypic.com', port=80): Max retries exceeded with url: /111sacg.jpg (Caused by NameResolutionError(""HTTPConnection(host='i48.tinypic.com', port=80): Failed to resolve 'i48.tinypic.com' ([Errno 11001] getaddrinfo failed)""))"
dkneos,https://preview.redd.it/s81yxp5omqt31.jpg?width=320&crop=smart&auto=webp&s=8e18191c161d50f162e6d6f80ced3c142ecf305c,404 Client Error: Not Found for url: https://preview.redd.it/s81yxp5omqt31.jpg?width=320&crop=smart&auto=webp&s=8e18191c161d50f162e6d6f80ced3c142ecf305c
9fxi61,https://preview.redd.it/dj92wsubxam11.jpg?width=320&crop=smart&auto=webp&s=74d87fcb47353668f674e7f14b38f5b5de9a8545,404 Client Error: Not Found for url: https://preview.redd.it/dj92wsubxam11.jpg?width=320&crop=smart&auto=webp&s=74d87fcb47353668f674e7f14b38f5b5de9a8545
djf7h5,https://preview.redd.it/be6djsjbz6t31.jpg?width=320&crop=smart&auto=webp&s=4e267ba7941e034262479682525e3c75b0d00607,404 Client Error: Not Found for url: https://preview.redd.it/be6djsjbz6t31.jpg?width=320&crop=smart&auto=webp&s=4e267ba7941e034262479682525e3c75b0d00607
90l4yy,https://preview.redd.it/tpcbclsw07b11.jpg?width=320&crop=smart&auto=webp&s=72a2249b47980079884846b6b2c5600ba54b1717,404 Client Error: Not Found for url: https://preview.redd.it/tpcbclsw07b11.jpg?width=320&crop=smart&auto=webp&s=72a2249b47980079884846b6b2c5600ba54b1717
bhghlr,https://preview.redd.it/z22n51kdfiu21.jpg?width=320&crop=smart&auto=webp&s=be18216b308c29691b8b2c970a93c7fb08a4640c,404 Client Error: Not Found for url: https://preview.redd.it/z22n51kdfiu21.jpg?width=320&crop=smart&auto=webp&s=be18216b308c29691b8b2c970a93c7fb08a4640c
cgm1vet,http://m.imgur.com/Z0kCfCb%2ejpg,403 Client Error: Unknown Error for url: https://imgur.com/Z0kCfCb.jpg
3jcy0f,https://external-preview.redd.it/ESPM-tTuK3werLgfWG_wBsw_trUSDNU4bI5s2jVRAgQ.png?width=108&crop=smart&auto=webp&s=6bdf4d9c8ec6b3100f803c1cf0848f49a5aee344,404 Client Error: Not Found for url: https://external-preview.redd.it/ESPM-tTuK3werLgfWG_wBsw_trUSDNU4bI5s2jVRAgQ.png?width=108&crop=smart&auto=webp&s=6bdf4d9c8ec6b3100f803c1cf0848f49a5aee344
bnes8w,https://preview.redd.it/u2vd4iu2dmx21.jpg?width=320&crop=smart&auto=webp&s=091fb6acc3f1d9308c9c4b65b54456b345ecddd3,404 Client Error: Not Found for url: https://preview.redd.it/u2vd4iu2dmx21.jpg?width=320&crop=smart&auto=webp&s=091fb6acc3f1d9308c9c4b65b54456b345ecddd3
c3shbh,https://preview.redd.it/tsqnljlp1y531.jpg?width=320&crop=smart&auto=webp&s=8a0c48a37309640977bdd5f1441620cbeee30d44,404 Client Error: Not Found for url: https://preview.redd.it/tsqnljlp1y531.jpg?width=320&crop=smart&auto=webp&s=8a0c48a37309640977bdd5f1441620cbeee30d44
c757kg,https://external-preview.redd.it/iPEWVLG8v3VmacBbb3322tHdOPByroNU-e-5fRl8qjY.jpg?width=216&crop=smart&auto=webp&s=64c1f6c0337c810084a3ad5e777cd3aea89f89f1,404 Client Error: Not Found for url: https://external-preview.redd.it/iPEWVLG8v3VmacBbb3322tHdOPByroNU-e-5fRl8qjY.jpg?width=216&crop=smart&auto=webp&s=64c1f6c0337c810084a3ad5e777cd3aea89f89f1
9f605l,https://preview.redd.it/lkiwvygytrl11.jpg?width=320&crop=smart&auto=webp&s=9f53cfc2e3830a35490a6c8e103b7dcf8f573514,404 Client Error: Not Found for url: https://preview.redd.it/lkiwvygytrl11.jpg?width=320&crop=smart&auto=webp&s=9f53cfc2e3830a35490a6c8e103b7dcf8f573514
cx7ht6v,http://imgur.com/fGNSxb4.jpg,403 Client Error: Unknown Error for url: https://imgur.com/fGNSxb4.jpg
avdg4v,https://preview.redd.it/50nu8de444j21.jpg?width=320&crop=smart&auto=webp&s=f67f5aab2c9ed8aaf53af26cb1260bdab16bdce6,404 Client Error: Not Found for url: https://preview.redd.it/50nu8de444j21.jpg?width=320&crop=smart&auto=webp&s=f67f5aab2c9ed8aaf53af26cb1260bdab16bdce6
cyy55fx,http://img.gamefaqs.net/box/8/4/0/3840_front.jpg,"HTTPConnectionPool(host='img.gamefaqs.net', port=80): Max retries exceeded with url: /box/8/4/0/3840_front.jpg (Caused by NameResolutionError(""HTTPConnection(host='img.gamefaqs.net', port=80): Failed to resolve 'img.gamefaqs.net' ([Errno 11001] getaddrinfo failed)""))"
9ijb8h,https://preview.redd.it/0kcpkz5uo7o11.jpg?width=320&crop=smart&auto=webp&s=f1c8a84d20a8e0de5f9ac0e4d8ee75ea2156bff5,404 Client Error: Not Found for url: https://preview.redd.it/0kcpkz5uo7o11.jpg?width=320&crop=smart&auto=webp&s=f1c8a84d20a8e0de5f9ac0e4d8ee75ea2156bff5
9j3avo,https://preview.redd.it/2lylgkhollo11.jpg?width=320&crop=smart&auto=webp&s=bee2d78cdcdba906c471d22cec712d5d65c6e851,404 Client Error: Not Found for url: https://preview.redd.it/2lylgkhollo11.jpg?width=320&crop=smart&auto=webp&s=bee2d78cdcdba906c471d22cec712d5d65c6e851
d5fn9v,https://preview.redd.it/v1ewj0g945n31.jpg?width=320&crop=smart&auto=webp&s=727639059157173e6d4fcd78c433ea91d697de77,404 Client Error: Not Found for url: https://preview.redd.it/v1ewj0g945n31.jpg?width=320&crop=smart&auto=webp&s=727639059157173e6d4fcd78c433ea91d697de77
btzu4x,https://preview.redd.it/kwpje7nhby031.jpg?width=320&crop=smart&auto=webp&s=a3e1d0525b7b14556cf0a9422332aebbf4bfa2a6,404 Client Error: Not Found for url: https://preview.redd.it/kwpje7nhby031.jpg?width=320&crop=smart&auto=webp&s=a3e1d0525b7b14556cf0a9422332aebbf4bfa2a6
dbaf0g,,missing image URL
byyn6j,https://preview.redd.it/beu7fu8ijj331.jpg?width=320&crop=smart&auto=webp&s=a7559dd5f8ca23cfd3886ccaa0113268dfa71ec1,404 Client Error: Not Found for url: https://preview.redd.it/beu7fu8ijj331.jpg?width=320&crop=smart&auto=webp&s=a7559dd5f8ca23cfd3886ccaa0113268dfa71ec1
cixjdz,https://preview.redd.it/98mrsxpfh2d31.jpg?width=320&crop=smart&auto=webp&s=ff1b4bf32cea689003cdf5a3febb3e1a2d69b628,404 Client Error: Not Found for url: https://preview.redd.it/98mrsxpfh2d31.jpg?width=320&crop=smart&auto=webp&s=ff1b4bf32cea689003cdf5a3febb3e1a2d69b628
cly7euz,http://imgur.com/yFEt8R8%2ejpg,403 Client Error: Unknown Error for url: https://imgur.com/yFEt8R8.jpg
bzh3pf,https://preview.redd.it/o8b8xii04s331.jpg?width=320&crop=smart&auto=webp&s=8cb275205773c027ba45bd990c6d14ae006ba6b2,404 Client Error: Not Found for url: https://preview.redd.it/o8b8xii04s331.jpg?width=320&crop=smart&auto=webp&s=8cb275205773c027ba45bd990c6d14ae006ba6b2
2smi59,https://external-preview.redd.it/ESPM-tTuK3werLgfWG_wBsw_trUSDNU4bI5s2jVRAgQ.png?width=108&crop=smart&auto=webp&s=6bdf4d9c8ec6b3100f803c1cf0848f49a5aee344,404 Client Error: Not Found for url: https://external-preview.redd.it/ESPM-tTuK3werLgfWG_wBsw_trUSDNU4bI5s2jVRAgQ.png?width=108&crop=smart&auto=webp&s=6bdf4d9c8ec6b3100f803c1cf0848f49a5aee344
d4p3vi,https://preview.redd.it/9oobhvi46tm31.jpg?width=320&crop=smart&auto=webp&s=f946905c37cb4821056960463e1b8433debe2ce0,404 Client Error: Not Found for url: https://preview.redd.it/9oobhvi46tm31.jpg?width=320&crop=smart&auto=webp&s=f946905c37cb4821056960463e1b8433debe2ce0
dd2hg1,https://preview.redd.it/fxxb5z6mcgq31.jpg?width=320&crop=smart&auto=webp&s=37b1bc3443368852a6578fb958da45eced31ba70,404 Client Error: Not Found for url: https://preview.redd.it/fxxb5z6mcgq31.jpg?width=320&crop=smart&auto=webp&s=37b1bc3443368852a6578fb958da45eced31ba70
c6lss2,https://preview.redd.it/qi7ktzjbc4731.jpg?width=320&crop=smart&auto=webp&s=6addc67f5bf45d823400880c8ba3ba5f99e94f99,404 Client Error: Not Found for url: https://preview.redd.it/qi7ktzjbc4731.jpg?width=320&crop=smart&auto=webp&s=6addc67f5bf45d823400880c8ba3ba5f99e94f99
1uusy9,https://external-preview.redd.it/TpYwgZl_YAu-BVWDwCP4lSt8o3uqYqsdOLy4qm3_zjw.jpg?width=320&crop=smart&auto=webp&s=9c5b27e1b5a4374f226391f2feb2270404ee1b12,404 Client Error: Not Found for url: https://external-preview.redd.it/TpYwgZl_YAu-BVWDwCP4lSt8o3uqYqsdOLy4qm3_zjw.jpg?width=320&crop=smart&auto=webp&s=9c5b27e1b5a4374f226391f2feb2270404ee1b12
bv9i7l,https://preview.redd.it/gtx4wgf6nk131.jpg?width=320&crop=smart&auto=webp&s=493751933cdae244f4233fc55fc47cb28c6cceea,404 Client Error: Not Found for url: https://preview.redd.it/gtx4wgf6nk131.jpg?width=320&crop=smart&auto=webp&s=493751933cdae244f4233fc55fc47cb28c6cceea
70vcpk,,missing image URL
cxpdqyb,http://imgur.com/P4pUddO.jpg,403 Client Error: Unknown Error for url: https://imgur.com/P4pUddO.jpg
ayrprp,https://preview.redd.it/0teh69302xk21.jpg?width=320&crop=smart&auto=webp&s=fc432350814d10d19739202846f143a3a4999732,404 Client Error: Not Found for url: https://preview.redd.it/0teh69302xk21.jpg?width=320&crop=smart&auto=webp&s=fc432350814d10d19739202846f143a3a4999732
d1jziu,https://preview.redd.it/rc3opxlnzgl31.jpg?width=320&crop=smart&auto=webp&s=b496437425ec48d4cbc1a7705a1609830b3b486c,404 Client Error: Not Found for url: https://preview.redd.it/rc3opxlnzgl31.jpg?width=320&crop=smart&auto=webp&s=b496437425ec48d4cbc1a7705a1609830b3b486c
87k6kx,https://preview.redd.it/w3ohq2yk9co01.jpg?width=320&crop=smart&auto=webp&s=714dfc2d2bfe5f6eb29d987b8b40e1d2b7f43196,404 Client Error: Not Found for url: https://preview.redd.it/w3ohq2yk9co01.jpg?width=320&crop=smart&auto=webp&s=714dfc2d2bfe5f6eb29d987b8b40e1d2b7f43196
cuqnp2,https://preview.redd.it/4mejbgr4sci31.jpg?width=320&crop=smart&auto=webp&s=017c11637241e560094878af789fbf42dc5afd58,404 Client Error: Not Found for url: https://preview.redd.it/4mejbgr4sci31.jpg?width=320&crop=smart&auto=webp&s=017c11637241e560094878af789fbf42dc5afd58
cbt6nal,http://imgur.com/6utWrjJ.jpg,403 Client Error: Unknown Error for url: https://imgur.com/6utWrjJ.jpg
auo2lu,https://preview.redd.it/ovwoz7mf6ri21.png?width=320&crop=smart&auto=webp&s=48b7b9ca4740309121935ba337685d8fc3415886,404 Client Error: Not Found for url: https://preview.redd.it/ovwoz7mf6ri21.png?width=320&crop=smart&auto=webp&s=48b7b9ca4740309121935ba337685d8fc3415886
b4lo25,https://preview.redd.it/1ukcnof4kwn21.jpg?width=320&crop=smart&auto=webp&s=dbefe5dc65d3df3508e8b5e8b54c029d4b035661,404 Client Error: Not Found for url: https://preview.redd.it/1ukcnof4kwn21.jpg?width=320&crop=smart&auto=webp&s=dbefe5dc65d3df3508e8b5e8b54c029d4b035661
8f2s8m,https://preview.redd.it/isehajkwc9u01.jpg?width=320&crop=smart&auto=webp&s=b08cc86d76e1a253dd93a7da36385b6abf9f8926,404 Client Error: Not Found for url: https://preview.redd.it/isehajkwc9u01.jpg?width=320&crop=smart&auto=webp&s=b08cc86d76e1a253dd93a7da36385b6abf9f8926
eiozfiq,https://imgur.com/xf51SVo.jpg,403 Client Error: Unknown Error for url: https://imgur.com/xf51SVo.jpg
dismb5,https://preview.redd.it/wkrbr6m1uxs31.jpg?width=320&crop=smart&auto=webp&s=609a8ca77eeddde2dc4affe3278273d4e3b1113c,404 Client Error: Not Found for url: https://preview.redd.it/wkrbr6m1uxs31.jpg?width=320&crop=smart&auto=webp&s=609a8ca77eeddde2dc4affe3278273d4e3b1113c
brlccb,https://preview.redd.it/iheqotjtjpz21.jpg?width=320&crop=smart&auto=webp&s=7d8cc389ec64beedda250fa992bd77f952267d4a,404 Client Error: Not Found for url: https://preview.redd.it/iheqotjtjpz21.jpg?width=320&crop=smart&auto=webp&s=7d8cc389ec64beedda250fa992bd77f952267d4a
77yw1y,https://preview.redd.it/1u41x2nw0ctz.jpg?width=320&crop=smart&auto=webp&s=ac2d0166a63201b2a4bc1f74ec0a2ae4248a654b,404 Client Error: Not Found for url: https://preview.redd.it/1u41x2nw0ctz.jpg?width=320&crop=smart&auto=webp&s=ac2d0166a63201b2a4bc1f74ec0a2ae4248a654b
3b5n4f,https://external-preview.redd.it/ESPM-tTuK3werLgfWG_wBsw_trUSDNU4bI5s2jVRAgQ.png?width=108&crop=smart&auto=webp&s=6bdf4d9c8ec6b3100f803c1cf0848f49a5aee344,404 Client Error: Not Found for url: https://external-preview.redd.it/ESPM-tTuK3werLgfWG_wBsw_trUSDNU4bI5s2jVRAgQ.png?width=108&crop=smart&auto=webp&s=6bdf4d9c8ec6b3100f803c1cf0848f49a5aee344
bu6wl0,https://preview.redd.it/e3hj7vre91131.jpg?width=320&crop=smart&auto=webp&s=f28d4ae53c715bd84df63e307d9b554a27889104,404 Client Error: Not Found for url: https://preview.redd.it/e3hj7vre91131.jpg?width=320&crop=smart&auto=webp&s=f28d4ae53c715bd84df63e307d9b554a27889104
1f5vkx,https://external-preview.redd.it/ESPM-tTuK3werLgfWG_wBsw_trUSDNU4bI5s2jVRAgQ.png?width=108&crop=smart&auto=webp&s=6bdf4d9c8ec6b3100f803c1cf0848f49a5aee344,404 Client Error: Not Found for url: https://external-preview.redd.it/ESPM-tTuK3werLgfWG_wBsw_trUSDNU4bI5s2jVRAgQ.png?width=108&crop=smart&auto=webp&s=6bdf4d9c8ec6b3100f803c1cf0848f49a5aee344
6b2uzh,https://preview.redd.it/6hnd808eafxy.jpg?width=320&crop=smart&auto=webp&s=6f9f947f399601151aeae67bb20e57698ddc7e8b,404 Client Error: Not Found for url: https://preview.redd.it/6hnd808eafxy.jpg?width=320&crop=smart&auto=webp&s=6f9f947f399601151aeae67bb20e57698ddc7e8b
830j12,https://preview.redd.it/ps3h4zmjjlk01.jpg?width=320&crop=smart&auto=webp&s=ceb0ff1b9a9bf3aeeeaeb2292e3bc8d8470cb0f0,404 Client Error: Not Found for url: https://preview.redd.it/ps3h4zmjjlk01.jpg?width=320&crop=smart&auto=webp&s=ceb0ff1b9a9bf3aeeeaeb2292e3bc8d8470cb0f0
825wk1,https://preview.redd.it/ejqvev5c5yj01.jpg?width=320&crop=smart&auto=webp&s=a81da2d8a7d2be2e93870ca66e46a3e1363e1204,404 Client Error: Not Found for url: https://preview.redd.it/ejqvev5c5yj01.jpg?width=320&crop=smart&auto=webp&s=a81da2d8a7d2be2e93870ca66e46a3e1363e1204
7h3yc3,https://preview.redd.it/hdar8n1poj101.jpg?width=320&crop=smart&auto=webp&s=4ae63780b5ae230593d5e1fc5abe343967dde1f9,404 Client Error: Not Found for url: https://preview.redd.it/hdar8n1poj101.jpg?width=320&crop=smart&auto=webp&s=4ae63780b5ae230593d5e1fc5abe343967dde1f9
1e9loj,https://external-preview.redd.it/ESPM-tTuK3werLgfWG_wBsw_trUSDNU4bI5s2jVRAgQ.png?width=108&crop=smart&auto=webp&s=6bdf4d9c8ec6b3100f803c1cf0848f49a5aee344,404 Client Error: Not Found for url: https://external-preview.redd.it/ESPM-tTuK3werLgfWG_wBsw_trUSDNU4bI5s2jVRAgQ.png?width=108&crop=smart&auto=webp&s=6bdf4d9c8ec6b3100f803c1cf0848f49a5aee344
46o90e,https://external-preview.redd.it/VpsxLZIualmxdOClASVbyDkS8bop7vbHfjUJmqHR8e0.jpg?width=320&crop=smart&auto=webp&s=a7613786215cf066b8627ba330eeab07393e796b,404 Client Error: Not Found for url: https://external-preview.redd.it/VpsxLZIualmxdOClASVbyDkS8bop7vbHfjUJmqHR8e0.jpg?width=320&crop=smart&auto=webp&s=a7613786215cf066b8627ba330eeab07393e796b
9d3iec,https://preview.redd.it/zqf26br5zck11.jpg?width=320&crop=smart&auto=webp&s=764b269a09f0ec3aaa031398d0d3102970cbf11d,404 Client Error: Not Found for url: https://preview.redd.it/zqf26br5zck11.jpg?width=320&crop=smart&auto=webp&s=764b269a09f0ec3aaa031398d0d3102970cbf11d
83bgt6,https://preview.redd.it/pig8ms99wtk01.jpg?width=320&crop=smart&auto=webp&s=f94f3de9a51b89ea430ac9190497876a42e44872,404 Client Error: Not Found for url: https://preview.redd.it/pig8ms99wtk01.jpg?width=320&crop=smart&auto=webp&s=f94f3de9a51b89ea430ac9190497876a42e44872
ckay38,https://preview.redd.it/jn3ilv6v3od31.jpg?width=320&crop=smart&auto=webp&s=0ac9bd4477618185de85b457cdbb06eb647601b3,404 Client Error: Not Found for url: https://preview.redd.it/jn3ilv6v3od31.jpg?width=320&crop=smart&auto=webp&s=0ac9bd4477618185de85b457cdbb06eb647601b3
8peczi,https://preview.redd.it/gm000umvgn211.jpg?width=320&crop=smart&auto=webp&s=7e416415dae3ed92c1aa307c837f886276f5fa3d,404 Client Error: Not Found for url: https://preview.redd.it/gm000umvgn211.jpg?width=320&crop=smart&auto=webp&s=7e416415dae3ed92c1aa307c837f886276f5fa3d
674z27,https://preview.redd.it/jgqxihv3jdty.jpg?width=320&crop=smart&auto=webp&s=5975292db64cffd5798fcff93b0b5a0aac415da9,404 Client Error: Not Found for url: https://preview.redd.it/jgqxihv3jdty.jpg?width=320&crop=smart&auto=webp&s=5975292db64cffd5798fcff93b0b5a0aac415da9
317gg1,https://external-preview.redd.it/ESPM-tTuK3werLgfWG_wBsw_trUSDNU4bI5s2jVRAgQ.png?width=108&crop=smart&auto=webp&s=6bdf4d9c8ec6b3100f803c1cf0848f49a5aee344,404 Client Error: Not Found for url: https://external-preview.redd.it/ESPM-tTuK3werLgfWG_wBsw_trUSDNU4bI5s2jVRAgQ.png?width=108&crop=smart&auto=webp&s=6bdf4d9c8ec6b3100f803c1cf0848f49a5aee344
7clpq0,https://preview.redd.it/g4pyrfnv9pxz.jpg?width=320&crop=smart&auto=webp&s=77a3e0b03ea70e3c5b9ea38d18f73fa5ee1a1153,404 Client Error: Not Found for url: https://preview.redd.it/g4pyrfnv9pxz.jpg?width=320&crop=smart&auto=webp&s=77a3e0b03ea70e3c5b9ea38d18f73fa5ee1a1153
cjhqml,https://preview.redd.it/cy0yk7759bd31.png?width=320&crop=smart&auto=webp&s=bc4bb3c74d89cd3079339b048dd18d213088e300,404 Client Error: Not Found for url: https://preview.redd.it/cy0yk7759bd31.png?width=320&crop=smart&auto=webp&s=bc4bb3c74d89cd3079339b048dd18d213088e300
2icvqq,https://external-preview.redd.it/oLb0bGEHEDOTRfkFeE_wievxSbGHY5zmGk28CyUSvwM.jpg?width=320&crop=smart&auto=webp&s=5586f6620f1e0d3019ff812184f9ac08cb156f8e,404 Client Error: Not Found for url: https://external-preview.redd.it/oLb0bGEHEDOTRfkFeE_wievxSbGHY5zmGk28CyUSvwM.jpg?width=320&crop=smart&auto=webp&s=5586f6620f1e0d3019ff812184f9ac08cb156f8e
czzccl,https://preview.redd.it/egih3ai2drk31.png?width=320&crop=smart&auto=webp&s=d20321c9b403aae5eb4ba373338c8c62f1a0c77d,404 Client Error: Not Found for url: https://preview.redd.it/egih3ai2drk31.png?width=320&crop=smart&auto=webp&s=d20321c9b403aae5eb4ba373338c8c62f1a0c77d
corzta4,http://www.ericw.me/matrix.jpg,"HTTPSConnectionPool(host='www.ericw.me', port=443): Max retries exceeded with url: /matrix.jpg (Caused by SSLError(SSLCertVerificationError(1, '[SSL: CERTIFICATE_VERIFY_FAILED] certificate verify failed: certificate has expired (_ssl.c:1000)')))"
90b0cy,https://preview.redd.it/82bkburyrza11.jpg?width=320&crop=smart&auto=webp&s=fe4e501b31487e657838396045c7c58c762f2c69,404 Client Error: Not Found for url: https://preview.redd.it/82bkburyrza11.jpg?width=320&crop=smart&auto=webp&s=fe4e501b31487e657838396045c7c58c762f2c69
cxpkw1k,http://imgur.com/JFW9JEq.jpg,403 Client Error: Unknown Error for url: https://imgur.com/JFW9JEq.jpg
dfmjrw,https://preview.redd.it/p1hiy1usnkr31.jpg?width=320&crop=smart&auto=webp&s=40f9df3b9278e7b8cb79612cc5bd8620c567995e,404 Client Error: Not Found for url: https://preview.redd.it/p1hiy1usnkr31.jpg?width=320&crop=smart&auto=webp&s=40f9df3b9278e7b8cb79612cc5bd8620c567995e
b6ijh7,https://preview.redd.it/htgg1q21zuo21.jpg?width=320&crop=smart&auto=webp&s=cca0fce570ba236d206ff7020b47c65d6991aa0c,404 Client Error: Not Found for url: https://preview.redd.it/htgg1q21zuo21.jpg?width=320&crop=smart&auto=webp&s=cca0fce570ba236d206ff7020b47c65d6991aa0c
d01dem,https://preview.redd.it/9318473w9sk31.jpg?width=320&crop=smart&auto=webp&s=0b5d728629b99d7312f01a8a6ca46756771db26f,404 Client Error: Not Found for url: https://preview.redd.it/9318473w9sk31.jpg?width=320&crop=smart&auto=webp&s=0b5d728629b99d7312f01a8a6ca46756771db26f
dk4fvg,https://preview.redd.it/vw6afacfcit31.jpg?width=320&crop=smart&auto=webp&s=b0cd77e59670d738ae9e9f1f565735a2b0d72b9f,404 Client Error: Not Found for url: https://preview.redd.it/vw6afacfcit31.jpg?width=320&crop=smart&auto=webp&s=b0cd77e59670d738ae9e9f1f565735a2b0d72b9f
dcyst6,https://preview.redd.it/58efe843qeq31.jpg?width=320&crop=smart&auto=webp&s=7f8928f5910ccf3eb8aeb67c40258f8640c3008f,404 Client Error: Not Found for url: https://preview.redd.it/58efe843qeq31.jpg?width=320&crop=smart&auto=webp&s=7f8928f5910ccf3eb8aeb67c40258f8640c3008f
cbj1i0,,missing image URL
8gnqpd,https://preview.redd.it/4uc3rt88jkv01.png?width=320&crop=smart&auto=webp&s=4d179427efbdcd69a1bbaffeb0bb079eec7e5517,404 Client Error: Not Found for url: https://preview.redd.it/4uc3rt88jkv01.png?width=320&crop=smart&auto=webp&s=4d179427efbdcd69a1bbaffeb0bb079eec7e5517
34zq9d,https://external-preview.redd.it/gMI7QFY3lrw174QdYBWuvLoTvQyMUtBHpKI9KN0MK7Y.jpg?width=320&crop=smart&auto=webp&s=45aadc916384e07238e7218f484a232866598b0c,404 Client Error: Not Found for url: https://external-preview.redd.it/gMI7QFY3lrw174QdYBWuvLoTvQyMUtBHpKI9KN0MK7Y.jpg?width=320&crop=smart&auto=webp&s=45aadc916384e07238e7218f484a232866598b0c
cegel4,https://preview.redd.it/us2iwnp8lwa31.jpg?width=320&crop=smart&auto=webp&s=bb8d74f054d29bea6bdb71268516f00159deb8aa,404 Client Error: Not Found for url: https://preview.redd.it/us2iwnp8lwa31.jpg?width=320&crop=smart&auto=webp&s=bb8d74f054d29bea6bdb71268516f00159deb8aa
919wp7,https://preview.redd.it/q002vc9ywqb11.jpg?width=320&crop=smart&auto=webp&s=f7283768c2a5d63b625f3284814ee8e8c08f76b8,404 Client Error: Not Found for url: https://preview.redd.it/q002vc9ywqb11.jpg?width=320&crop=smart&auto=webp&s=f7283768c2a5d63b625f3284814ee8e8c08f76b8
cbnol7,https://preview.redd.it/fhjfy16u1k931.jpg?width=320&crop=smart&auto=webp&s=82e6fb84742b6e29c1fd823644b1546cdc469e74,404 Client Error: Not Found for url: https://preview.redd.it/fhjfy16u1k931.jpg?width=320&crop=smart&auto=webp&s=82e6fb84742b6e29c1fd823644b1546cdc469e74
cyhr34i,http://www.dumpaday.com/wp-content/uploads/2015/01/pics-464.jpg,403 Client Error: Forbidden for url: https://www.dumpaday.com/wp-content/uploads/2015/01/pics-464.jpg
cwyi8h,https://preview.redd.it/0oecdzoxwcj31.jpg?width=320&crop=smart&auto=webp&s=62eab42b8433165915879c3f780faa8de21dd077,404 Client Error: Not Found for url: https://preview.redd.it/0oecdzoxwcj31.jpg?width=320&crop=smart&auto=webp&s=62eab42b8433165915879c3f780faa8de21dd077
bhks9l,https://preview.redd.it/944heezx5lu21.jpg?width=320&crop=smart&auto=webp&s=07b793dcf5a819b3582aa2c63defc488e235382a,404 Client Error: Not Found for url: https://preview.redd.it/944heezx5lu21.jpg?width=320&crop=smart&auto=webp&s=07b793dcf5a819b3582aa2c63defc488e235382a
bo3pzx,https://preview.redd.it/70lcmyr3hzx21.jpg?width=320&crop=smart&auto=webp&s=4407cd1ea316af7bfd895726c4a88cfff244ec26,404 Client Error: Not Found for url: https://preview.redd.it/70lcmyr3hzx21.jpg?width=320&crop=smart&auto=webp&s=4407cd1ea316af7bfd895726c4a88cfff244ec26
2i2hjd,https://external-preview.redd.it/ESPM-tTuK3werLgfWG_wBsw_trUSDNU4bI5s2jVRAgQ.png?width=108&crop=smart&auto=webp&s=6bdf4d9c8ec6b3100f803c1cf0848f49a5aee344,404 Client Error: Not Found for url: https://external-preview.redd.it/ESPM-tTuK3werLgfWG_wBsw_trUSDNU4bI5s2jVRAgQ.png?width=108&crop=smart&auto=webp&s=6bdf4d9c8ec6b3100f803c1cf0848f49a5aee344
7zubrr,https://preview.redd.it/zul3z0x1a3i01.jpg?width=320&crop=smart&auto=webp&s=8a37b3bbef0105cb65863ca867e2da7e8881bb92,404 Client Error: Not Found for url: https://preview.redd.it/zul3z0x1a3i01.jpg?width=320&crop=smart&auto=webp&s=8a37b3bbef0105cb65863ca867e2da7e8881bb92
c8sgjt2,http://imgur.com/6t6rPzE.jpg,403 Client Error: Unknown Error for url: https://imgur.com/6t6rPzE.jpg
c3tvqf,https://external-preview.redd.it/UxogaCtgzzxdWTIe_BVrr_UDNSkOAlBgN41HVn2udH8.png?width=320&crop=smart&auto=webp&s=c9e09783c26c85fa27e6b2e500cf36b7d78c5f96,404 Client Error: Not Found for url: https://external-preview.redd.it/UxogaCtgzzxdWTIe_BVrr_UDNSkOAlBgN41HVn2udH8.png?width=320&crop=smart&auto=webp&s=c9e09783c26c85fa27e6b2e500cf36b7d78c5f96
c9n5gwu,http://j.imgur.com/c2mzSmj.jpg](http://i.imgur.com/c2mzSmj.jpg,403 Client Error: Unknown Error for url: https://j.imgur.com/c2mzSmj.jpg%5D(http://i.imgur.com/c2mzSmj.jpg
8t1r9v,https://preview.redd.it/op1r46u17k511.jpg?width=320&crop=smart&auto=webp&s=cd5c057c409dfbe49db48c3517a6d7c3629a89ca,404 Client Error: Not Found for url: https://preview.redd.it/op1r46u17k511.jpg?width=320&crop=smart&auto=webp&s=cd5c057c409dfbe49db48c3517a6d7c3629a89ca
dei654,https://preview.redd.it/pfaww8uhu3r31.jpg?width=320&crop=smart&auto=webp&s=141e09ee12db3db30b02d6262f12665a56473c05,404 Client Error: Not Found for url: https://preview.redd.it/pfaww8uhu3r31.jpg?width=320&crop=smart&auto=webp&s=141e09ee12db3db30b02d6262f12665a56473c05
bjbq5c,,missing image URL
cpbzv7,https://preview.redd.it/phznqb46m0g31.jpg?width=320&crop=smart&auto=webp&s=2f82d6b341ee974f37c132703519abc847cc9138,404 Client Error: Not Found for url: https://preview.redd.it/phznqb46m0g31.jpg?width=320&crop=smart&auto=webp&s=2f82d6b341ee974f37c132703519abc847cc9138
4tzw1c,https://external-preview.redd.it/rw3C157-mb0CTpawp_iy2QUuOWtOs9AaKwKVk8JT52w.jpg?width=108&crop=smart&auto=webp&s=13f10bd79b14373c26cda336f47e723faa67d7a9,404 Client Error: Not Found for url: https://external-preview.redd.it/rw3C157-mb0CTpawp_iy2QUuOWtOs9AaKwKVk8JT52w.jpg?width=108&crop=smart&auto=webp&s=13f10bd79b14373c26cda336f47e723faa67d7a9
ayn4ff,https://preview.redd.it/qv9wdqivauk21.jpg?width=320&crop=smart&auto=webp&s=67a5e0496f6ce470503c4d5c55039247fab0b63c,404 Client Error: Not Found for url: https://preview.redd.it/qv9wdqivauk21.jpg?width=320&crop=smart&auto=webp&s=67a5e0496f6ce470503c4d5c55039247fab0b63c
cpzn874,http://nisekodesign.com/images/heisenberg.jpg,404 Client Error: Not Found for url: https://nisekodesign.com/images/heisenberg.jpg
4s6ird,https://external-preview.redd.it/ESPM-tTuK3werLgfWG_wBsw_trUSDNU4bI5s2jVRAgQ.png?width=108&crop=smart&auto=webp&s=6bdf4d9c8ec6b3100f803c1cf0848f49a5aee344,404 Client Error: Not Found for url: https://external-preview.redd.it/ESPM-tTuK3werLgfWG_wBsw_trUSDNU4bI5s2jVRAgQ.png?width=108&crop=smart&auto=webp&s=6bdf4d9c8ec6b3100f803c1cf0848f49a5aee344
5eac13,https://external-preview.redd.it/ESPM-tTuK3werLgfWG_wBsw_trUSDNU4bI5s2jVRAgQ.png?width=108&crop=smart&auto=webp&s=6bdf4d9c8ec6b3100f803c1cf0848f49a5aee344,404 Client Error: Not Found for url: https://external-preview.redd.it/ESPM-tTuK3werLgfWG_wBsw_trUSDNU4bI5s2jVRAgQ.png?width=108&crop=smart&auto=webp&s=6bdf4d9c8ec6b3100f803c1cf0848f49a5aee344
dh8f3u,https://preview.redd.it/3senkp1g2as31.jpg?width=320&crop=smart&auto=webp&s=00399984ccac17afa1f207ec8fc532c60e5c210e,404 Client Error: Not Found for url: https://preview.redd.it/3senkp1g2as31.jpg?width=320&crop=smart&auto=webp&s=00399984ccac17afa1f207ec8fc532c60e5c210e
c9vp1h,https://preview.redd.it/66v1ibzzpp831.jpg?width=320&crop=smart&auto=webp&s=86a8d9ccc47390fdbda5883871d07a555a1f8c7c,404 Client Error: Not Found for url: https://preview.redd.it/66v1ibzzpp831.jpg?width=320&crop=smart&auto=webp&s=86a8d9ccc47390fdbda5883871d07a555a1f8c7c
9g9p5r,https://preview.redd.it/bak1jd44zkm11.jpg?width=320&crop=smart&auto=webp&s=5991ebbefae5d93c9803d8ce07432977407ea028,404 Client Error: Not Found for url: https://preview.redd.it/bak1jd44zkm11.jpg?width=320&crop=smart&auto=webp&s=5991ebbefae5d93c9803d8ce07432977407ea028
cfypq4,https://preview.redd.it/tikiz2bjmnb31.jpg?width=320&crop=smart&auto=webp&s=fbe2340cfb5a11740ec9437cccd8d4de4235c896,404 Client Error: Not Found for url: https://preview.redd.it/tikiz2bjmnb31.jpg?width=320&crop=smart&auto=webp&s=fbe2340cfb5a11740ec9437cccd8d4de4235c896
chsb9w,https://preview.redd.it/cqioe6wy3ic31.jpg?width=320&crop=smart&auto=webp&s=211c1d077baf6def3f502990c44be0c929f2d271,404 Client Error: Not Found for url: https://preview.redd.it/cqioe6wy3ic31.jpg?width=320&crop=smart&auto=webp&s=211c1d077baf6def3f502990c44be0c929f2d271
cmih0t,https://preview.redd.it/745erh0gope31.jpg?width=320&crop=smart&auto=webp&s=a0005af9e02d1136925d9594969e592c7df2c384,404 Client Error: Not Found for url: https://preview.redd.it/745erh0gope31.jpg?width=320&crop=smart&auto=webp&s=a0005af9e02d1136925d9594969e592c7df2c384
8nek5b,https://preview.redd.it/0dq94ira63111.jpg?width=320&crop=smart&auto=webp&s=3e0fa12ab603086ac03684148f5cdd6cb519c82c,404 Client Error: Not Found for url: https://preview.redd.it/0dq94ira63111.jpg?width=320&crop=smart&auto=webp&s=3e0fa12ab603086ac03684148f5cdd6cb519c82c
c8o59f,https://preview.redd.it/e57n9j3lc3831.jpg?width=320&crop=smart&auto=webp&s=3a7ef02b6776f1403d97281028d655213f8a8ae7,404 Client Error: Not Found for url: https://preview.redd.it/e57n9j3lc3831.jpg?width=320&crop=smart&auto=webp&s=3a7ef02b6776f1403d97281028d655213f8a8ae7
9in53o,https://preview.redd.it/fwpdyrgax9o11.jpg?width=320&crop=smart&auto=webp&s=b2761fa2f7c6bd3f44eb2e1e745b40168ebd4297,404 Client Error: Not Found for url: https://preview.redd.it/fwpdyrgax9o11.jpg?width=320&crop=smart&auto=webp&s=b2761fa2f7c6bd3f44eb2e1e745b40168ebd4297
dteze1w,https://s.hswstatic.com/gif/easterisland1200x800.jpg,"HTTPSConnectionPool(host='s.hswstatic.com', port=443): Max retries exceeded with url: /gif/easterisland1200x800.jpg (Caused by NameResolutionError(""HTTPSConnection(host='s.hswstatic.com', port=443): Failed to resolve 's.hswstatic.com' ([Errno 11001] getaddrinfo failed)""))"
8ptd39,https://preview.redd.it/bsovheibqz211.jpg?width=320&crop=smart&auto=webp&s=1f1093b8517f2e68092d445977a89c3256ae4b3a,404 Client Error: Not Found for url: https://preview.redd.it/bsovheibqz211.jpg?width=320&crop=smart&auto=webp&s=1f1093b8517f2e68092d445977a89c3256ae4b3a
bvkldz,https://preview.redd.it/u0efy4fhuq131.jpg?width=320&crop=smart&auto=webp&s=fced69e2726f3dc26b7dd248e2d341b6c08eecea,404 Client Error: Not Found for url: https://preview.redd.it/u0efy4fhuq131.jpg?width=320&crop=smart&auto=webp&s=fced69e2726f3dc26b7dd248e2d341b6c08eecea
8khf29,https://preview.redd.it/x4b64ap68py01.jpg?width=320&crop=smart&auto=webp&s=8465d757b1998b755d83aab2c01329535ea96ccc,404 Client Error: Not Found for url: https://preview.redd.it/x4b64ap68py01.jpg?width=320&crop=smart&auto=webp&s=8465d757b1998b755d83aab2c01329535ea96ccc
ddsaig,https://preview.redd.it/iw8vuj4g1sq31.jpg?width=320&crop=smart&auto=webp&s=b4779579720703e6a8b2ec80dc904e0668181f69,404 Client Error: Not Found for url: https://preview.redd.it/iw8vuj4g1sq31.jpg?width=320&crop=smart&auto=webp&s=b4779579720703e6a8b2ec80dc904e0668181f69
akfg3f,https://preview.redd.it/4hbue9ldx0d21.jpg?width=320&crop=smart&auto=webp&s=674dcc6f5c764ad44933fab4c1f791216b1f81ad,404 Client Error: Not Found for url: https://preview.redd.it/4hbue9ldx0d21.jpg?width=320&crop=smart&auto=webp&s=674dcc6f5c764ad44933fab4c1f791216b1f81ad
bmwm7c,https://preview.redd.it/zp0idpn62dx21.jpg?width=320&crop=smart&auto=webp&s=2edc7fd69613ea1d12c90805bbb1ff3ecfe87907,404 Client Error: Not Found for url: https://preview.redd.it/zp0idpn62dx21.jpg?width=320&crop=smart&auto=webp&s=2edc7fd69613ea1d12c90805bbb1ff3ecfe87907
719i67,https://preview.redd.it/jyaxcnmpqzmz.png?width=320&crop=smart&auto=webp&s=f6f5de79edd7f2fea18798f9a80e3c1cf814679c,404 Client Error: Not Found for url: https://preview.redd.it/jyaxcnmpqzmz.png?width=320&crop=smart&auto=webp&s=f6f5de79edd7f2fea18798f9a80e3c1cf814679c
d6p95i,https://preview.redd.it/b061jkes6on31.jpg?width=320&crop=smart&auto=webp&s=43bdedce4c60ee9542c2f20a669ad4732497bc25,404 Client Error: Not Found for url: https://preview.redd.it/b061jkes6on31.jpg?width=320&crop=smart&auto=webp&s=43bdedce4c60ee9542c2f20a669ad4732497bc25
9gie4b,https://preview.redd.it/d3z6cqae9rm11.jpg?width=320&crop=smart&auto=webp&s=3936577b131e3a39772dffcc959674d49bce9b0c,404 Client Error: Not Found for url: https://preview.redd.it/d3z6cqae9rm11.jpg?width=320&crop=smart&auto=webp&s=3936577b131e3a39772dffcc959674d49bce9b0c
cb1sss,https://preview.redd.it/urbncivwia931.jpg?width=320&crop=smart&auto=webp&s=7a823a9809e338f490ac4507ff2cba21d8b4d6a7,404 Client Error: Not Found for url: https://preview.redd.it/urbncivwia931.jpg?width=320&crop=smart&auto=webp&s=7a823a9809e338f490ac4507ff2cba21d8b4d6a7
at18nl,https://preview.redd.it/swddyncmcuh21.jpg?width=320&crop=smart&auto=webp&s=f13d5abf64f1b3f179e51c8dfd0dcc189facf8d5,404 Client Error: Not Found for url: https://preview.redd.it/swddyncmcuh21.jpg?width=320&crop=smart&auto=webp&s=f13d5abf64f1b3f179e51c8dfd0dcc189facf8d5
cwmot04,http://oi67.tinypic.com/vg1isz.jpg,"HTTPConnectionPool(host='oi67.tinypic.com', port=80): Max retries exceeded with url: /vg1isz.jpg (Caused by NameResolutionError(""HTTPConnection(host='oi67.tinypic.com', port=80): Failed to resolve 'oi67.tinypic.com' ([Errno 11001] getaddrinfo failed)""))"
caxuw3,https://preview.redd.it/x069fc8pi8931.jpg?width=320&crop=smart&auto=webp&s=e6fd60f1cb766d678c694f60f3f1f22c371e7e46,404 Client Error: Not Found for url: https://preview.redd.it/x069fc8pi8931.jpg?width=320&crop=smart&auto=webp&s=e6fd60f1cb766d678c694f60f3f1f22c371e7e46
bxtgc9,https://external-preview.redd.it/A8pi8vNUX_nOWtVXuYcUjqmaaEL6n0TalxSkwz57r4M.png?width=320&crop=smart&format=pjpg&auto=webp&s=c0db55aad44696aba5eb94f34a080907af8bb747,404 Client Error: Not Found for url: https://external-preview.redd.it/A8pi8vNUX_nOWtVXuYcUjqmaaEL6n0TalxSkwz57r4M.png?width=320&crop=smart&format=pjpg&auto=webp&s=c0db55aad44696aba5eb94f34a080907af8bb747
c9o4kbq,http://haganblount.com/wp-content/uploads/2013/02/ice-cube-it-was-a-good-day-dvdrip.jpg,404 Client Error: Not Found for url: https://empireoriginals.com/wp-content/uploads/2013/02/ice-cube-it-was-a-good-day-dvdrip.jpg
bo40jc,https://preview.redd.it/eito8zfhlzx21.png?width=320&crop=smart&auto=webp&s=9959d6905077be3fda380c0f8959cc34adb34b65,404 Client Error: Not Found for url: https://preview.redd.it/eito8zfhlzx21.png?width=320&crop=smart&auto=webp&s=9959d6905077be3fda380c0f8959cc34adb34b65
ceyw45l,http://images.kino.de/flbilder/max03/mbiz03/mbiz34/z0334553/w964.jpg,"HTTPConnectionPool(host='images.kino.de', port=80): Max retries exceeded with url: /flbilder/max03/mbiz03/mbiz34/z0334553/w964.jpg (Caused by NameResolutionError(""HTTPConnection(host='images.kino.de', port=80): Failed to resolve 'images.kino.de' ([Errno 11001] getaddrinfo failed)""))"
b2z2xw,https://preview.redd.it/f7kd1542l3n21.jpg?width=320&crop=smart&auto=webp&s=cb95b53b36dd6701535869d8f6841bd93ea39ab5,404 Client Error: Not Found for url: https://preview.redd.it/f7kd1542l3n21.jpg?width=320&crop=smart&auto=webp&s=cb95b53b36dd6701535869d8f6841bd93ea39ab5
7lwoe4,,missing image URL
71jhkp,,missing image URL
962odu,https://preview.redd.it/r55f8zua86f11.jpg?width=320&crop=smart&auto=webp&s=f07a5b35e6d891cef413541a0b18cb61d8de2f7a,404 Client Error: Not Found for url: https://preview.redd.it/r55f8zua86f11.jpg?width=320&crop=smart&auto=webp&s=f07a5b35e6d891cef413541a0b18cb61d8de2f7a
by2nad,https://preview.redd.it/ll608xvrf1331.jpg?width=320&crop=smart&auto=webp&s=cb468818b62a37d81f4dc263962aa8a05cb9c4dd,404 Client Error: Not Found for url: https://preview.redd.it/ll608xvrf1331.jpg?width=320&crop=smart&auto=webp&s=cb468818b62a37d81f4dc263962aa8a05cb9c4dd
ddz9f9,https://preview.redd.it/l8xkwppd0vq31.jpg?width=320&crop=smart&auto=webp&s=c233a7909c3e351b31b164c13af972eab663be1e,404 Client Error: Not Found for url: https://preview.redd.it/l8xkwppd0vq31.jpg?width=320&crop=smart&auto=webp&s=c233a7909c3e351b31b164c13af972eab663be1e
cbfgse7,http://imgur.com/YYr7gi2.jpg,403 Client Error: Unknown Error for url: https://imgur.com/YYr7gi2.jpg
7lr5m5,https://preview.redd.it/l4ai3sz4pq501.jpg?width=320&crop=smart&auto=webp&s=b62ea0573dfff155fa640a55ff1d58a29b21b003,404 Client Error: Not Found for url: https://preview.redd.it/l4ai3sz4pq501.jpg?width=320&crop=smart&auto=webp&s=b62ea0573dfff155fa640a55ff1d58a29b21b003
8zqxdd,https://preview.redd.it/oa4vmbajvla11.jpg?width=320&crop=smart&auto=webp&s=cfa8739c96aa8a580e477cdfec0feed9606b0b89,404 Client Error: Not Found for url: https://preview.redd.it/oa4vmbajvla11.jpg?width=320&crop=smart&auto=webp&s=cfa8739c96aa8a580e477cdfec0feed9606b0b89
91txa8,https://preview.redd.it/fl7gn20iq4c11.jpg?width=320&crop=smart&auto=webp&s=6ecceaa12ff6046ccdfe19fd90d57a2c5beb94e0,404 Client Error: Not Found for url: https://preview.redd.it/fl7gn20iq4c11.jpg?width=320&crop=smart&auto=webp&s=6ecceaa12ff6046ccdfe19fd90d57a2c5beb94e0
3vj77f,https://external-preview.redd.it/l0T_lRMILzt--sceb0vN0jjrj0JPECMZbSDGtlk1pGQ.jpg?width=216&crop=smart&auto=webp&s=8a23e2d8a09da5fecd548ca1e56c257f47ff5da8,404 Client Error: Not Found for url: https://external-preview.redd.it/l0T_lRMILzt--sceb0vN0jjrj0JPECMZbSDGtlk1pGQ.jpg?width=216&crop=smart&auto=webp&s=8a23e2d8a09da5fecd548ca1e56c257f47ff5da8
3q5sbx,https://external-preview.redd.it/VpsxLZIualmxdOClASVbyDkS8bop7vbHfjUJmqHR8e0.jpg?width=320&crop=smart&auto=webp&s=a7613786215cf066b8627ba330eeab07393e796b,404 Client Error: Not Found for url: https://external-preview.redd.it/VpsxLZIualmxdOClASVbyDkS8bop7vbHfjUJmqHR8e0.jpg?width=320&crop=smart&auto=webp&s=a7613786215cf066b8627ba330eeab07393e796b
djvyhh,https://preview.redd.it/v17inrsqzdt31.jpg?width=320&crop=smart&auto=webp&s=3284f355d02d4307fe1916c4dae188719a3ea996,404 Client Error: Not Found for url: https://preview.redd.it/v17inrsqzdt31.jpg?width=320&crop=smart&auto=webp&s=3284f355d02d4307fe1916c4dae188719a3ea996
cy3efl,https://preview.redd.it/9n3xcs2m8wd31.png?width=320&crop=smart&auto=webp&s=3e5c317cfafa8257f6e91d13d48e50297de6a0dd,404 Client Error: Not Found for url: https://preview.redd.it/9n3xcs2m8wd31.png?width=320&crop=smart&auto=webp&s=3e5c317cfafa8257f6e91d13d48e50297de6a0dd
ci2ehg,https://preview.redd.it/w5fbszfr8nc31.jpg?width=320&crop=smart&auto=webp&s=d5b0c4a2215d1dfe18db1391d4aa8435387b0f7a,404 Client Error: Not Found for url: https://preview.redd.it/w5fbszfr8nc31.jpg?width=320&crop=smart&auto=webp&s=d5b0c4a2215d1dfe18db1391d4aa8435387b0f7a
1pxh2s,https://external-preview.redd.it/ESPM-tTuK3werLgfWG_wBsw_trUSDNU4bI5s2jVRAgQ.png?width=108&crop=smart&auto=webp&s=6bdf4d9c8ec6b3100f803c1cf0848f49a5aee344,404 Client Error: Not Found for url: https://external-preview.redd.it/ESPM-tTuK3werLgfWG_wBsw_trUSDNU4bI5s2jVRAgQ.png?width=108&crop=smart&auto=webp&s=6bdf4d9c8ec6b3100f803c1cf0848f49a5aee344
asdp4c,https://preview.redd.it/2agr6nzekkh21.jpg?width=320&crop=smart&auto=webp&s=0ba925b5f37a0e62ee93d6c74d89ec201a64b128,404 Client Error: Not Found for url: https://preview.redd.it/2agr6nzekkh21.jpg?width=320&crop=smart&auto=webp&s=0ba925b5f37a0e62ee93d6c74d89ec201a64b128
dd3fkz,https://preview.redd.it/9ej8yjesugq31.jpg?width=320&crop=smart&auto=webp&s=f429dd0ac63ac6a1e5fcf4791b14f624e4c5b3bb,404 Client Error: Not Found for url: https://preview.redd.it/9ej8yjesugq31.jpg?width=320&crop=smart&auto=webp&s=f429dd0ac63ac6a1e5fcf4791b14f624e4c5b3bb
bqi43k,https://preview.redd.it/4tm1q2jtq6z21.jpg?width=320&crop=smart&auto=webp&s=44a5abaffcd2fce1059af831b14bd2ccfc32f4ab,404 Client Error: Not Found for url: https://preview.redd.it/4tm1q2jtq6z21.jpg?width=320&crop=smart&auto=webp&s=44a5abaffcd2fce1059af831b14bd2ccfc32f4ab
cp707l,https://preview.redd.it/kg4lxmcdwxf31.jpg?width=320&crop=smart&auto=webp&s=6bd8087d486bd1ae4fd6645b4a68e642e5ea768a,404 Client Error: Not Found for url: https://preview.redd.it/kg4lxmcdwxf31.jpg?width=320&crop=smart&auto=webp&s=6bd8087d486bd1ae4fd6645b4a68e642e5ea768a
bi5sof,https://preview.redd.it/410vptozkwu21.jpg?width=320&crop=smart&auto=webp&s=50fcca6c0a98c4c33a3d97e61ce5f46abaf319e5,404 Client Error: Not Found for url: https://preview.redd.it/410vptozkwu21.jpg?width=320&crop=smart&auto=webp&s=50fcca6c0a98c4c33a3d97e61ce5f46abaf319e5
ck7hv9k,http://imgur.com/4uNbqRh.jpg,403 Client Error: Unknown Error for url: https://imgur.com/4uNbqRh.jpg
7cmw9l,https://preview.redd.it/t6dbbs0upqxz.jpg?width=320&crop=smart&auto=webp&s=9b7f42e3a98a70665e150ca1ffb85a20294a17eb,404 Client Error: Not Found for url: https://preview.redd.it/t6dbbs0upqxz.jpg?width=320&crop=smart&auto=webp&s=9b7f42e3a98a70665e150ca1ffb85a20294a17eb
bur52m,https://preview.redd.it/72w2rlimjb131.jpg?width=320&crop=smart&auto=webp&s=811ea50c691a0581b04176461a71e4c9744f8b3b,404 Client Error: Not Found for url: https://preview.redd.it/72w2rlimjb131.jpg?width=320&crop=smart&auto=webp&s=811ea50c691a0581b04176461a71e4c9744f8b3b
4ayka0,https://external-preview.redd.it/ESPM-tTuK3werLgfWG_wBsw_trUSDNU4bI5s2jVRAgQ.png?width=108&crop=smart&auto=webp&s=6bdf4d9c8ec6b3100f803c1cf0848f49a5aee344,404 Client Error: Not Found for url: https://external-preview.redd.it/ESPM-tTuK3werLgfWG_wBsw_trUSDNU4bI5s2jVRAgQ.png?width=108&crop=smart&auto=webp&s=6bdf4d9c8ec6b3100f803c1cf0848f49a5aee344
b7395t,https://preview.redd.it/h21bv0lhq4p21.jpg?width=320&crop=smart&auto=webp&s=6f14d09ca9cf769446fdc978219f49eabbad6d06,404 Client Error: Not Found for url: https://preview.redd.it/h21bv0lhq4p21.jpg?width=320&crop=smart&auto=webp&s=6f14d09ca9cf769446fdc978219f49eabbad6d06
2jramj,https://external-preview.redd.it/ESPM-tTuK3werLgfWG_wBsw_trUSDNU4bI5s2jVRAgQ.png?width=108&crop=smart&auto=webp&s=6bdf4d9c8ec6b3100f803c1cf0848f49a5aee344,404 Client Error: Not Found for url: https://external-preview.redd.it/ESPM-tTuK3werLgfWG_wBsw_trUSDNU4bI5s2jVRAgQ.png?width=108&crop=smart&auto=webp&s=6bdf4d9c8ec6b3100f803c1cf0848f49a5aee344
133orr,https://external-preview.redd.it/ESPM-tTuK3werLgfWG_wBsw_trUSDNU4bI5s2jVRAgQ.png?width=108&crop=smart&auto=webp&s=6bdf4d9c8ec6b3100f803c1cf0848f49a5aee344,404 Client Error: Not Found for url: https://external-preview.redd.it/ESPM-tTuK3werLgfWG_wBsw_trUSDNU4bI5s2jVRAgQ.png?width=108&crop=smart&auto=webp&s=6bdf4d9c8ec6b3100f803c1cf0848f49a5aee344
dhicau,https://preview.redd.it/dpuu4ppj8es31.jpg?width=320&crop=smart&auto=webp&s=4f38fc2e205721b0062778345e6bf7ad63b028c2,404 Client Error: Not Found for url: https://preview.redd.it/dpuu4ppj8es31.jpg?width=320&crop=smart&auto=webp&s=4f38fc2e205721b0062778345e6bf7ad63b028c2
7p4h6d,https://preview.redd.it/pnq6uvv8iv801.jpg?width=320&crop=smart&auto=webp&s=b1d2889d9ad95769d1eda60e9f872a7623b0901e,404 Client Error: Not Found for url: https://preview.redd.it/pnq6uvv8iv801.jpg?width=320&crop=smart&auto=webp&s=b1d2889d9ad95769d1eda60e9f872a7623b0901e
7fq6du,,missing image URL
cslt0ii,http://imgur.com/EoWLOr0.jpg,403 Client Error: Unknown Error for url: https://imgur.com/EoWLOr0.jpg
1ouwo6,https://external-preview.redd.it/ESPM-tTuK3werLgfWG_wBsw_trUSDNU4bI5s2jVRAgQ.png?width=108&crop=smart&auto=webp&s=6bdf4d9c8ec6b3100f803c1cf0848f49a5aee344,404 Client Error: Not Found for url: https://external-preview.redd.it/ESPM-tTuK3werLgfWG_wBsw_trUSDNU4bI5s2jVRAgQ.png?width=108&crop=smart&auto=webp&s=6bdf4d9c8ec6b3100f803c1cf0848f49a5aee344
byna9k,https://preview.redd.it/u5854x7gid331.jpg?width=320&crop=smart&auto=webp&s=178e7b19c849afdffad5082df8472a6e97eeea3c,404 Client Error: Not Found for url: https://preview.redd.it/u5854x7gid331.jpg?width=320&crop=smart&auto=webp&s=178e7b19c849afdffad5082df8472a6e97eeea3c
b3hc9x,https://preview.redd.it/itvfksj08cn21.jpg?width=320&crop=smart&auto=webp&s=85b39108092a6cccb631beced61e9bee12458767,404 Client Error: Not Found for url: https://preview.redd.it/itvfksj08cn21.jpg?width=320&crop=smart&auto=webp&s=85b39108092a6cccb631beced61e9bee12458767
cpt3o3,https://preview.redd.it/616d8wfdw7g31.jpg?width=320&crop=smart&auto=webp&s=bc1017657cddb8f799f5fb41cfde41e0f8adad86,404 Client Error: Not Found for url: https://preview.redd.it/616d8wfdw7g31.jpg?width=320&crop=smart&auto=webp&s=bc1017657cddb8f799f5fb41cfde41e0f8adad86
d2yvxk,https://preview.redd.it/b6xp8bzns1m31.jpg?width=320&crop=smart&auto=webp&s=564d409400b112694e93d1415cc57d4c51cb9c3b,404 Client Error: Not Found for url: https://preview.redd.it/b6xp8bzns1m31.jpg?width=320&crop=smart&auto=webp&s=564d409400b112694e93d1415cc57d4c51cb9c3b
bleo6k,https://preview.redd.it/ozhwpb5egmw21.jpg?width=320&crop=smart&auto=webp&s=be8efc71169ac22588f6d0677ef15bb1200134bc,404 Client Error: Not Found for url: https://preview.redd.it/ozhwpb5egmw21.jpg?width=320&crop=smart&auto=webp&s=be8efc71169ac22588f6d0677ef15bb1200134bc
b1nj0q,https://preview.redd.it/kqg0vcfh7em21.jpg?width=320&crop=smart&auto=webp&s=b0dca0654ac97783de88aff5194c9af953ff08d8,404 Client Error: Not Found for url: https://preview.redd.it/kqg0vcfh7em21.jpg?width=320&crop=smart&auto=webp&s=b0dca0654ac97783de88aff5194c9af953ff08d8
clopgz,https://preview.redd.it/793qvem27be31.jpg?width=320&crop=smart&auto=webp&s=3720abe8ef5067f48613bdc56dab50aa106eb4af,404 Client Error: Not Found for url: https://preview.redd.it/793qvem27be31.jpg?width=320&crop=smart&auto=webp&s=3720abe8ef5067f48613bdc56dab50aa106eb4af
b3cwor,,missing image URL
c3beca,https://preview.redd.it/nbdbh39o1q531.jpg?width=320&crop=smart&auto=webp&s=96f25cd8af1cef9b2aa48dc3fd2d477f7790792a,404 Client Error: Not Found for url: https://preview.redd.it/nbdbh39o1q531.jpg?width=320&crop=smart&auto=webp&s=96f25cd8af1cef9b2aa48dc3fd2d477f7790792a
casjkah,http://imgur.com/6BcApMj.jpg,403 Client Error: Unknown Error for url: https://imgur.com/6BcApMj.jpg
16phi7,https://external-preview.redd.it/1O1L_JB_3AH6D6LQ-sG0z4Xw3m5w9giImtFik6wLJs0.jpg?width=320&crop=smart&auto=webp&s=a3493dedbabed68d15d63888f37945dedec7d2af,404 Client Error: Not Found for url: https://external-preview.redd.it/1O1L_JB_3AH6D6LQ-sG0z4Xw3m5w9giImtFik6wLJs0.jpg?width=320&crop=smart&auto=webp&s=a3493dedbabed68d15d63888f37945dedec7d2af
bxfz2v,https://preview.redd.it/onq28obu8q231.jpg?width=320&crop=smart&auto=webp&s=ee8ab83906186e3b3cc265379679dcf824af183d,404 Client Error: Not Found for url: https://preview.redd.it/onq28obu8q231.jpg?width=320&crop=smart&auto=webp&s=ee8ab83906186e3b3cc265379679dcf824af183d
dgtxhl,,missing image URL
cdi2abq,http://imgur.com/Z3MBJzo.jpg,403 Client Error: Unknown Error for url: https://imgur.com/Z3MBJzo.jpg
avbxti,https://preview.redd.it/2kzr2d4f63j21.jpg?width=320&crop=smart&auto=webp&s=9458de23a6256eda1c60abc77744bbd45f903b5e,404 Client Error: Not Found for url: https://preview.redd.it/2kzr2d4f63j21.jpg?width=320&crop=smart&auto=webp&s=9458de23a6256eda1c60abc77744bbd45f903b5e
de3lez,https://preview.redd.it/6qgv6krd26611.png?width=320&crop=smart&auto=webp&s=12942839d895bcdd076dbf63b45265f6fe4b4ead,404 Client Error: Not Found for url: https://preview.redd.it/6qgv6krd26611.png?width=320&crop=smart&auto=webp&s=12942839d895bcdd076dbf63b45265f6fe4b4ead
bynkb9,https://preview.redd.it/4w1elvfwmd331.jpg?width=320&crop=smart&auto=webp&s=70b3e9b3eb695c42c867fdc04a1cbc6708e53e83,404 Client Error: Not Found for url: https://preview.redd.it/4w1elvfwmd331.jpg?width=320&crop=smart&auto=webp&s=70b3e9b3eb695c42c867fdc04a1cbc6708e53e83
ai011u,https://preview.redd.it/3wc1o0c15mb21.png?width=320&crop=smart&auto=webp&s=4137aa693f142bb0d2f8629abf0416c25e920fd1,404 Client Error: Not Found for url: https://preview.redd.it/3wc1o0c15mb21.png?width=320&crop=smart&auto=webp&s=4137aa693f142bb0d2f8629abf0416c25e920fd1
9c0ehx,https://preview.redd.it/9yptc3hp2kj11.jpg?width=320&crop=smart&auto=webp&s=f9d84c22a127cd61e37d3742f0652374ef37247d,404 Client Error: Not Found for url: https://preview.redd.it/9yptc3hp2kj11.jpg?width=320&crop=smart&auto=webp&s=f9d84c22a127cd61e37d3742f0652374ef37247d
4ox55d,https://preview.redd.it/gy0s2syvpd4x.jpg?width=320&crop=smart&auto=webp&s=e452b7160b68488bf3f52b2e5c8572b35d417c01,404 Client Error: Not Found for url: https://preview.redd.it/gy0s2syvpd4x.jpg?width=320&crop=smart&auto=webp&s=e452b7160b68488bf3f52b2e5c8572b35d417c01
cplfik,https://preview.redd.it/87el19ws44g31.jpg?width=320&crop=smart&auto=webp&s=38fb5ece93b18a9a426739fc41ca60c74212234d,404 Client Error: Not Found for url: https://preview.redd.it/87el19ws44g31.jpg?width=320&crop=smart&auto=webp&s=38fb5ece93b18a9a426739fc41ca60c74212234d
bf3c9h,https://preview.redd.it/4yxq3znax9t21.jpg?width=320&crop=smart&auto=webp&s=8b2df8231fafb3913a733dbfea09f81f6be76e70,404 Client Error: Not Found for url: https://preview.redd.it/4yxq3znax9t21.jpg?width=320&crop=smart&auto=webp&s=8b2df8231fafb3913a733dbfea09f81f6be76e70
cbp64bd,http://imgur.com/8wwgBma.jpg,403 Client Error: Unknown Error for url: https://imgur.com/8wwgBma.jpg
b44yzd,https://preview.redd.it/8lvsxjnx7on21.jpg?width=320&crop=smart&auto=webp&s=5477f27052280e70ebe92f42510d5c8ca76217f1,404 Client Error: Not Found for url: https://preview.redd.it/8lvsxjnx7on21.jpg?width=320&crop=smart&auto=webp&s=5477f27052280e70ebe92f42510d5c8ca76217f1
d65y0p,https://preview.redd.it/qux4oaxizfn31.png?width=320&crop=smart&auto=webp&s=c78f4dc2b85fcaee80f2e4314febad9ecb3f784d,404 Client Error: Not Found for url: https://preview.redd.it/qux4oaxizfn31.png?width=320&crop=smart&auto=webp&s=c78f4dc2b85fcaee80f2e4314febad9ecb3f784d
d6itfht,http://imgur.com/Y2qubl5.jpg,403 Client Error: Unknown Error for url: https://imgur.com/Y2qubl5.jpg
cm3y5d,https://preview.redd.it/6nm076r20je31.jpg?width=320&crop=smart&auto=webp&s=4b1b3be75f3eca226c2372c961a9985442cf3f61,404 Client Error: Not Found for url: https://preview.redd.it/6nm076r20je31.jpg?width=320&crop=smart&auto=webp&s=4b1b3be75f3eca226c2372c961a9985442cf3f61
8njb0s,https://preview.redd.it/v38gdf0zi7111.png?width=320&crop=smart&auto=webp&s=31a7a4b74212ee6e6ff529bf1c13770cda121d21,404 Client Error: Not Found for url: https://preview.redd.it/v38gdf0zi7111.png?width=320&crop=smart&auto=webp&s=31a7a4b74212ee6e6ff529bf1c13770cda121d21
aw7z3i,https://preview.redd.it/klttdc3bvjj21.jpg?width=320&crop=smart&auto=webp&s=fa93bc5bfbbb4d5485af5800f0c914cc48d94aeb,404 Client Error: Not Found for url: https://preview.redd.it/klttdc3bvjj21.jpg?width=320&crop=smart&auto=webp&s=fa93bc5bfbbb4d5485af5800f0c914cc48d94aeb
dbg38v,https://preview.redd.it/mrrovrrh0sp31.jpg?width=320&crop=smart&auto=webp&s=62dbac5d885cc3517020800b1373676038a0260c,404 Client Error: Not Found for url: https://preview.redd.it/mrrovrrh0sp31.jpg?width=320&crop=smart&auto=webp&s=62dbac5d885cc3517020800b1373676038a0260c
dwcu8eh,https://imgur.com/9817ulO.jpg,403 Client Error: Unknown Error for url: https://imgur.com/9817ulO.jpg
9g3pxl,https://preview.redd.it/a0e2grzy2gm11.jpg?width=320&crop=smart&auto=webp&s=40c21641da40362c78450288734bd3cc25ed9cfe,404 Client Error: Not Found for url: https://preview.redd.it/a0e2grzy2gm11.jpg?width=320&crop=smart&auto=webp&s=40c21641da40362c78450288734bd3cc25ed9cfe
741ulh,https://external-preview.redd.it/JE5v1BJsIlc2DiVs1rwqi6CLE49u9lcH1SVOoMRTF3k.jpg?width=320&crop=smart&auto=webp&s=b3d81215eab9b3b229e6ffd236587b1513734be9,404 Client Error: Not Found for url: https://external-preview.redd.it/JE5v1BJsIlc2DiVs1rwqi6CLE49u9lcH1SVOoMRTF3k.jpg?width=320&crop=smart&auto=webp&s=b3d81215eab9b3b229e6ffd236587b1513734be9
9b256k,https://preview.redd.it/svfh84qhwbi11.jpg?width=320&crop=smart&auto=webp&s=ecb30e2ed9b0a3875071a63d52b526cbc9422234,404 Client Error: Not Found for url: https://preview.redd.it/svfh84qhwbi11.jpg?width=320&crop=smart&auto=webp&s=ecb30e2ed9b0a3875071a63d52b526cbc9422234
d8qjq9,https://preview.redd.it/h5ol8zbqvko31.jpg?width=320&crop=smart&auto=webp&s=d8e8c7e071463832cac9865512fb8021b33c84d4,404 Client Error: Not Found for url: https://preview.redd.it/h5ol8zbqvko31.jpg?width=320&crop=smart&auto=webp&s=d8e8c7e071463832cac9865512fb8021b33c84d4
ba3r2p,https://preview.redd.it/0pbbjta8zmq21.jpg?width=320&crop=smart&auto=webp&s=9a39efc95a64692cd615b6b21784e42587fbf69c,404 Client Error: Not Found for url: https://preview.redd.it/0pbbjta8zmq21.jpg?width=320&crop=smart&auto=webp&s=9a39efc95a64692cd615b6b21784e42587fbf69c
chxc7fk,http://imgur.com/ZpWTu7L.jpg,403 Client Error: Unknown Error for url: https://imgur.com/ZpWTu7L.jpg
71eyz8,,missing image URL
b7ogux,https://preview.redd.it/yzrc4bu5vgp21.jpg?width=320&crop=smart&auto=webp&s=cdb1ba6c646286f0bc02aa31bb642c0499f16ae4,404 Client Error: Not Found for url: https://preview.redd.it/yzrc4bu5vgp21.jpg?width=320&crop=smart&auto=webp&s=cdb1ba6c646286f0bc02aa31bb642c0499f16ae4
20s889,,missing image URL
cnruk3z,http://imgur.com/4awfnkp.jpg,403 Client Error: Unknown Error for url: https://imgur.com/4awfnkp.jpg
bp8da5,https://preview.redd.it/cdjclz1v5iy21.jpg?width=320&crop=smart&auto=webp&s=dfd28974873d3bf3e489b24b6fe32c09321cf7c0,404 Client Error: Not Found for url: https://preview.redd.it/cdjclz1v5iy21.jpg?width=320&crop=smart&auto=webp&s=dfd28974873d3bf3e489b24b6fe32c09321cf7c0
b8yh99,https://preview.redd.it/g73c0ags42q21.jpg?width=320&crop=smart&auto=webp&s=cc2f904f0e877f638fc23b58c2d88c658ae46edb,404 Client Error: Not Found for url: https://preview.redd.it/g73c0ags42q21.jpg?width=320&crop=smart&auto=webp&s=cc2f904f0e877f638fc23b58c2d88c658ae46edb
b2g4vn,https://preview.redd.it/pycq2o049um21.jpg?width=320&crop=smart&auto=webp&s=a868f71f6845b66a9361f076c4757ee6c2b88cc0,404 Client Error: Not Found for url: https://preview.redd.it/pycq2o049um21.jpg?width=320&crop=smart&auto=webp&s=a868f71f6845b66a9361f076c4757ee6c2b88cc0
dj450rx,http://cdn.playbuzz.com/cdn/c49bea0d-49b6-4d7c-8585-5f2d36cbe46e/c2734338-dd56-442f-82b2-7fbd2f8c2176.jpg,non-image content: jpg
6mhia4,,missing image URL
8tpsuv,https://preview.redd.it/ilga8lo0k2611.jpg?width=320&crop=smart&auto=webp&s=36eafb239e1dc20da0784cba206b28474990446b,404 Client Error: Not Found for url: https://preview.redd.it/ilga8lo0k2611.jpg?width=320&crop=smart&auto=webp&s=36eafb239e1dc20da0784cba206b28474990446b
bhcbd3,https://preview.redd.it/gi6mfsz2igu21.jpg?width=320&crop=smart&auto=webp&s=352344934043767217c5863aeb0b11228c09f836,404 Client Error: Not Found for url: https://preview.redd.it/gi6mfsz2igu21.jpg?width=320&crop=smart&auto=webp&s=352344934043767217c5863aeb0b11228c09f836
3x4rx7,https://external-preview.redd.it/ESPM-tTuK3werLgfWG_wBsw_trUSDNU4bI5s2jVRAgQ.png?width=108&crop=smart&auto=webp&s=6bdf4d9c8ec6b3100f803c1cf0848f49a5aee344,404 Client Error: Not Found for url: https://external-preview.redd.it/ESPM-tTuK3werLgfWG_wBsw_trUSDNU4bI5s2jVRAgQ.png?width=108&crop=smart&auto=webp&s=6bdf4d9c8ec6b3100f803c1cf0848f49a5aee344
buypsb,https://preview.redd.it/e0wbdcyx0f131.jpg?width=320&crop=smart&auto=webp&s=3349a9c7d016b91a03ace083d3be5dad97cfc973,404 Client Error: Not Found for url: https://preview.redd.it/e0wbdcyx0f131.jpg?width=320&crop=smart&auto=webp&s=3349a9c7d016b91a03ace083d3be5dad97cfc973
b4jxii,https://preview.redd.it/oi6vmyopsvn21.jpg?width=320&crop=smart&auto=webp&s=178ddf7407e24c52ba585c0b3d830a2a384ed1ce,404 Client Error: Not Found for url: https://preview.redd.it/oi6vmyopsvn21.jpg?width=320&crop=smart&auto=webp&s=178ddf7407e24c52ba585c0b3d830a2a384ed1ce
cw747d,https://preview.redd.it/nzqdo2ivt0j31.jpg?width=320&crop=smart&auto=webp&s=f5dfaf9b308e4420013fcbb9269c37e2cb06ee65,404 Client Error: Not Found for url: https://preview.redd.it/nzqdo2ivt0j31.jpg?width=320&crop=smart&auto=webp&s=f5dfaf9b308e4420013fcbb9269c37e2cb06ee65
3ch7x8,https://external-preview.redd.it/cII5vC3rPk2ICQF7rlR8A-Ihx1UVyl5tauqMzeJNVCk.jpg?width=108&crop=smart&auto=webp&s=a7bb3481fab071e648f4a59bed06a785e400e7c2,404 Client Error: Not Found for url: https://external-preview.redd.it/cII5vC3rPk2ICQF7rlR8A-Ihx1UVyl5tauqMzeJNVCk.jpg?width=108&crop=smart&auto=webp&s=a7bb3481fab071e648f4a59bed06a785e400e7c2
c8cl38,https://preview.redd.it/rl4xorawkx731.jpg?width=320&crop=smart&auto=webp&s=db662cf5e06d18b812dce899907433145c4dc559,404 Client Error: Not Found for url: https://preview.redd.it/rl4xorawkx731.jpg?width=320&crop=smart&auto=webp&s=db662cf5e06d18b812dce899907433145c4dc559
9g4w9w,https://preview.redd.it/qu9fg435ugm11.jpg?width=320&crop=smart&auto=webp&s=fde4b1b58837d5c80b43e5bfb486ba4f06814b5c,404 Client Error: Not Found for url: https://preview.redd.it/qu9fg435ugm11.jpg?width=320&crop=smart&auto=webp&s=fde4b1b58837d5c80b43e5bfb486ba4f06814b5c
d2zrpg,https://preview.redd.it/7empr75n42m31.jpg?width=320&crop=smart&auto=webp&s=cf45dfb3b904dceb20648e1b9d796caa4623b7af,404 Client Error: Not Found for url: https://preview.redd.it/7empr75n42m31.jpg?width=320&crop=smart&auto=webp&s=cf45dfb3b904dceb20648e1b9d796caa4623b7af
z0w2o,https://external-preview.redd.it/rw3C157-mb0CTpawp_iy2QUuOWtOs9AaKwKVk8JT52w.jpg?width=108&crop=smart&auto=webp&s=13f10bd79b14373c26cda336f47e723faa67d7a9,404 Client Error: Not Found for url: https://external-preview.redd.it/rw3C157-mb0CTpawp_iy2QUuOWtOs9AaKwKVk8JT52w.jpg?width=108&crop=smart&auto=webp&s=13f10bd79b14373c26cda336f47e723faa67d7a9
6t0vxz,https://preview.redd.it/l2rr25ert3fz.jpg?width=320&crop=smart&auto=webp&s=69ae50d58521cfe6bac4d3ece7fb044cd8733b6c,404 Client Error: Not Found for url: https://preview.redd.it/l2rr25ert3fz.jpg?width=320&crop=smart&auto=webp&s=69ae50d58521cfe6bac4d3ece7fb044cd8733b6c
bra3wq,https://preview.redd.it/pkxwlcw7bkz21.jpg?width=320&crop=smart&auto=webp&s=01571e21d916acdd68d9d42019641b0a4606212a,404 Client Error: Not Found for url: https://preview.redd.it/pkxwlcw7bkz21.jpg?width=320&crop=smart&auto=webp&s=01571e21d916acdd68d9d42019641b0a4606212a
at9gz1,https://preview.redd.it/8aqz3wcm00i21.jpg?width=320&crop=smart&auto=webp&s=a353933b01d89333f78681f793dd0e531d6dfa27,404 Client Error: Not Found for url: https://preview.redd.it/8aqz3wcm00i21.jpg?width=320&crop=smart&auto=webp&s=a353933b01d89333f78681f793dd0e531d6dfa27
6d43az,https://preview.redd.it/wdz44t7bthzy.jpg?width=320&crop=smart&auto=webp&s=dd58b98026b92c89325295970a9bd965d662424a,404 Client Error: Not Found for url: https://preview.redd.it/wdz44t7bthzy.jpg?width=320&crop=smart&auto=webp&s=dd58b98026b92c89325295970a9bd965d662424a
4nvply,https://external-preview.redd.it/oLb0bGEHEDOTRfkFeE_wievxSbGHY5zmGk28CyUSvwM.jpg?width=320&crop=smart&auto=webp&s=5586f6620f1e0d3019ff812184f9ac08cb156f8e,404 Client Error: Not Found for url: https://external-preview.redd.it/oLb0bGEHEDOTRfkFeE_wievxSbGHY5zmGk28CyUSvwM.jpg?width=320&crop=smart&auto=webp&s=5586f6620f1e0d3019ff812184f9ac08cb156f8e
cw2h9cn,http://images.askmen.com/galleries/men/harry-connick-jr-/pictures/harry-connick-jr--picture-2.jpg,530 Server Error: <none> for url: http://images.askmen.com/galleries/men/harry-connick-jr-/pictures/harry-connick-jr--picture-2.jpg
bri92z,https://preview.redd.it/i3uugq4gtnz21.jpg?width=320&crop=smart&auto=webp&s=b892cd76115f53f311c8e22bd2ee8300e4b3728a,404 Client Error: Not Found for url: https://preview.redd.it/i3uugq4gtnz21.jpg?width=320&crop=smart&auto=webp&s=b892cd76115f53f311c8e22bd2ee8300e4b3728a
c3mdnq,https://preview.redd.it/g2zja5iesu531.jpg?width=320&crop=smart&auto=webp&s=56d2e635a86809cdc6ce3b65a1463e3b57937077,404 Client Error: Not Found for url: https://preview.redd.it/g2zja5iesu531.jpg?width=320&crop=smart&auto=webp&s=56d2e635a86809cdc6ce3b65a1463e3b57937077
c7tx7ra,http://imgur.com/sGSfD.jpg,403 Client Error: Unknown Error for url: https://imgur.com/sGSfD.jpg
d4uf3v,https://preview.redd.it/7duyp2db9vm31.jpg?width=320&crop=smart&auto=webp&s=30cb072428e09fe460c26409875756d36e4031a4,404 Client Error: Not Found for url: https://preview.redd.it/7duyp2db9vm31.jpg?width=320&crop=smart&auto=webp&s=30cb072428e09fe460c26409875756d36e4031a4
czok162,http://i.imgur.com/awiZtz1.jpg,"HTTPConnectionPool(host='i.imgur.com', port=80): Max retries exceeded with url: /awiZtz1.jpg (Caused by ConnectTimeoutError(<HTTPConnection(host='i.imgur.com', port=80) at 0x175db06ade0>, 'Connection to i.imgur.com timed out. (connect timeout=15)'))"
36w2j8,https://external-preview.redd.it/ESPM-tTuK3werLgfWG_wBsw_trUSDNU4bI5s2jVRAgQ.png?width=108&crop=smart&auto=webp&s=6bdf4d9c8ec6b3100f803c1cf0848f49a5aee344,404 Client Error: Not Found for url: https://external-preview.redd.it/ESPM-tTuK3werLgfWG_wBsw_trUSDNU4bI5s2jVRAgQ.png?width=108&crop=smart&auto=webp&s=6bdf4d9c8ec6b3100f803c1cf0848f49a5aee344
1f8xuw,https://external-preview.redd.it/liZuMJ079BxMHvzVfyflEw3CFD0k2SARPEZh5mzuMsQ.jpg?width=320&crop=smart&auto=webp&s=9e1e824123dc8c074b5653033ec7bb7f4e06cd4d,404 Client Error: Not Found for url: https://external-preview.redd.it/liZuMJ079BxMHvzVfyflEw3CFD0k2SARPEZh5mzuMsQ.jpg?width=320&crop=smart&auto=webp&s=9e1e824123dc8c074b5653033ec7bb7f4e06cd4d
9bmx7u,https://preview.redd.it/2t0yd0x0caj11.jpg?width=320&crop=smart&auto=webp&s=78520470c483b90f6b8909073c424e60ac373d8d,404 Client Error: Not Found for url: https://preview.redd.it/2t0yd0x0caj11.jpg?width=320&crop=smart&auto=webp&s=78520470c483b90f6b8909073c424e60ac373d8d
dam4ap,https://preview.redd.it/4nbsfl0fkep31.png?width=320&crop=smart&auto=webp&s=7272a0d583a9b7bf185d21cf8c876b103eb3129e,404 Client Error: Not Found for url: https://preview.redd.it/4nbsfl0fkep31.png?width=320&crop=smart&auto=webp&s=7272a0d583a9b7bf185d21cf8c876b103eb3129e
c299fp,https://preview.redd.it/thqsf9xt47531.jpg?width=320&crop=smart&auto=webp&s=e576f8db634c6920e3748d95072267624b9f468f,404 Client Error: Not Found for url: https://preview.redd.it/thqsf9xt47531.jpg?width=320&crop=smart&auto=webp&s=e576f8db634c6920e3748d95072267624b9f468f
7c772w,https://preview.redd.it/z4fasrayvaxz.png?width=320&crop=smart&auto=webp&s=6438924aa4e39761cf3150c3b48d4aca5ac49988,404 Client Error: Not Found for url: https://preview.redd.it/z4fasrayvaxz.png?width=320&crop=smart&auto=webp&s=6438924aa4e39761cf3150c3b48d4aca5ac49988
ccwjgn,https://preview.redd.it/mzo18o6iw5a31.jpg?width=320&crop=smart&auto=webp&s=dec120f051743f11db1a0aafa8463ead53cda01d,404 Client Error: Not Found for url: https://preview.redd.it/mzo18o6iw5a31.jpg?width=320&crop=smart&auto=webp&s=dec120f051743f11db1a0aafa8463ead53cda01d
b53ymr,https://preview.redd.it/h4ouhpcpw5o21.jpg?width=320&crop=smart&auto=webp&s=707d80f4c7923e9b935dc189c6f0900595339749,404 Client Error: Not Found for url: https://preview.redd.it/h4ouhpcpw5o21.jpg?width=320&crop=smart&auto=webp&s=707d80f4c7923e9b935dc189c6f0900595339749
dersau,https://preview.redd.it/mgsrp9cpf7r31.jpg?width=320&crop=smart&auto=webp&s=c263cf593ceb02a7eaaa58936810d1a039444d73,404 Client Error: Not Found for url: https://preview.redd.it/mgsrp9cpf7r31.jpg?width=320&crop=smart&auto=webp&s=c263cf593ceb02a7eaaa58936810d1a039444d73
dtbl0n4,https://img00.deviantart.net/de99/i/2018/027/4/7/meow_by_holt5-dc1bb2h.jpg,404 Client Error: Not Found for url: https://img00.deviantart.net/de99/i/2018/027/4/7/meow_by_holt5-dc1bb2h.jpg
71bixk,https://preview.redd.it/fhqntg2rv1nz.jpg?width=320&crop=smart&auto=webp&s=510efbe64f2675dd9c7e9fc535306e528b6a6170,404 Client Error: Not Found for url: https://preview.redd.it/fhqntg2rv1nz.jpg?width=320&crop=smart&auto=webp&s=510efbe64f2675dd9c7e9fc535306e528b6a6170
7t21nx,https://preview.redd.it/v5v6trfy4cc01.jpg?width=320&crop=smart&auto=webp&s=dfaf03b9f6d072df35a5a05d1ea386db8da2dcc5,404 Client Error: Not Found for url: https://preview.redd.it/v5v6trfy4cc01.jpg?width=320&crop=smart&auto=webp&s=dfaf03b9f6d072df35a5a05d1ea386db8da2dcc5
dw8aqok,https://imgur.com/QwnVMGy.jpg,403 Client Error: Unknown Error for url: https://imgur.com/QwnVMGy.jpg
cmrqyc,https://preview.redd.it/v57qs4s5gue31.jpg?width=320&crop=smart&auto=webp&s=11c5bf439a5a7747e981a339ebe26066b50da075,404 Client Error: Not Found for url: https://preview.redd.it/v57qs4s5gue31.jpg?width=320&crop=smart&auto=webp&s=11c5bf439a5a7747e981a339ebe26066b50da075
bnrz8k,https://preview.redd.it/tqjsn8jqltx21.jpg?width=320&crop=smart&auto=webp&s=1ecb1ffa2bc503ee7afceda7c10cb167c81cb857,404 Client Error: Not Found for url: https://preview.redd.it/tqjsn8jqltx21.jpg?width=320&crop=smart&auto=webp&s=1ecb1ffa2bc503ee7afceda7c10cb167c81cb857
bbxsfl,https://preview.redd.it/vn5yizs1tlr21.jpg?width=320&crop=smart&auto=webp&s=9f30f60cf3f3edfea3d11f14cbe30d1bf31bd677,404 Client Error: Not Found for url: https://preview.redd.it/vn5yizs1tlr21.jpg?width=320&crop=smart&auto=webp&s=9f30f60cf3f3edfea3d11f14cbe30d1bf31bd677
cb407w,https://preview.redd.it/xfk6rlbxcb931.jpg?width=320&crop=smart&auto=webp&s=414131d1a230c775fa4ffcf4ba6ecb5f26ece104,404 Client Error: Not Found for url: https://preview.redd.it/xfk6rlbxcb931.jpg?width=320&crop=smart&auto=webp&s=414131d1a230c775fa4ffcf4ba6ecb5f26ece104
av2h37,https://preview.redd.it/088y6f6gdyi21.jpg?width=320&crop=smart&auto=webp&s=d23b8fbfb84ea68ae915e837cd7076a7982b4df0,404 Client Error: Not Found for url: https://preview.redd.it/088y6f6gdyi21.jpg?width=320&crop=smart&auto=webp&s=d23b8fbfb84ea68ae915e837cd7076a7982b4df0
eo1agbp,https://i.redd.it/ibuv6rfrqzy21.jpg,404 Client Error: Not Found for url: https://i.redd.it/ibuv6rfrqzy21.jpg
12pit8,https://external-preview.redd.it/rw3C157-mb0CTpawp_iy2QUuOWtOs9AaKwKVk8JT52w.jpg?width=108&crop=smart&auto=webp&s=13f10bd79b14373c26cda336f47e723faa67d7a9,404 Client Error: Not Found for url: https://external-preview.redd.it/rw3C157-mb0CTpawp_iy2QUuOWtOs9AaKwKVk8JT52w.jpg?width=108&crop=smart&auto=webp&s=13f10bd79b14373c26cda336f47e723faa67d7a9
8ojeb9,https://preview.redd.it/xwxwotd3x0211.jpg?width=320&crop=smart&auto=webp&s=3ad1e4d74d50cf561712807bb83d75b86b1909ff,404 Client Error: Not Found for url: https://preview.redd.it/xwxwotd3x0211.jpg?width=320&crop=smart&auto=webp&s=3ad1e4d74d50cf561712807bb83d75b86b1909ff
1wv9o2,https://external-preview.redd.it/ESPM-tTuK3werLgfWG_wBsw_trUSDNU4bI5s2jVRAgQ.png?width=108&crop=smart&auto=webp&s=6bdf4d9c8ec6b3100f803c1cf0848f49a5aee344,404 Client Error: Not Found for url: https://external-preview.redd.it/ESPM-tTuK3werLgfWG_wBsw_trUSDNU4bI5s2jVRAgQ.png?width=108&crop=smart&auto=webp&s=6bdf4d9c8ec6b3100f803c1cf0848f49a5aee344
4dccno,https://external-preview.redd.it/ESPM-tTuK3werLgfWG_wBsw_trUSDNU4bI5s2jVRAgQ.png?width=108&crop=smart&auto=webp&s=6bdf4d9c8ec6b3100f803c1cf0848f49a5aee344,404 Client Error: Not Found for url: https://external-preview.redd.it/ESPM-tTuK3werLgfWG_wBsw_trUSDNU4bI5s2jVRAgQ.png?width=108&crop=smart&auto=webp&s=6bdf4d9c8ec6b3100f803c1cf0848f49a5aee344
clai1l,https://preview.redd.it/uap5g6sxw3e31.jpg?width=320&crop=smart&auto=webp&s=82194135a63dc0a6c76a842a795980db4b19e6f5,404 Client Error: Not Found for url: https://preview.redd.it/uap5g6sxw3e31.jpg?width=320&crop=smart&auto=webp&s=82194135a63dc0a6c76a842a795980db4b19e6f5
ct6sdh,https://preview.redd.it/s7d32pbcboh31.jpg?width=320&crop=smart&auto=webp&s=efa86045c02a7f793f2cedda2806e51475637311,404 Client Error: Not Found for url: https://preview.redd.it/s7d32pbcboh31.jpg?width=320&crop=smart&auto=webp&s=efa86045c02a7f793f2cedda2806e51475637311
6l8mad,https://preview.redd.it/xa393olc7m7z.jpg?width=320&crop=smart&auto=webp&s=7605ddbe12451ac61a27dcd4e32499aae1253dc8,404 Client Error: Not Found for url: https://preview.redd.it/xa393olc7m7z.jpg?width=320&crop=smart&auto=webp&s=7605ddbe12451ac61a27dcd4e32499aae1253dc8
6xwmxx,https://preview.redd.it/x3bdvssx6rjz.jpg?width=320&crop=smart&auto=webp&s=1a23a0e65bc21828caf160850d61cb9a856a13d1,404 Client Error: Not Found for url: https://preview.redd.it/x3bdvssx6rjz.jpg?width=320&crop=smart&auto=webp&s=1a23a0e65bc21828caf160850d61cb9a856a13d1
8ewicz,https://preview.redd.it/eafo8vg704u01.jpg?width=320&crop=smart&auto=webp&s=5ddbe4d17138d55f66e7076b6816c13056e087f6,404 Client Error: Not Found for url: https://preview.redd.it/eafo8vg704u01.jpg?width=320&crop=smart&auto=webp&s=5ddbe4d17138d55f66e7076b6816c13056e087f6
czbbzi,https://preview.redd.it/l87lelx58gk31.jpg?width=320&crop=smart&auto=webp&s=644606863cdb0f7e82a9eae3c79357ccac078ee0,404 Client Error: Not Found for url: https://preview.redd.it/l87lelx58gk31.jpg?width=320&crop=smart&auto=webp&s=644606863cdb0f7e82a9eae3c79357ccac078ee0
aupehn,https://preview.redd.it/sgl3zmifqri21.jpg?width=320&crop=smart&auto=webp&s=b25525bd29168e28ec5a199ae2d9cf472439e53a,404 Client Error: Not Found for url: https://preview.redd.it/sgl3zmifqri21.jpg?width=320&crop=smart&auto=webp&s=b25525bd29168e28ec5a199ae2d9cf472439e53a
258a2s,https://external-preview.redd.it/ESPM-tTuK3werLgfWG_wBsw_trUSDNU4bI5s2jVRAgQ.png?width=108&crop=smart&auto=webp&s=6bdf4d9c8ec6b3100f803c1cf0848f49a5aee344,404 Client Error: Not Found for url: https://external-preview.redd.it/ESPM-tTuK3werLgfWG_wBsw_trUSDNU4bI5s2jVRAgQ.png?width=108&crop=smart&auto=webp&s=6bdf4d9c8ec6b3100f803c1cf0848f49a5aee344
6dd6jn,,missing image URL
cjkbwd,https://preview.redd.it/pixbsj8notc21.jpg?width=320&crop=smart&auto=webp&s=58f0160f73919cf8b242dc62d4f310de8ebb7bd1,404 Client Error: Not Found for url: https://preview.redd.it/pixbsj8notc21.jpg?width=320&crop=smart&auto=webp&s=58f0160f73919cf8b242dc62d4f310de8ebb7bd1
ejdckqe,https://imgur.com/UkIgLt8.jpg,403 Client Error: Unknown Error for url: https://imgur.com/UkIgLt8.jpg
bwmw3m,https://preview.redd.it/ew2kijwzab231.jpg?width=320&crop=smart&auto=webp&s=f79de0de3ad231f8bfe68d9b5491967822261c35,404 Client Error: Not Found for url: https://preview.redd.it/ew2kijwzab231.jpg?width=320&crop=smart&auto=webp&s=f79de0de3ad231f8bfe68d9b5491967822261c35
d4u6uh,https://preview.redd.it/zhvqryuo5vm31.jpg?width=320&crop=smart&auto=webp&s=950be318c9328a8096364d059baf2d8582d026ca,404 Client Error: Not Found for url: https://preview.redd.it/zhvqryuo5vm31.jpg?width=320&crop=smart&auto=webp&s=950be318c9328a8096364d059baf2d8582d026ca
ch3kry1,http://imgur.com/JaV5HI2%2ejpg,403 Client Error: Unknown Error for url: https://imgur.com/JaV5HI2.jpg
d1kxcff,http://acimg.auctivacommerce.com/imgdata/0/1/9/3/9/7/webimg/7754626.jpg,non-image content: text/html; charset=utf-8
bcpyow,https://preview.redd.it/n3yz4wxiy0s21.jpg?width=320&crop=smart&auto=webp&s=164f994961dd5baed97fd45505fddfaa762a11dc,404 Client Error: Not Found for url: https://preview.redd.it/n3yz4wxiy0s21.jpg?width=320&crop=smart&auto=webp&s=164f994961dd5baed97fd45505fddfaa762a11dc
duckq02,https://imgur.com/ykTcqIJ.jpg,403 Client Error: Unknown Error for url: https://imgur.com/ykTcqIJ.jpg
cebtyjf,http://classconnection.s3.amazonaws.com/819/flashcards/1226819/jpg/weegeeconey1330429366899.jpg,403 Client Error: Forbidden for url: http://classconnection.s3.amazonaws.com/819/flashcards/1226819/jpg/weegeeconey1330429366899.jpg
c945d5j,http://imgur.com/YQZA47j.jpg,403 Client Error: Unknown Error for url: https://imgur.com/YQZA47j.jpg
529v4l,https://preview.redd.it/fqhdaxxsxxkx.jpg?width=320&crop=smart&auto=webp&s=59d72a160902f7eab37f4d4a22b9f7a10c62cf54,404 Client Error: Not Found for url: https://preview.redd.it/fqhdaxxsxxkx.jpg?width=320&crop=smart&auto=webp&s=59d72a160902f7eab37f4d4a22b9f7a10c62cf54
9fylsk,https://preview.redd.it/km9osjfosbm11.jpg?width=320&crop=smart&auto=webp&s=acf12870a2dd3a049dc73b715309f2f3acdc7163,404 Client Error: Not Found for url: https://preview.redd.it/km9osjfosbm11.jpg?width=320&crop=smart&auto=webp&s=acf12870a2dd3a049dc73b715309f2f3acdc7163
c1err0,,missing image URL
62qo7x,https://preview.redd.it/mhabl0xtfvoy.jpg?width=320&crop=smart&auto=webp&s=0fa77bda7c51cdac7e970ab27dbd3465acaf8474,404 Client Error: Not Found for url: https://preview.redd.it/mhabl0xtfvoy.jpg?width=320&crop=smart&auto=webp&s=0fa77bda7c51cdac7e970ab27dbd3465acaf8474
ceufil,https://preview.redd.it/vus2ieim53b31.jpg?width=320&crop=smart&auto=webp&s=2fcc5632f134250814864b9b4f7261c97e64af26,404 Client Error: Not Found for url: https://preview.redd.it/vus2ieim53b31.jpg?width=320&crop=smart&auto=webp&s=2fcc5632f134250814864b9b4f7261c97e64af26
27hk3t,https://external-preview.redd.it/ESPM-tTuK3werLgfWG_wBsw_trUSDNU4bI5s2jVRAgQ.png?width=108&crop=smart&auto=webp&s=6bdf4d9c8ec6b3100f803c1cf0848f49a5aee344,404 Client Error: Not Found for url: https://external-preview.redd.it/ESPM-tTuK3werLgfWG_wBsw_trUSDNU4bI5s2jVRAgQ.png?width=108&crop=smart&auto=webp&s=6bdf4d9c8ec6b3100f803c1cf0848f49a5aee344
24ty26,https://external-preview.redd.it/ESPM-tTuK3werLgfWG_wBsw_trUSDNU4bI5s2jVRAgQ.png?width=108&crop=smart&auto=webp&s=6bdf4d9c8ec6b3100f803c1cf0848f49a5aee344,404 Client Error: Not Found for url: https://external-preview.redd.it/ESPM-tTuK3werLgfWG_wBsw_trUSDNU4bI5s2jVRAgQ.png?width=108&crop=smart&auto=webp&s=6bdf4d9c8ec6b3100f803c1cf0848f49a5aee344
7tlry7,https://preview.redd.it/tbarzebjkuc01.jpg?width=320&crop=smart&auto=webp&s=0a41a0137aeeef0558fba0aaf73a6b8c3bd6587f,404 Client Error: Not Found for url: https://preview.redd.it/tbarzebjkuc01.jpg?width=320&crop=smart&auto=webp&s=0a41a0137aeeef0558fba0aaf73a6b8c3bd6587f
83aeap,https://preview.redd.it/ysn4ryg55tk01.jpg?width=320&crop=smart&auto=webp&s=7e3376659260a8a8276a6adffb671556dacc631b,404 Client Error: Not Found for url: https://preview.redd.it/ysn4ryg55tk01.jpg?width=320&crop=smart&auto=webp&s=7e3376659260a8a8276a6adffb671556dacc631b
crs2m3,https://preview.redd.it/rcil7xu3s2h31.jpg?width=320&crop=smart&auto=webp&s=e26dd911e09aab1169d06a347921ab8f13f683fb,404 Client Error: Not Found for url: https://preview.redd.it/rcil7xu3s2h31.jpg?width=320&crop=smart&auto=webp&s=e26dd911e09aab1169d06a347921ab8f13f683fb
66i2ir,https://preview.redd.it/p2b3au8kypsy.jpg?width=320&crop=smart&auto=webp&s=2d74bcf076b7dccaccdc2fd29b695ef9c9dc816d,404 Client Error: Not Found for url: https://preview.redd.it/p2b3au8kypsy.jpg?width=320&crop=smart&auto=webp&s=2d74bcf076b7dccaccdc2fd29b695ef9c9dc816d
2i0wwa,https://external-preview.redd.it/ESPM-tTuK3werLgfWG_wBsw_trUSDNU4bI5s2jVRAgQ.png?width=108&crop=smart&auto=webp&s=6bdf4d9c8ec6b3100f803c1cf0848f49a5aee344,404 Client Error: Not Found for url: https://external-preview.redd.it/ESPM-tTuK3werLgfWG_wBsw_trUSDNU4bI5s2jVRAgQ.png?width=108&crop=smart&auto=webp&s=6bdf4d9c8ec6b3100f803c1cf0848f49a5aee344
5u4aid,https://external-preview.redd.it/ofdsJLUsElTsNzEjwXzaPJeep0rK2cX6QZehihQKCUs.jpg?width=108&crop=smart&auto=webp&s=f107646ce346f5e641ecdbc2d08a624f2716beef,404 Client Error: Not Found for url: https://external-preview.redd.it/ofdsJLUsElTsNzEjwXzaPJeep0rK2cX6QZehihQKCUs.jpg?width=108&crop=smart&auto=webp&s=f107646ce346f5e641ecdbc2d08a624f2716beef
5ojqjs,https://preview.redd.it/im9g8cetebay.jpg?width=320&crop=smart&auto=webp&s=b93ac9c4701f406383fa266bd765a7e782697ca9,404 Client Error: Not Found for url: https://preview.redd.it/im9g8cetebay.jpg?width=320&crop=smart&auto=webp&s=b93ac9c4701f406383fa266bd765a7e782697ca9
dpzftzy,https://i.redd.it/6vfqbg4domyz.jpg,404 Client Error: Not Found for url: https://i.redd.it/6vfqbg4domyz.jpg
bcbezf,https://preview.redd.it/fry3jxdvusr21.jpg?width=320&crop=smart&auto=webp&s=5cdbed96beb69f5c0e210a8338a30d6ceb9750be,404 Client Error: Not Found for url: https://preview.redd.it/fry3jxdvusr21.jpg?width=320&crop=smart&auto=webp&s=5cdbed96beb69f5c0e210a8338a30d6ceb9750be
bp1utm,https://preview.redd.it/w6fymnsu8fy21.jpg?width=320&crop=smart&auto=webp&s=068e84216562877b03c42a3308c16d17eefd567c,404 Client Error: Not Found for url: https://preview.redd.it/w6fymnsu8fy21.jpg?width=320&crop=smart&auto=webp&s=068e84216562877b03c42a3308c16d17eefd567c
786cc5,https://external-preview.redd.it/_ibxRcmRjimehQqVxKrSW7o6m9iUKMW_3vR_-jW_8F4.jpg?width=320&crop=smart&auto=webp&s=a706c5a568af9af459a36da0498dccb0c5a9d344,404 Client Error: Not Found for url: https://external-preview.redd.it/_ibxRcmRjimehQqVxKrSW7o6m9iUKMW_3vR_-jW_8F4.jpg?width=320&crop=smart&auto=webp&s=a706c5a568af9af459a36da0498dccb0c5a9d344
7v0enr,https://preview.redd.it/khhvbhow11e01.jpg?width=320&crop=smart&auto=webp&s=b5bf5ddd7f7f500d6d6d2c85b84feffaa0380e14,404 Client Error: Not Found for url: https://preview.redd.it/khhvbhow11e01.jpg?width=320&crop=smart&auto=webp&s=b5bf5ddd7f7f500d6d6d2c85b84feffaa0380e14
bjl846,https://preview.redd.it/dvl6mk8splv21.jpg?width=320&crop=smart&auto=webp&s=f39ac9be9d36d8283b8a5497059b45be7b4f964e,404 Client Error: Not Found for url: https://preview.redd.it/dvl6mk8splv21.jpg?width=320&crop=smart&auto=webp&s=f39ac9be9d36d8283b8a5497059b45be7b4f964e
e4byjvf,http://imgur.com/Eotq019.jpg,403 Client Error: Unknown Error for url: https://imgur.com/Eotq019.jpg
14w8lx,https://external-preview.redd.it/ESPM-tTuK3werLgfWG_wBsw_trUSDNU4bI5s2jVRAgQ.png?width=108&crop=smart&auto=webp&s=6bdf4d9c8ec6b3100f803c1cf0848f49a5aee344,404 Client Error: Not Found for url: https://external-preview.redd.it/ESPM-tTuK3werLgfWG_wBsw_trUSDNU4bI5s2jVRAgQ.png?width=108&crop=smart&auto=webp&s=6bdf4d9c8ec6b3100f803c1cf0848f49a5aee344
cis4jj,https://preview.redd.it/tlfm8bn9dzc31.jpg?width=320&crop=smart&auto=webp&s=9ac7eb4c214b01b5b7fe4fdd21c312a187bbc15d,404 Client Error: Not Found for url: https://preview.redd.it/tlfm8bn9dzc31.jpg?width=320&crop=smart&auto=webp&s=9ac7eb4c214b01b5b7fe4fdd21c312a187bbc15d
cguj38,https://preview.redd.it/3h24awhzt2c31.jpg?width=320&crop=smart&auto=webp&s=5f03056f19ab87aece4edcdeec67cdf3b8074e3c,404 Client Error: Not Found for url: https://preview.redd.it/3h24awhzt2c31.jpg?width=320&crop=smart&auto=webp&s=5f03056f19ab87aece4edcdeec67cdf3b8074e3c
cep35ta,"http://media.bestofmicro.com/Steve-Jobs-Dance-iPhone-Funky-Chicken,C-J-254467-13%2ejpg",non-image content: text/html; charset=utf-8
chwihz,https://preview.redd.it/gn0n0xrtwjc31.jpg?width=320&crop=smart&auto=webp&s=ec1af61dba2e74a89b2e4274869704f8be531639,404 Client Error: Not Found for url: https://preview.redd.it/gn0n0xrtwjc31.jpg?width=320&crop=smart&auto=webp&s=ec1af61dba2e74a89b2e4274869704f8be531639
6xf5q5,https://preview.redd.it/5vwk1hksfajz.jpg?width=320&crop=smart&auto=webp&s=921696d777f20bf66c668da97a2363368d34913c,404 Client Error: Not Found for url: https://preview.redd.it/5vwk1hksfajz.jpg?width=320&crop=smart&auto=webp&s=921696d777f20bf66c668da97a2363368d34913c
9envh3,https://preview.redd.it/fwf1s5iedfl11.jpg?width=320&crop=smart&auto=webp&s=3f79540996648f9c2a1dd2a2912bad95136c4967,404 Client Error: Not Found for url: https://preview.redd.it/fwf1s5iedfl11.jpg?width=320&crop=smart&auto=webp&s=3f79540996648f9c2a1dd2a2912bad95136c4967
auhf66,https://preview.redd.it/g0jo4o5zfni21.jpg?width=320&crop=smart&auto=webp&s=278fb758a28a9c102bf5ab6337462411b3c21ae1,404 Client Error: Not Found for url: https://preview.redd.it/g0jo4o5zfni21.jpg?width=320&crop=smart&auto=webp&s=278fb758a28a9c102bf5ab6337462411b3c21ae1
c1qe6f,https://preview.redd.it/dbn89akqby431.jpg?width=320&crop=smart&auto=webp&s=b455df59661cc0226c0c118d8b2eebe24231348e,404 Client Error: Not Found for url: https://preview.redd.it/dbn89akqby431.jpg?width=320&crop=smart&auto=webp&s=b455df59661cc0226c0c118d8b2eebe24231348e
c17jnz,https://preview.redd.it/efs1nncpbo431.jpg?width=320&crop=smart&auto=webp&s=7fcba171e82855a75bd3b180a0f0d2a8734c8bc0,404 Client Error: Not Found for url: https://preview.redd.it/efs1nncpbo431.jpg?width=320&crop=smart&auto=webp&s=7fcba171e82855a75bd3b180a0f0d2a8734c8bc0
d6tkib,https://preview.redd.it/ebbo7v61jqn31.jpg?width=320&crop=smart&auto=webp&s=cf9a478bcbf6e63105787bb365f2a3d8fc7e0f54,404 Client Error: Not Found for url: https://preview.redd.it/ebbo7v61jqn31.jpg?width=320&crop=smart&auto=webp&s=cf9a478bcbf6e63105787bb365f2a3d8fc7e0f54
8z3uts,https://preview.redd.it/3vhl3iukn5a11.jpg?width=320&crop=smart&auto=webp&s=3e0f4464c5127072c0b24ec062b9e7e0ef9b94bc,404 Client Error: Not Found for url: https://preview.redd.it/3vhl3iukn5a11.jpg?width=320&crop=smart&auto=webp&s=3e0f4464c5127072c0b24ec062b9e7e0ef9b94bc
da62ha,https://preview.redd.it/2qe7ftf457p31.png?width=320&crop=smart&auto=webp&s=585b3e10faf5a91ea264af3fada63c4c337621fc,404 Client Error: Not Found for url: https://preview.redd.it/2qe7ftf457p31.png?width=320&crop=smart&auto=webp&s=585b3e10faf5a91ea264af3fada63c4c337621fc
64twvb,https://external-preview.redd.it/zo7Yus2PLnQArL6e5m3SRwUUJoWb0H3S0fyYFn7ktVY.jpg?width=320&crop=smart&auto=webp&s=864f1b2d69439564838e56ecb8e80fe34fde57fa,404 Client Error: Not Found for url: https://external-preview.redd.it/zo7Yus2PLnQArL6e5m3SRwUUJoWb0H3S0fyYFn7ktVY.jpg?width=320&crop=smart&auto=webp&s=864f1b2d69439564838e56ecb8e80fe34fde57fa
ay1wts,https://preview.redd.it/rqzrq9uvhjk21.jpg?width=320&crop=smart&auto=webp&s=b25ca11e58c507b1d90fa398b3447f81826662e2,404 Client Error: Not Found for url: https://preview.redd.it/rqzrq9uvhjk21.jpg?width=320&crop=smart&auto=webp&s=b25ca11e58c507b1d90fa398b3447f81826662e2
820meo,https://preview.redd.it/r2qofovrbtj01.png?width=320&crop=smart&auto=webp&s=72c5e7a89733631ed03478c8174175c4aad67ee5,404 Client Error: Not Found for url: https://preview.redd.it/r2qofovrbtj01.png?width=320&crop=smart&auto=webp&s=72c5e7a89733631ed03478c8174175c4aad67ee5
buzf3j,,missing image URL
cysozz,https://preview.redd.it/rnwvh70428k31.jpg?width=320&crop=smart&auto=webp&s=77774ee52db34dabdc8d157a1cbc6e0aec1dbed1,404 Client Error: Not Found for url: https://preview.redd.it/rnwvh70428k31.jpg?width=320&crop=smart&auto=webp&s=77774ee52db34dabdc8d157a1cbc6e0aec1dbed1
3if4lp,https://external-preview.redd.it/ESPM-tTuK3werLgfWG_wBsw_trUSDNU4bI5s2jVRAgQ.png?width=108&crop=smart&auto=webp&s=6bdf4d9c8ec6b3100f803c1cf0848f49a5aee344,404 Client Error: Not Found for url: https://external-preview.redd.it/ESPM-tTuK3werLgfWG_wBsw_trUSDNU4bI5s2jVRAgQ.png?width=108&crop=smart&auto=webp&s=6bdf4d9c8ec6b3100f803c1cf0848f49a5aee344
4nx4p7,https://external-preview.redd.it/rc2Fna9bJ_J6PFVDuZUOKJl5CH9700Qyi0-ll1mn4C4.jpg?width=216&crop=smart&auto=webp&s=203ad20eac023d67d122c5f834516a4670799f63,404 Client Error: Not Found for url: https://external-preview.redd.it/rc2Fna9bJ_J6PFVDuZUOKJl5CH9700Qyi0-ll1mn4C4.jpg?width=216&crop=smart&auto=webp&s=203ad20eac023d67d122c5f834516a4670799f63
9933pa,https://preview.redd.it/ecr0km5z6gh11.jpg?width=320&crop=smart&auto=webp&s=0e6094e0bccbf86f6474ad7bc7f6239d547814b6,404 Client Error: Not Found for url: https://preview.redd.it/ecr0km5z6gh11.jpg?width=320&crop=smart&auto=webp&s=0e6094e0bccbf86f6474ad7bc7f6239d547814b6
c84pbfg,http://beaverhunt.biz/wp-content/uploads/2012/11/photo-Blowjob-Brunette-Handjob-Shaved-282562665.jpg,"HTTPConnectionPool(host='beaverhunt.biz', port=80): Max retries exceeded with url: /wp-content/uploads/2012/11/photo-Blowjob-Brunette-Handjob-Shaved-282562665.jpg (Caused by NameResolutionError(""HTTPConnection(host='beaverhunt.biz', port=80): Failed to resolve 'beaverhunt.biz' ([Errno 11002] getaddrinfo failed)""))"
cj44qbt,http://i.snag.gy/6FGFD.jpg,"HTTPSConnectionPool(host='i.snag.gy', port=443): Max retries exceeded with url: /6FGFD.jpg (Caused by SSLError(SSLCertVerificationError(1, '[SSL: CERTIFICATE_VERIFY_FAILED] certificate verify failed: certificate has expired (_ssl.c:1000)')))"
cjfafw,https://preview.redd.it/7rywyvbfdad31.jpg?width=320&crop=smart&auto=webp&s=dd30b8a48e582a51b82db5dfc3fa3de150f41d6f,404 Client Error: Not Found for url: https://preview.redd.it/7rywyvbfdad31.jpg?width=320&crop=smart&auto=webp&s=dd30b8a48e582a51b82db5dfc3fa3de150f41d6f
6yq50z,https://preview.redd.it/7ub5lis90jkz.jpg?width=320&crop=smart&auto=webp&s=4c2b59d8738ff7f25501003e67cc607da3d89b63,404 Client Error: Not Found for url: https://preview.redd.it/7ub5lis90jkz.jpg?width=320&crop=smart&auto=webp&s=4c2b59d8738ff7f25501003e67cc607da3d89b63
bfg5yr,https://preview.redd.it/vyx3gr292ht21.jpg?width=320&crop=smart&auto=webp&s=8d7432e26af2305929d94f432ce577ac2fa340a3,404 Client Error: Not Found for url: https://preview.redd.it/vyx3gr292ht21.jpg?width=320&crop=smart&auto=webp&s=8d7432e26af2305929d94f432ce577ac2fa340a3
9d2o4e,https://preview.redd.it/lboux1w4bck11.jpg?width=320&crop=smart&auto=webp&s=67ef1e521371ebd8ac2e3df3f06c6a7d9702e9c8,404 Client Error: Not Found for url: https://preview.redd.it/lboux1w4bck11.jpg?width=320&crop=smart&auto=webp&s=67ef1e521371ebd8ac2e3df3f06c6a7d9702e9c8
cndbni,https://preview.redd.it/83gkm7y714f31.jpg?width=320&crop=smart&auto=webp&s=01e1051a6fa69d97efa309fb68de9fe27c4c6f6e,404 Client Error: Not Found for url: https://preview.redd.it/83gkm7y714f31.jpg?width=320&crop=smart&auto=webp&s=01e1051a6fa69d97efa309fb68de9fe27c4c6f6e
7frtdm,https://preview.redd.it/tzfht8kxgf001.jpg?width=320&crop=smart&auto=webp&s=4c4ab07289c47627a399c8aee2793afdd32f0584,404 Client Error: Not Found for url: https://preview.redd.it/tzfht8kxgf001.jpg?width=320&crop=smart&auto=webp&s=4c4ab07289c47627a399c8aee2793afdd32f0584
au32oo,https://preview.redd.it/roduwsldcfi21.jpg?width=320&crop=smart&auto=webp&s=d9233fd3b626069714282d00afd475d28634a7fe,404 Client Error: Not Found for url: https://preview.redd.it/roduwsldcfi21.jpg?width=320&crop=smart&auto=webp&s=d9233fd3b626069714282d00afd475d28634a7fe
djvbxr,https://preview.redd.it/i8y0cof2rdt31.jpg?width=320&crop=smart&auto=webp&s=c1d3f4eab8354f44954e1d264c17b5208e134160,404 Client Error: Not Found for url: https://preview.redd.it/i8y0cof2rdt31.jpg?width=320&crop=smart&auto=webp&s=c1d3f4eab8354f44954e1d264c17b5208e134160
83o8xp,https://preview.redd.it/uvmjk6un05l01.jpg?width=320&crop=smart&auto=webp&s=f22c6a4cbbdc9bea2de38c0a43e3e474bf01d3d9,404 Client Error: Not Found for url: https://preview.redd.it/uvmjk6un05l01.jpg?width=320&crop=smart&auto=webp&s=f22c6a4cbbdc9bea2de38c0a43e3e474bf01d3d9
8q2cf6,https://preview.redd.it/xaq9md05d7311.jpg?width=320&crop=smart&auto=webp&s=c4c1001b47c5b5b9818d5f4b3974309f5fcb9182,404 Client Error: Not Found for url: https://preview.redd.it/xaq9md05d7311.jpg?width=320&crop=smart&auto=webp&s=c4c1001b47c5b5b9818d5f4b3974309f5fcb9182
ek7q0c2,https://imgur.com/zHT0Udz.jpg,403 Client Error: Unknown Error for url: https://imgur.com/zHT0Udz.jpg
b4mq44,https://preview.redd.it/giygv0ic0xn21.png?width=320&crop=smart&auto=webp&s=0446d679e420d627d9f1fb391f8566b3e276788c,404 Client Error: Not Found for url: https://preview.redd.it/giygv0ic0xn21.png?width=320&crop=smart&auto=webp&s=0446d679e420d627d9f1fb391f8566b3e276788c
d2g08s,https://preview.redd.it/fvx6lapphul31.jpg?width=320&crop=smart&auto=webp&s=1b3311bb0bb73000a75bf50de2c79c4f0db31b76,404 Client Error: Not Found for url: https://preview.redd.it/fvx6lapphul31.jpg?width=320&crop=smart&auto=webp&s=1b3311bb0bb73000a75bf50de2c79c4f0db31b76
b31gpt,https://preview.redd.it/ltalzzn0k4n21.jpg?width=320&crop=smart&auto=webp&s=81f77c0c90623abe4acbeb42deeb3014e409918b,404 Client Error: Not Found for url: https://preview.redd.it/ltalzzn0k4n21.jpg?width=320&crop=smart&auto=webp&s=81f77c0c90623abe4acbeb42deeb3014e409918b
75wv5e,https://preview.redd.it/rymr972seerz.jpg?width=320&crop=smart&auto=webp&s=a784dd4e9a293c913ae2146145c3afdea01a48c1,404 Client Error: Not Found for url: https://preview.redd.it/rymr972seerz.jpg?width=320&crop=smart&auto=webp&s=a784dd4e9a293c913ae2146145c3afdea01a48c1
d15tj1,https://preview.redd.it/0mg8pykwfal31.jpg?width=320&crop=smart&auto=webp&s=b9c3a9e0216b83eefef602919fa0054a36e5d8d3,404 Client Error: Not Found for url: https://preview.redd.it/0mg8pykwfal31.jpg?width=320&crop=smart&auto=webp&s=b9c3a9e0216b83eefef602919fa0054a36e5d8d3
5d60v3,https://external-preview.redd.it/ESPM-tTuK3werLgfWG_wBsw_trUSDNU4bI5s2jVRAgQ.png?width=108&crop=smart&auto=webp&s=6bdf4d9c8ec6b3100f803c1cf0848f49a5aee344,404 Client Error: Not Found for url: https://external-preview.redd.it/ESPM-tTuK3werLgfWG_wBsw_trUSDNU4bI5s2jVRAgQ.png?width=108&crop=smart&auto=webp&s=6bdf4d9c8ec6b3100f803c1cf0848f49a5aee344
8mp3d1,https://preview.redd.it/gcmkwhcxpk011.png?width=320&crop=smart&auto=webp&s=d0003eea5fb38623a2e67953d4201a0e9321e558,404 Client Error: Not Found for url: https://preview.redd.it/gcmkwhcxpk011.png?width=320&crop=smart&auto=webp&s=d0003eea5fb38623a2e67953d4201a0e9321e558
dduf2h,https://preview.redd.it/qbfz1ip4usq31.jpg?width=320&crop=smart&auto=webp&s=c799e66c66c95e2c0e54a8b959f9086174998ada,404 Client Error: Not Found for url: https://preview.redd.it/qbfz1ip4usq31.jpg?width=320&crop=smart&auto=webp&s=c799e66c66c95e2c0e54a8b959f9086174998ada
btqsec,https://preview.redd.it/yetd6lxnat031.jpg?width=320&crop=smart&auto=webp&s=2f71b8225fe505b4abe81f06b538df6db951e7db,404 Client Error: Not Found for url: https://preview.redd.it/yetd6lxnat031.jpg?width=320&crop=smart&auto=webp&s=2f71b8225fe505b4abe81f06b538df6db951e7db
b37s11,https://preview.redd.it/zc3staxef7n21.jpg?width=320&crop=smart&auto=webp&s=d90b0a57f9816b89f699c8993e5652dcf8aa52f1,404 Client Error: Not Found for url: https://preview.redd.it/zc3staxef7n21.jpg?width=320&crop=smart&auto=webp&s=d90b0a57f9816b89f699c8993e5652dcf8aa52f1
cekjt3,https://preview.redd.it/fracik2v6ya31.jpg?width=320&crop=smart&auto=webp&s=fdf1cba080af33cf1eac479b1e85409709b5e7e2,404 Client Error: Not Found for url: https://preview.redd.it/fracik2v6ya31.jpg?width=320&crop=smart&auto=webp&s=fdf1cba080af33cf1eac479b1e85409709b5e7e2
ce9i3g5,http://cs310818.vk.me/v310818917/65db/RZdn5Wgvwk0.jpg,404 Client Error: Not Found for url: http://cs310818.vk.me/v310818917/65db/RZdn5Wgvwk0.jpg
dxtqyaw,https://imgur.com/m0wquWF.jpg,403 Client Error: Unknown Error for url: https://imgur.com/m0wquWF.jpg
cnufky,https://preview.redd.it/wel1dudmfbf31.jpg?width=320&crop=smart&auto=webp&s=86846a178e75d056b8724d3d490c13a82f024b86,404 Client Error: Not Found for url: https://preview.redd.it/wel1dudmfbf31.jpg?width=320&crop=smart&auto=webp&s=86846a178e75d056b8724d3d490c13a82f024b86
b4weyh,https://preview.redd.it/o1ar9oq8l2o21.jpg?width=320&crop=smart&auto=webp&s=9f87cd32a0f7d2bbbe8e02208dad36436379a6d1,404 Client Error: Not Found for url: https://preview.redd.it/o1ar9oq8l2o21.jpg?width=320&crop=smart&auto=webp&s=9f87cd32a0f7d2bbbe8e02208dad36436379a6d1
5lesq4,https://preview.redd.it/qrifeeg6537y.png?width=320&crop=smart&auto=webp&s=f905693c008bc8dfe97fce3baa50cc35014b247d,404 Client Error: Not Found for url: https://preview.redd.it/qrifeeg6537y.png?width=320&crop=smart&auto=webp&s=f905693c008bc8dfe97fce3baa50cc35014b247d
c2tdon,https://preview.redd.it/ujneowh50h531.jpg?width=320&crop=smart&auto=webp&s=31b87ab63fc2aff39362565f3d731dea59286811,404 Client Error: Not Found for url: https://preview.redd.it/ujneowh50h531.jpg?width=320&crop=smart&auto=webp&s=31b87ab63fc2aff39362565f3d731dea59286811
e0oa1j6,http://imgur.com/RJQO15q.jpg,403 Client Error: Unknown Error for url: https://imgur.com/RJQO15q.jpg
8ubgu9,https://preview.redd.it/8wegau3nuk611.jpg?width=320&crop=smart&auto=webp&s=fd41ade54ff4cb8d04ef0925a27bf4ba70955864,404 Client Error: Not Found for url: https://preview.redd.it/8wegau3nuk611.jpg?width=320&crop=smart&auto=webp&s=fd41ade54ff4cb8d04ef0925a27bf4ba70955864
73o48k,https://preview.redd.it/448pafdb4apz.jpg?width=320&crop=smart&auto=webp&s=7ea982076d9e797188f1eff7d1f63f93c95b57be,404 Client Error: Not Found for url: https://preview.redd.it/448pafdb4apz.jpg?width=320&crop=smart&auto=webp&s=7ea982076d9e797188f1eff7d1f63f93c95b57be
8gkjbp,https://external-preview.redd.it/X5U4WcX684Jm3VQ9L5cfFrUzb8EpTuswi8kOgUImzSI.jpg?width=320&crop=smart&auto=webp&s=96dda2480075c1516dfaafe7014c3651e7380fa6,404 Client Error: Not Found for url: https://external-preview.redd.it/X5U4WcX684Jm3VQ9L5cfFrUzb8EpTuswi8kOgUImzSI.jpg?width=320&crop=smart&auto=webp&s=96dda2480075c1516dfaafe7014c3651e7380fa6
1hrbhi,https://external-preview.redd.it/lezawYJ8x4GvQfSsuU6tfRCHWLb9-ZBIIq2k4njKNIA.jpg?width=320&crop=smart&auto=webp&s=c6b2da9a6155e478935852fe282df3be039f582c,404 Client Error: Not Found for url: https://external-preview.redd.it/lezawYJ8x4GvQfSsuU6tfRCHWLb9-ZBIIq2k4njKNIA.jpg?width=320&crop=smart&auto=webp&s=c6b2da9a6155e478935852fe282df3be039f582c
94sihl,https://preview.redd.it/jq9g1jigjae11.jpg?width=320&crop=smart&auto=webp&s=711ff92fb50b3e4a7ae722f4c3134e3253610768,404 Client Error: Not Found for url: https://preview.redd.it/jq9g1jigjae11.jpg?width=320&crop=smart&auto=webp&s=711ff92fb50b3e4a7ae722f4c3134e3253610768
28hrrh,https://external-preview.redd.it/sa2i1FyyMCtmdTNkBrOgqYWGWeMKvz8zNUz-tRhHxPk.jpg?width=320&crop=smart&auto=webp&s=3cbd3b2528b1dc0377e782a89bac0c9c81d2833b,404 Client Error: Not Found for url: https://external-preview.redd.it/sa2i1FyyMCtmdTNkBrOgqYWGWeMKvz8zNUz-tRhHxPk.jpg?width=320&crop=smart&auto=webp&s=3cbd3b2528b1dc0377e782a89bac0c9c81d2833b
cekhgbd,http://imgur.com/fyN8Xzy%2ejpg,403 Client Error: Unknown Error for url: https://imgur.com/fyN8Xzy.jpg
91upmu,https://preview.redd.it/4k497vlv55c11.jpg?width=320&crop=smart&auto=webp&s=5266ca90d6fc51a26f8a6fb438cfae436f0a2ed2,404 Client Error: Not Found for url: https://preview.redd.it/4k497vlv55c11.jpg?width=320&crop=smart&auto=webp&s=5266ca90d6fc51a26f8a6fb438cfae436f0a2ed2
cbmv9my,http://diervek.com/bb/web.jpg,404 Client Error: Not Found for url: http://diervek.com/bb/web.jpg
d7eql8,https://preview.redd.it/jwjga4j5xzn31.jpg?width=320&crop=smart&auto=webp&s=5140d3b44cf2cd59b69761c2909adceaf2bfab5a,404 Client Error: Not Found for url: https://preview.redd.it/jwjga4j5xzn31.jpg?width=320&crop=smart&auto=webp&s=5140d3b44cf2cd59b69761c2909adceaf2bfab5a
7z2bsr,https://preview.redd.it/j9aditaphhh01.jpg?width=320&crop=smart&auto=webp&s=d9e7e3ad84f206b3325442b96a130c19dbc0ab6e,404 Client Error: Not Found for url: https://preview.redd.it/j9aditaphhh01.jpg?width=320&crop=smart&auto=webp&s=d9e7e3ad84f206b3325442b96a130c19dbc0ab6e
9k863p,https://preview.redd.it/nejpglpquep11.jpg?width=320&crop=smart&auto=webp&s=46fcccae5000e9762d7f13ad2b72ab2f970ddc33,404 Client Error: Not Found for url: https://preview.redd.it/nejpglpquep11.jpg?width=320&crop=smart&auto=webp&s=46fcccae5000e9762d7f13ad2b72ab2f970ddc33
8z4lqt,https://preview.redd.it/k3sa4ejg56a11.jpg?width=320&crop=smart&auto=webp&s=00bde81a7151c0206d5a15a68afa0f67f525845a,404 Client Error: Not Found for url: https://preview.redd.it/k3sa4ejg56a11.jpg?width=320&crop=smart&auto=webp&s=00bde81a7151c0206d5a15a68afa0f67f525845a
dez167,https://preview.redd.it/3x8tyuim5br31.jpg?width=320&crop=smart&auto=webp&s=35c9db1114ee935622baf14679ff3c51d4537498,404 Client Error: Not Found for url: https://preview.redd.it/3x8tyuim5br31.jpg?width=320&crop=smart&auto=webp&s=35c9db1114ee935622baf14679ff3c51d4537498
bjqkwr,https://preview.redd.it/9cncaxo71qv21.jpg?width=320&crop=smart&auto=webp&s=9a3cf961d260abc94a0fa1653c867e1eea0ac59a,404 Client Error: Not Found for url: https://preview.redd.it/9cncaxo71qv21.jpg?width=320&crop=smart&auto=webp&s=9a3cf961d260abc94a0fa1653c867e1eea0ac59a
755wa9,https://preview.redd.it/z06ncfmyjpqz.jpg?width=320&crop=smart&auto=webp&s=206bed967ffec59df23f24b4ad84cdb532c3c202,404 Client Error: Not Found for url: https://preview.redd.it/z06ncfmyjpqz.jpg?width=320&crop=smart&auto=webp&s=206bed967ffec59df23f24b4ad84cdb532c3c202
33tpxr,https://external-preview.redd.it/ESPM-tTuK3werLgfWG_wBsw_trUSDNU4bI5s2jVRAgQ.png?width=108&crop=smart&auto=webp&s=6bdf4d9c8ec6b3100f803c1cf0848f49a5aee344,404 Client Error: Not Found for url: https://external-preview.redd.it/ESPM-tTuK3werLgfWG_wBsw_trUSDNU4bI5s2jVRAgQ.png?width=108&crop=smart&auto=webp&s=6bdf4d9c8ec6b3100f803c1cf0848f49a5aee344
c3gymg,https://preview.redd.it/mjj9g47p5s531.jpg?width=320&crop=smart&auto=webp&s=3b4e4bbdbf77d69a423b1211a1f5a320b6a15da1,404 Client Error: Not Found for url: https://preview.redd.it/mjj9g47p5s531.jpg?width=320&crop=smart&auto=webp&s=3b4e4bbdbf77d69a423b1211a1f5a320b6a15da1
db2sjb,https://preview.redd.it/yhkxno1l7mp31.jpg?width=320&crop=smart&auto=webp&s=0a9e9af86ac19323e5a5c1b8584c5047a0424813,404 Client Error: Not Found for url: https://preview.redd.it/yhkxno1l7mp31.jpg?width=320&crop=smart&auto=webp&s=0a9e9af86ac19323e5a5c1b8584c5047a0424813
ckm0ep1,http://imgur.com/oR58w2M.jpg,403 Client Error: Unknown Error for url: https://imgur.com/oR58w2M.jpg
ba2clr,https://preview.redd.it/l575w9a7vlq21.gif?width=216&crop=smart&format=png8&s=77a508a9e4f237fdb1939ae761a379212fc13f5f,404 Client Error: Not Found for url: https://preview.redd.it/l575w9a7vlq21.gif?width=216&crop=smart&format=png8&s=77a508a9e4f237fdb1939ae761a379212fc13f5f
dimol7,https://preview.redd.it/11qs470sdvs31.jpg?width=320&crop=smart&auto=webp&s=6a06d5a8f047ffddea33c9741f23e3a9597634b6,404 Client Error: Not Found for url: https://preview.redd.it/11qs470sdvs31.jpg?width=320&crop=smart&auto=webp&s=6a06d5a8f047ffddea33c9741f23e3a9597634b6
d1qzlqe,http://imgur.com/oYVxt67.jpg,403 Client Error: Unknown Error for url: https://imgur.com/oYVxt67.jpg
6of6fx,https://preview.redd.it/fkm2gcp5wpaz.jpg?width=320&crop=smart&auto=webp&s=7688534a08641baf6c18d15e4fef7a8f773445ba,404 Client Error: Not Found for url: https://preview.redd.it/fkm2gcp5wpaz.jpg?width=320&crop=smart&auto=webp&s=7688534a08641baf6c18d15e4fef7a8f773445ba
6ex3e9,https://preview.redd.it/7mkp7jgapa1z.jpg?width=320&crop=smart&auto=webp&s=ade4dfc40e52f090d6711401d5dc12a0867d6c60,404 Client Error: Not Found for url: https://preview.redd.it/7mkp7jgapa1z.jpg?width=320&crop=smart&auto=webp&s=ade4dfc40e52f090d6711401d5dc12a0867d6c60
bpga5x,https://preview.redd.it/knnj0052bmy21.jpg?width=320&crop=smart&auto=webp&s=a3666bf11023304fe5d5c7295ea88168be7d082e,404 Client Error: Not Found for url: https://preview.redd.it/knnj0052bmy21.jpg?width=320&crop=smart&auto=webp&s=a3666bf11023304fe5d5c7295ea88168be7d082e
bja9bo,https://preview.redd.it/1i7ma65ujhv21.png?width=320&crop=smart&auto=webp&s=a954bfb5c5513db38608a240f850f026c1377cf6,404 Client Error: Not Found for url: https://preview.redd.it/1i7ma65ujhv21.png?width=320&crop=smart&auto=webp&s=a954bfb5c5513db38608a240f850f026c1377cf6
b5a26e,https://preview.redd.it/vr660gkmd9o21.jpg?width=320&crop=smart&auto=webp&s=810197a786e4c5c71e7db4bcd8311b2ceb9d3ec2,404 Client Error: Not Found for url: https://preview.redd.it/vr660gkmd9o21.jpg?width=320&crop=smart&auto=webp&s=810197a786e4c5c71e7db4bcd8311b2ceb9d3ec2
cqy56w,https://preview.redd.it/xaeov4lm9pg31.jpg?width=320&crop=smart&auto=webp&s=a989abbae0051c980d2eac111bf2a6a5ce5a2ca7,404 Client Error: Not Found for url: https://preview.redd.it/xaeov4lm9pg31.jpg?width=320&crop=smart&auto=webp&s=a989abbae0051c980d2eac111bf2a6a5ce5a2ca7
cal16a1,http://upload.wikimedia.org/wikipedia/commons/thumb/b/b6/SHARP_ELSIMATE_EL-W221.jpg/220px-SHARP_ELSIMATE_EL-W221.jpg,400 Client Error: Use thumbnail sizes listed on https://w.wiki/GHai for url: https://upload.wikimedia.org/wikipedia/commons/thumb/b/b6/SHARP_ELSIMATE_EL-W221.jpg/220px-SHARP_ELSIMATE_EL-W221.jpg
cxue6e,https://preview.redd.it/fr5c91pnfrj31.jpg?width=320&crop=smart&auto=webp&s=ebc96221f53c305a66f9b2df7e100e1453fe7281,404 Client Error: Not Found for url: https://preview.redd.it/fr5c91pnfrj31.jpg?width=320&crop=smart&auto=webp&s=ebc96221f53c305a66f9b2df7e100e1453fe7281
9bexdv,https://preview.redd.it/7jf26eijm4j11.jpg?width=320&crop=smart&auto=webp&s=3236e69a28e1aa281a03a06e02c69db15216ebdd,404 Client Error: Not Found for url: https://preview.redd.it/7jf26eijm4j11.jpg?width=320&crop=smart&auto=webp&s=3236e69a28e1aa281a03a06e02c69db15216ebdd
975vpp,,missing image URL
cbm8ubh,http://imgur.com/b9YJOtN%2ejpg,403 Client Error: Unknown Error for url: https://imgur.com/b9YJOtN.jpg
cia4as,,missing image URL
8z7bja,https://external-preview.redd.it/JE5v1BJsIlc2DiVs1rwqi6CLE49u9lcH1SVOoMRTF3k.jpg?width=320&crop=smart&auto=webp&s=b3d81215eab9b3b229e6ffd236587b1513734be9,404 Client Error: Not Found for url: https://external-preview.redd.it/JE5v1BJsIlc2DiVs1rwqi6CLE49u9lcH1SVOoMRTF3k.jpg?width=320&crop=smart&auto=webp&s=b3d81215eab9b3b229e6ffd236587b1513734be9
2g17nh,https://external-preview.redd.it/ESPM-tTuK3werLgfWG_wBsw_trUSDNU4bI5s2jVRAgQ.png?width=108&crop=smart&auto=webp&s=6bdf4d9c8ec6b3100f803c1cf0848f49a5aee344,404 Client Error: Not Found for url: https://external-preview.redd.it/ESPM-tTuK3werLgfWG_wBsw_trUSDNU4bI5s2jVRAgQ.png?width=108&crop=smart&auto=webp&s=6bdf4d9c8ec6b3100f803c1cf0848f49a5aee344
btryup,https://preview.redd.it/g68w3s45tt031.jpg?width=320&crop=smart&auto=webp&s=6c161ed6600fb9d12d5ad3d3b18ec5e595030b85,404 Client Error: Not Found for url: https://preview.redd.it/g68w3s45tt031.jpg?width=320&crop=smart&auto=webp&s=6c161ed6600fb9d12d5ad3d3b18ec5e595030b85
8ya0t2,https://preview.redd.it/qsee3tx3xi911.jpg?width=320&crop=smart&auto=webp&s=5c725b8862570d1b98cfbf21db7e4b39b84282d5,404 Client Error: Not Found for url: https://preview.redd.it/qsee3tx3xi911.jpg?width=320&crop=smart&auto=webp&s=5c725b8862570d1b98cfbf21db7e4b39b84282d5
bof7zf,https://preview.redd.it/5tqxytxgg4y21.jpg?width=320&crop=smart&auto=webp&s=bec8f751427869e08e3413df63bce423c29cb575,404 Client Error: Not Found for url: https://preview.redd.it/5tqxytxgg4y21.jpg?width=320&crop=smart&auto=webp&s=bec8f751427869e08e3413df63bce423c29cb575
9hq0jo,https://preview.redd.it/lv7hffdpiln11.jpg?width=320&crop=smart&auto=webp&s=7fd0b15f3bb50052db1099aaddd8cd97e6b00833,404 Client Error: Not Found for url: https://preview.redd.it/lv7hffdpiln11.jpg?width=320&crop=smart&auto=webp&s=7fd0b15f3bb50052db1099aaddd8cd97e6b00833
5vyn6h,https://external-preview.redd.it/VULYD1AuzyliYu0QjDksksCIopp-irJQ1Xi3irPL-PU.jpg?width=320&crop=smart&auto=webp&s=3c798e3159e4555cc821c29107eaf56ced3a3c32,404 Client Error: Not Found for url: https://external-preview.redd.it/VULYD1AuzyliYu0QjDksksCIopp-irJQ1Xi3irPL-PU.jpg?width=320&crop=smart&auto=webp&s=3c798e3159e4555cc821c29107eaf56ced3a3c32
6lfep3,https://preview.redd.it/0owlmlm64t7z.jpg?width=320&crop=smart&auto=webp&s=6a06b6c54271a2521ffd9983bf160d2469be177d,404 Client Error: Not Found for url: https://preview.redd.it/0owlmlm64t7z.jpg?width=320&crop=smart&auto=webp&s=6a06b6c54271a2521ffd9983bf160d2469be177d
9h87ao,https://preview.redd.it/v3s07egyx8n11.jpg?width=320&crop=smart&auto=webp&s=d02e40cd2babcf0b6339a3fc43c7960841ced2d6,404 Client Error: Not Found for url: https://preview.redd.it/v3s07egyx8n11.jpg?width=320&crop=smart&auto=webp&s=d02e40cd2babcf0b6339a3fc43c7960841ced2d6
b40az0,https://preview.redd.it/p2ygs5oweln21.jpg?width=320&crop=smart&auto=webp&s=cea1130d5838c1f0478856f69d8113d9a99f28cf,404 Client Error: Not Found for url: https://preview.redd.it/p2ygs5oweln21.jpg?width=320&crop=smart&auto=webp&s=cea1130d5838c1f0478856f69d8113d9a99f28cf
cgolcps,http://imgur.com/o5qqGkj%2ejpg,403 Client Error: Unknown Error for url: https://imgur.com/o5qqGkj.jpg
6uu9j7,https://preview.redd.it/h94g50pa5ugz.jpg?width=320&crop=smart&auto=webp&s=a76b19cd314800b88f03bfaa8afa1ad01019fb50,404 Client Error: Not Found for url: https://preview.redd.it/h94g50pa5ugz.jpg?width=320&crop=smart&auto=webp&s=a76b19cd314800b88f03bfaa8afa1ad01019fb50
c97hv6,https://preview.redd.it/lsrm50lsmc831.jpg?width=320&crop=smart&auto=webp&s=3778c9820376e01b517aae528b48f5cfc11e8312,404 Client Error: Not Found for url: https://preview.redd.it/lsrm50lsmc831.jpg?width=320&crop=smart&auto=webp&s=3778c9820376e01b517aae528b48f5cfc11e8312
dcfxaw,https://preview.redd.it/2w02vipqs6q31.jpg?width=320&crop=smart&auto=webp&s=49559c2cf02d26334511a3dca307635116d2f0a5,404 Client Error: Not Found for url: https://preview.redd.it/2w02vipqs6q31.jpg?width=320&crop=smart&auto=webp&s=49559c2cf02d26334511a3dca307635116d2f0a5
64qn9b,https://preview.redd.it/vsyfobfn8xqy.jpg?width=320&crop=smart&auto=webp&s=891e0e6b3de688df56fc7269aeeeeb1a636e14b4,404 Client Error: Not Found for url: https://preview.redd.it/vsyfobfn8xqy.jpg?width=320&crop=smart&auto=webp&s=891e0e6b3de688df56fc7269aeeeeb1a636e14b4
6rgp2m,https://preview.redd.it/avm8fasb0mdz.jpg?width=320&crop=smart&auto=webp&s=228973ad5add5871fdba45e2d521f7f4d9622cb0,404 Client Error: Not Found for url: https://preview.redd.it/avm8fasb0mdz.jpg?width=320&crop=smart&auto=webp&s=228973ad5add5871fdba45e2d521f7f4d9622cb0
cj0c6a,https://preview.redd.it/8xokn3h1l3d31.jpg?width=320&crop=smart&auto=webp&s=270cc899abed526b39e254bd957cb1481abb99d6,404 Client Error: Not Found for url: https://preview.redd.it/8xokn3h1l3d31.jpg?width=320&crop=smart&auto=webp&s=270cc899abed526b39e254bd957cb1481abb99d6
bnfw3b,https://preview.redd.it/iekqijmmumx21.jpg?width=320&crop=smart&auto=webp&s=455824788706b155caa24255fe590690298ec971,404 Client Error: Not Found for url: https://preview.redd.it/iekqijmmumx21.jpg?width=320&crop=smart&auto=webp&s=455824788706b155caa24255fe590690298ec971
c9srdqf,http://oi41.tinypic.com/hwl92v.jpg,"HTTPConnectionPool(host='oi41.tinypic.com', port=80): Max retries exceeded with url: /hwl92v.jpg (Caused by NameResolutionError(""HTTPConnection(host='oi41.tinypic.com', port=80): Failed to resolve 'oi41.tinypic.com' ([Errno 11001] getaddrinfo failed)""))"
9b0gp9,https://preview.redd.it/434bxeds3vi11.jpg?width=320&crop=smart&auto=webp&s=a9fdfaa686434a948950372c797210cb689bbc6b,404 Client Error: Not Found for url: https://preview.redd.it/434bxeds3vi11.jpg?width=320&crop=smart&auto=webp&s=a9fdfaa686434a948950372c797210cb689bbc6b
cgfj7m,https://preview.redd.it/c1th5uivrdb31.jpg?width=320&crop=smart&auto=webp&s=0539fbc0d8104cd32e18131479ebbea9064a3a7a,404 Client Error: Not Found for url: https://preview.redd.it/c1th5uivrdb31.jpg?width=320&crop=smart&auto=webp&s=0539fbc0d8104cd32e18131479ebbea9064a3a7a
cxgm302,http://imgur.com/Q0lJJ8W.jpg,403 Client Error: Unknown Error for url: https://imgur.com/Q0lJJ8W.jpg
8yqheu,,missing image URL
ay16c2,https://preview.redd.it/aopdzr6o6jk21.jpg?width=320&crop=smart&auto=webp&s=31dcc8ae32cbd91e172746b58848c6f72e5157bf,404 Client Error: Not Found for url: https://preview.redd.it/aopdzr6o6jk21.jpg?width=320&crop=smart&auto=webp&s=31dcc8ae32cbd91e172746b58848c6f72e5157bf
baajmm,,missing image URL
c1ehe8,,missing image URL
36ptgg,https://external-preview.redd.it/_dQGoYjkTtA0_PoAYIeh0iiwJTQbBEP1OPzP-7nNLP0.jpg?width=320&crop=smart&auto=webp&s=19974174f0893c548a6d1b7eb236658e8bae981a,404 Client Error: Not Found for url: https://external-preview.redd.it/_dQGoYjkTtA0_PoAYIeh0iiwJTQbBEP1OPzP-7nNLP0.jpg?width=320&crop=smart&auto=webp&s=19974174f0893c548a6d1b7eb236658e8bae981a
2apxaq,https://external-preview.redd.it/JE5v1BJsIlc2DiVs1rwqi6CLE49u9lcH1SVOoMRTF3k.jpg?width=320&crop=smart&auto=webp&s=b3d81215eab9b3b229e6ffd236587b1513734be9,404 Client Error: Not Found for url: https://external-preview.redd.it/JE5v1BJsIlc2DiVs1rwqi6CLE49u9lcH1SVOoMRTF3k.jpg?width=320&crop=smart&auto=webp&s=b3d81215eab9b3b229e6ffd236587b1513734be9
c0ayxz,https://preview.redd.it/2uupudypo6431.png?width=320&crop=smart&auto=webp&s=915e46c48c302923c350c9f4d259d2df21fd51bb,404 Client Error: Not Found for url: https://preview.redd.it/2uupudypo6431.png?width=320&crop=smart&auto=webp&s=915e46c48c302923c350c9f4d259d2df21fd51bb
c0ysuy,https://preview.redd.it/jtp8r6ry3f431.jpg?width=320&crop=smart&auto=webp&s=c15fdc0f922b363c99d40907d313c218cac6e4fb,404 Client Error: Not Found for url: https://preview.redd.it/jtp8r6ry3f431.jpg?width=320&crop=smart&auto=webp&s=c15fdc0f922b363c99d40907d313c218cac6e4fb
byp52h,https://preview.redd.it/b5tzhuqqbe331.jpg?width=320&crop=smart&auto=webp&s=4c27018352a7c2ad33f39c6ce11b6edf4a9647a3,404 Client Error: Not Found for url: https://preview.redd.it/b5tzhuqqbe331.jpg?width=320&crop=smart&auto=webp&s=4c27018352a7c2ad33f39c6ce11b6edf4a9647a3
biwljk,https://preview.redd.it/d9o2hwssybxy.jpg?width=320&crop=smart&auto=webp&s=e687dd98891173ac3e6a55c0310724c30dde3ddc,404 Client Error: Not Found for url: https://preview.redd.it/d9o2hwssybxy.jpg?width=320&crop=smart&auto=webp&s=e687dd98891173ac3e6a55c0310724c30dde3ddc
5h0pf9,https://external-preview.redd.it/6xKqFdT0Ikev30-LJ9vwXuRz55rkSKoTOPuc3gZA4oQ.jpg?width=320&crop=smart&auto=webp&s=98e78b03ecb6734713ad4b9a2ba2b780a83e3809,404 Client Error: Not Found for url: https://external-preview.redd.it/6xKqFdT0Ikev30-LJ9vwXuRz55rkSKoTOPuc3gZA4oQ.jpg?width=320&crop=smart&auto=webp&s=98e78b03ecb6734713ad4b9a2ba2b780a83e3809
beg9y5,https://preview.redd.it/am4gs8ghnxs21.jpg?width=320&crop=smart&auto=webp&s=f7cdd7fa27656e1efdc9ab9e47ce502d74c4fd24,404 Client Error: Not Found for url: https://preview.redd.it/am4gs8ghnxs21.jpg?width=320&crop=smart&auto=webp&s=f7cdd7fa27656e1efdc9ab9e47ce502d74c4fd24
6tw3zp,https://preview.redd.it/d20qojw83yfz.png?width=320&crop=smart&auto=webp&s=7399e44019f490ed7d30a0f4552b92676fd0ae72,404 Client Error: Not Found for url: https://preview.redd.it/d20qojw83yfz.png?width=320&crop=smart&auto=webp&s=7399e44019f490ed7d30a0f4552b92676fd0ae72
c3f009,https://preview.redd.it/mvk1e7x14q531.jpg?width=320&crop=smart&auto=webp&s=ba9b594769b00795c8f56bdaa694cc6601d9e867,404 Client Error: Not Found for url: https://preview.redd.it/mvk1e7x14q531.jpg?width=320&crop=smart&auto=webp&s=ba9b594769b00795c8f56bdaa694cc6601d9e867
9ipdw6,https://preview.redd.it/bg6uv7hcjbo11.jpg?width=320&crop=smart&auto=webp&s=b23450b4346859d7c932cdf92cf544e4abbcf41b,404 Client Error: Not Found for url: https://preview.redd.it/bg6uv7hcjbo11.jpg?width=320&crop=smart&auto=webp&s=b23450b4346859d7c932cdf92cf544e4abbcf41b
5ucqs5,https://external-preview.redd.it/TpYwgZl_YAu-BVWDwCP4lSt8o3uqYqsdOLy4qm3_zjw.jpg?width=320&crop=smart&auto=webp&s=9c5b27e1b5a4374f226391f2feb2270404ee1b12,404 Client Error: Not Found for url: https://external-preview.redd.it/TpYwgZl_YAu-BVWDwCP4lSt8o3uqYqsdOLy4qm3_zjw.jpg?width=320&crop=smart&auto=webp&s=9c5b27e1b5a4374f226391f2feb2270404ee1b12
d1e2nm,https://preview.redd.it/6l38yk46pel31.jpg?width=320&crop=smart&auto=webp&s=c4becc57304e850bb5525dd8773048c9f3ef6a34,404 Client Error: Not Found for url: https://preview.redd.it/6l38yk46pel31.jpg?width=320&crop=smart&auto=webp&s=c4becc57304e850bb5525dd8773048c9f3ef6a34
2g7cji,https://external-preview.redd.it/ESPM-tTuK3werLgfWG_wBsw_trUSDNU4bI5s2jVRAgQ.png?width=108&crop=smart&auto=webp&s=6bdf4d9c8ec6b3100f803c1cf0848f49a5aee344,404 Client Error: Not Found for url: https://external-preview.redd.it/ESPM-tTuK3werLgfWG_wBsw_trUSDNU4bI5s2jVRAgQ.png?width=108&crop=smart&auto=webp&s=6bdf4d9c8ec6b3100f803c1cf0848f49a5aee344
bp64va,https://preview.redd.it/n0f11zxc1hy21.jpg?width=320&crop=smart&auto=webp&s=fa269c8cb04c73b54dd45c63e4a6439822454244,404 Client Error: Not Found for url: https://preview.redd.it/n0f11zxc1hy21.jpg?width=320&crop=smart&auto=webp&s=fa269c8cb04c73b54dd45c63e4a6439822454244
cavdvy,https://preview.redd.it/43dbnk0r67931.jpg?width=320&crop=smart&auto=webp&s=bb610eb45c1ca5f6381d864d526befe7d00506fe,404 Client Error: Not Found for url: https://preview.redd.it/43dbnk0r67931.jpg?width=320&crop=smart&auto=webp&s=bb610eb45c1ca5f6381d864d526befe7d00506fe
7oz9ol,,missing image URL
eh79j5a,https://imgur.com/7jwc3YF.jpg,403 Client Error: Unknown Error for url: https://imgur.com/7jwc3YF.jpg
5a2yut,https://external-preview.redd.it/JE5v1BJsIlc2DiVs1rwqi6CLE49u9lcH1SVOoMRTF3k.jpg?width=320&crop=smart&auto=webp&s=b3d81215eab9b3b229e6ffd236587b1513734be9,404 Client Error: Not Found for url: https://external-preview.redd.it/JE5v1BJsIlc2DiVs1rwqi6CLE49u9lcH1SVOoMRTF3k.jpg?width=320&crop=smart&auto=webp&s=b3d81215eab9b3b229e6ffd236587b1513734be9
6hbd07,https://external-preview.redd.it/JE5v1BJsIlc2DiVs1rwqi6CLE49u9lcH1SVOoMRTF3k.jpg?width=320&crop=smart&auto=webp&s=b3d81215eab9b3b229e6ffd236587b1513734be9,404 Client Error: Not Found for url: https://external-preview.redd.it/JE5v1BJsIlc2DiVs1rwqi6CLE49u9lcH1SVOoMRTF3k.jpg?width=320&crop=smart&auto=webp&s=b3d81215eab9b3b229e6ffd236587b1513734be9
dfpievc,http://imgur.com/wIrAOo3.jpg,403 Client Error: Unknown Error for url: https://imgur.com/wIrAOo3.jpg
bsucbr,https://preview.redd.it/dqi4ako8xc031.jpg?width=320&crop=smart&auto=webp&s=59b8c1cdc8b84d3c469e3e0fdd351f538168858e,404 Client Error: Not Found for url: https://preview.redd.it/dqi4ako8xc031.jpg?width=320&crop=smart&auto=webp&s=59b8c1cdc8b84d3c469e3e0fdd351f538168858e
9chfau,https://preview.redd.it/1j94msr0ixj11.jpg?width=320&crop=smart&auto=webp&s=7f73bdcd26e36b44f07ec365426db54d9430ccf7,404 Client Error: Not Found for url: https://preview.redd.it/1j94msr0ixj11.jpg?width=320&crop=smart&auto=webp&s=7f73bdcd26e36b44f07ec365426db54d9430ccf7
ca4x5ww,http://picturevip.com/images/pizapcfpf.jpg,non-image content: text/html
bevsp4,https://preview.redd.it/gua5vc30v5t21.jpg?width=320&crop=smart&auto=webp&s=a434366f93818e1be329aaea86fd994d336929c8,404 Client Error: Not Found for url: https://preview.redd.it/gua5vc30v5t21.jpg?width=320&crop=smart&auto=webp&s=a434366f93818e1be329aaea86fd994d336929c8
cha4rl,https://preview.redd.it/0p1atjd3z9c31.jpg?width=320&crop=smart&auto=webp&s=b1fb0440f8be5c4fc780dc8dfd1ddef64c61eb21,404 Client Error: Not Found for url: https://preview.redd.it/0p1atjd3z9c31.jpg?width=320&crop=smart&auto=webp&s=b1fb0440f8be5c4fc780dc8dfd1ddef64c61eb21
cuf6d5,https://preview.redd.it/m7cwt5zas7i31.jpg?width=320&crop=smart&auto=webp&s=3e4cfa5aac828cfe7513aa9176e1231b484eead2,404 Client Error: Not Found for url: https://preview.redd.it/m7cwt5zas7i31.jpg?width=320&crop=smart&auto=webp&s=3e4cfa5aac828cfe7513aa9176e1231b484eead2
azibnj,https://preview.redd.it/prjt2gkezbl21.jpg?width=320&crop=smart&auto=webp&s=4c93d98a9c3c8d6ecbf1373fa2ece5f2b94b3d8e,404 Client Error: Not Found for url: https://preview.redd.it/prjt2gkezbl21.jpg?width=320&crop=smart&auto=webp&s=4c93d98a9c3c8d6ecbf1373fa2ece5f2b94b3d8e
dh2ulx,https://preview.redd.it/p0hbygi957s31.jpg?width=216&crop=smart&auto=webp&s=19b637114c331161b9bbb55e18f38d823972b0b3,404 Client Error: Not Found for url: https://preview.redd.it/p0hbygi957s31.jpg?width=216&crop=smart&auto=webp&s=19b637114c331161b9bbb55e18f38d823972b0b3
az2qnt,https://preview.redd.it/zsjolukk03l21.jpg?width=320&crop=smart&auto=webp&s=aefe80bf1d41b7c3ade6af3adf4c5c99d9c92584,404 Client Error: Not Found for url: https://preview.redd.it/zsjolukk03l21.jpg?width=320&crop=smart&auto=webp&s=aefe80bf1d41b7c3ade6af3adf4c5c99d9c92584
c6cpdp,https://preview.redd.it/iw49mobwhz631.jpg?width=320&crop=smart&auto=webp&s=ecfe7c5343f6bff319e55bbc4e4024d42718e2e5,404 Client Error: Not Found for url: https://preview.redd.it/iw49mobwhz631.jpg?width=320&crop=smart&auto=webp&s=ecfe7c5343f6bff319e55bbc4e4024d42718e2e5
cedm29,https://preview.redd.it/k9i79vedjva31.jpg?width=320&crop=smart&auto=webp&s=eb56be27bdc7c6eac90b95d95f8c142313d0b43c,404 Client Error: Not Found for url: https://preview.redd.it/k9i79vedjva31.jpg?width=320&crop=smart&auto=webp&s=eb56be27bdc7c6eac90b95d95f8c142313d0b43c
aummr0,https://preview.redd.it/29x9dpv4kqi21.jpg?width=320&crop=smart&auto=webp&s=df6b4d25b2e5aa3e69f2b0fc586ba3b7eb50f8dd,404 Client Error: Not Found for url: https://preview.redd.it/29x9dpv4kqi21.jpg?width=320&crop=smart&auto=webp&s=df6b4d25b2e5aa3e69f2b0fc586ba3b7eb50f8dd
dj991y,https://preview.redd.it/v5brxnuyt4t31.jpg?width=320&crop=smart&auto=webp&s=f5027c077928e32a0678d0905660c975c91f96f1,404 Client Error: Not Found for url: https://preview.redd.it/v5brxnuyt4t31.jpg?width=320&crop=smart&auto=webp&s=f5027c077928e32a0678d0905660c975c91f96f1
crdeb1,https://preview.redd.it/j8pcikk3yvg31.jpg?width=320&crop=smart&auto=webp&s=0185b6c92e99c92a535441ebe30ac132882476b2,404 Client Error: Not Found for url: https://preview.redd.it/j8pcikk3yvg31.jpg?width=320&crop=smart&auto=webp&s=0185b6c92e99c92a535441ebe30ac132882476b2
d1uzv6x,http://imgur.com/Wsp98U1.jpg,403 Client Error: Unknown Error for url: https://imgur.com/Wsp98U1.jpg
cs9z1d,https://preview.redd.it/ykyh9d792bh31.jpg?width=320&crop=smart&auto=webp&s=5a0e2fa565efbbdc2eb0862759a8dcb14a8deb5f,404 Client Error: Not Found for url: https://preview.redd.it/ykyh9d792bh31.jpg?width=320&crop=smart&auto=webp&s=5a0e2fa565efbbdc2eb0862759a8dcb14a8deb5f
bw3ax0,https://preview.redd.it/v9xfoctspz131.jpg?width=320&crop=smart&auto=webp&s=62baa854e39b16699c7d5df5ffec0cdc5157bd55,404 Client Error: Not Found for url: https://preview.redd.it/v9xfoctspz131.jpg?width=320&crop=smart&auto=webp&s=62baa854e39b16699c7d5df5ffec0cdc5157bd55
cdvobzd,http://imgur.com/WL1U4iz.jpg,403 Client Error: Unknown Error for url: https://imgur.com/WL1U4iz.jpg
98fx48,https://preview.redd.it/xg6ron35sxg11.jpg?width=320&crop=smart&auto=webp&s=3a9fdd0e64fd71a03de9ccca1eb34eefcbbb53c8,404 Client Error: Not Found for url: https://preview.redd.it/xg6ron35sxg11.jpg?width=320&crop=smart&auto=webp&s=3a9fdd0e64fd71a03de9ccca1eb34eefcbbb53c8
bxyh4g,https://preview.redd.it/6tywa2y3gz231.jpg?width=320&crop=smart&auto=webp&s=4a829017c62912bec388324a2c7484326af6e4a0,404 Client Error: Not Found for url: https://preview.redd.it/6tywa2y3gz231.jpg?width=320&crop=smart&auto=webp&s=4a829017c62912bec388324a2c7484326af6e4a0
c4b6uhy,http://oi42.tinypic.com/ztakq1.jpg,"HTTPConnectionPool(host='oi42.tinypic.com', port=80): Max retries exceeded with url: /ztakq1.jpg (Caused by NameResolutionError(""HTTPConnection(host='oi42.tinypic.com', port=80): Failed to resolve 'oi42.tinypic.com' ([Errno 11001] getaddrinfo failed)""))"
c42x05e,http://imgur.com/fndJN.jpg,403 Client Error: Unknown Error for url: https://imgur.com/fndJN.jpg
ddn2mdb,https://www.google.com/imgres?imgurl=http%3A%2F%2Fwww.drodd.com%2Fimages15%2Fchicken19.jpg,non-image content: text/html; charset=utf-8
cycgkt,https://external-preview.redd.it/ESPM-tTuK3werLgfWG_wBsw_trUSDNU4bI5s2jVRAgQ.png?width=108&crop=smart&auto=webp&s=6bdf4d9c8ec6b3100f803c1cf0848f49a5aee344,404 Client Error: Not Found for url: https://external-preview.redd.it/ESPM-tTuK3werLgfWG_wBsw_trUSDNU4bI5s2jVRAgQ.png?width=108&crop=smart&auto=webp&s=6bdf4d9c8ec6b3100f803c1cf0848f49a5aee344
1qocus,https://external-preview.redd.it/ESPM-tTuK3werLgfWG_wBsw_trUSDNU4bI5s2jVRAgQ.png?width=108&crop=smart&auto=webp&s=6bdf4d9c8ec6b3100f803c1cf0848f49a5aee344,404 Client Error: Not Found for url: https://external-preview.redd.it/ESPM-tTuK3werLgfWG_wBsw_trUSDNU4bI5s2jVRAgQ.png?width=108&crop=smart&auto=webp&s=6bdf4d9c8ec6b3100f803c1cf0848f49a5aee344
bdl1gv,https://preview.redd.it/kyck6d6umhs21.jpg?width=320&crop=smart&auto=webp&s=b924d4ebd7171c293e74002fa6231fa18b181d9a,404 Client Error: Not Found for url: https://preview.redd.it/kyck6d6umhs21.jpg?width=320&crop=smart&auto=webp&s=b924d4ebd7171c293e74002fa6231fa18b181d9a
cdp8qa2,http://i.imgur.com/NiltIaC.jpg,"HTTPConnectionPool(host='i.imgur.com', port=80): Max retries exceeded with url: /NiltIaC.jpg (Caused by ConnectTimeoutError(<HTTPConnection(host='i.imgur.com', port=80) at 0x175db08ec60>, 'Connection to i.imgur.com timed out. (connect timeout=15)'))"
6idll3,https://preview.redd.it/fqd78ktqjs4z.jpg?width=320&crop=smart&auto=webp&s=0e600fdc95e9f643f9a4c1c1a690e0053303b8c0,404 Client Error: Not Found for url: https://preview.redd.it/fqd78ktqjs4z.jpg?width=320&crop=smart&auto=webp&s=0e600fdc95e9f643f9a4c1c1a690e0053303b8c0
9h5lbu,https://preview.redd.it/sos7c576g7n11.jpg?width=320&crop=smart&auto=webp&s=dd24465046756c8af9bba45c14d0e6698ce0eaa5,404 Client Error: Not Found for url: https://preview.redd.it/sos7c576g7n11.jpg?width=320&crop=smart&auto=webp&s=dd24465046756c8af9bba45c14d0e6698ce0eaa5
cx8x6y,https://preview.redd.it/t0xefu0y4hj31.jpg?width=320&crop=smart&auto=webp&s=6d13fe26028dd6e88754f4204c664b3eba8dd730,404 Client Error: Not Found for url: https://preview.redd.it/t0xefu0y4hj31.jpg?width=320&crop=smart&auto=webp&s=6d13fe26028dd6e88754f4204c664b3eba8dd730
brqho4,https://preview.redd.it/d399rct8bsz21.jpg?width=320&crop=smart&auto=webp&s=7574b7e3b5a1796ea388fdfc5eb2e43ae95358c4,404 Client Error: Not Found for url: https://preview.redd.it/d399rct8bsz21.jpg?width=320&crop=smart&auto=webp&s=7574b7e3b5a1796ea388fdfc5eb2e43ae95358c4
crth0r,https://preview.redd.it/tpi71nprc3h31.jpg?width=320&crop=smart&auto=webp&s=773c6d4e452a9f56e9ab3ddbd009f7a94987039b,404 Client Error: Not Found for url: https://preview.redd.it/tpi71nprc3h31.jpg?width=320&crop=smart&auto=webp&s=773c6d4e452a9f56e9ab3ddbd009f7a94987039b
bi1d9d,https://preview.redd.it/yf151taxcuu21.jpg?width=320&crop=smart&auto=webp&s=ce3f800695ab22757f8a3775a9ed97e3f94be393,404 Client Error: Not Found for url: https://preview.redd.it/yf151taxcuu21.jpg?width=320&crop=smart&auto=webp&s=ce3f800695ab22757f8a3775a9ed97e3f94be393
c8f1qb6,http://us.123rf.com/400wm/400/400/nozyer/nozyer0912/nozyer091200014/6076759-thai-demon.jpg,403 Client Error: Forbidden for url: https://us.123rf.com/400wm/400/400/nozyer/nozyer0912/nozyer091200014/6076759-thai-demon.jpg
d8nlzv,https://preview.redd.it/2z0d1kratjo31.jpg?width=320&crop=smart&auto=webp&s=1544c0e3121dfc5b81d58addbd122efb3a10c399,404 Client Error: Not Found for url: https://preview.redd.it/2z0d1kratjo31.jpg?width=320&crop=smart&auto=webp&s=1544c0e3121dfc5b81d58addbd122efb3a10c399
8mlj10,https://preview.redd.it/ge2mpay9ch011.jpg?width=320&crop=smart&auto=webp&s=b1c47f6454e31d635a7f0c79580012a3315e18a7,404 Client Error: Not Found for url: https://preview.redd.it/ge2mpay9ch011.jpg?width=320&crop=smart&auto=webp&s=b1c47f6454e31d635a7f0c79580012a3315e18a7
d6r13v,https://preview.redd.it/mhc9de174pn31.jpg?width=320&crop=smart&auto=webp&s=d8f383534b3fcf6802b88c0efaa846380e58c79c,404 Client Error: Not Found for url: https://preview.redd.it/mhc9de174pn31.jpg?width=320&crop=smart&auto=webp&s=d8f383534b3fcf6802b88c0efaa846380e58c79c
9acaki,https://preview.redd.it/4yayqnsilci11.jpg?width=320&crop=smart&auto=webp&s=b1d30cc5ef209752542f64cf307537906b215768,404 Client Error: Not Found for url: https://preview.redd.it/4yayqnsilci11.jpg?width=320&crop=smart&auto=webp&s=b1d30cc5ef209752542f64cf307537906b215768
51d9bx,https://preview.redd.it/9fklq0xestjx.jpg?width=320&crop=smart&auto=webp&s=efa3701ca61015b58848aae8d267a3c9c5d51d84,404 Client Error: Not Found for url: https://preview.redd.it/9fklq0xestjx.jpg?width=320&crop=smart&auto=webp&s=efa3701ca61015b58848aae8d267a3c9c5d51d84
bl3yzq,https://preview.redd.it/jeb0wa2dygw21.jpg?width=320&crop=smart&auto=webp&s=efae3afcb400488c8cb8adf7f9ca973a3fb61cca,404 Client Error: Not Found for url: https://preview.redd.it/jeb0wa2dygw21.jpg?width=320&crop=smart&auto=webp&s=efae3afcb400488c8cb8adf7f9ca973a3fb61cca
8zo2nj,https://preview.redd.it/eb2mkp6d4ka11.png?width=320&crop=smart&auto=webp&s=6fd904c4480671008ec358c10089468c272b52fd,404 Client Error: Not Found for url: https://preview.redd.it/eb2mkp6d4ka11.png?width=320&crop=smart&auto=webp&s=6fd904c4480671008ec358c10089468c272b52fd
bj2xqu,https://preview.redd.it/vbbeu5uzeev21.jpg?width=320&crop=smart&auto=webp&s=ca5b73597794a89b6d144e90f4f0f02fd46f9de7,404 Client Error: Not Found for url: https://preview.redd.it/vbbeu5uzeev21.jpg?width=320&crop=smart&auto=webp&s=ca5b73597794a89b6d144e90f4f0f02fd46f9de7
9cvcl0,https://preview.redd.it/lpxd7osoy7k11.jpg?width=320&crop=smart&auto=webp&s=c000393a88dc08a667634a717598efcf4ccf68bd,404 Client Error: Not Found for url: https://preview.redd.it/lpxd7osoy7k11.jpg?width=320&crop=smart&auto=webp&s=c000393a88dc08a667634a717598efcf4ccf68bd
civk1wn,http://imgur.com/q8JqGrM%2ejpg,403 Client Error: Unknown Error for url: https://imgur.com/q8JqGrM.jpg
dkih34,https://preview.redd.it/vmu75bwemot31.jpg?width=320&crop=smart&auto=webp&s=39d7e37103fbb41975c509f81c4c75dccd24d660,404 Client Error: Not Found for url: https://preview.redd.it/vmu75bwemot31.jpg?width=320&crop=smart&auto=webp&s=39d7e37103fbb41975c509f81c4c75dccd24d660
9c40xe,https://preview.redd.it/9z9qmpj0enj11.jpg?width=320&crop=smart&auto=webp&s=78fabe7c0eb977ff64783bca0955c5e07615d7b0,404 Client Error: Not Found for url: https://preview.redd.it/9z9qmpj0enj11.jpg?width=320&crop=smart&auto=webp&s=78fabe7c0eb977ff64783bca0955c5e07615d7b0
brny7j,https://preview.redd.it/jddqgbci6rz21.jpg?width=320&crop=smart&auto=webp&s=2cd0639d6c32fba69deb2b37f9715ec07a4a6637,404 Client Error: Not Found for url: https://preview.redd.it/jddqgbci6rz21.jpg?width=320&crop=smart&auto=webp&s=2cd0639d6c32fba69deb2b37f9715ec07a4a6637
cckcyd,https://preview.redd.it/yw3l9ct9kz931.jpg?width=320&crop=smart&auto=webp&s=77a8cc3b17a80599cd2e6b67d94006726d95256a,404 Client Error: Not Found for url: https://preview.redd.it/yw3l9ct9kz931.jpg?width=320&crop=smart&auto=webp&s=77a8cc3b17a80599cd2e6b67d94006726d95256a
cjbsfw,https://preview.redd.it/c1uol1ve39d31.jpg?width=320&crop=smart&auto=webp&s=66d350f9b39c03d2f45b73c4d2ff60eda50b7d25,404 Client Error: Not Found for url: https://preview.redd.it/c1uol1ve39d31.jpg?width=320&crop=smart&auto=webp&s=66d350f9b39c03d2f45b73c4d2ff60eda50b7d25
bqmwpx,https://preview.redd.it/06sswn96t8z21.jpg?width=320&crop=smart&auto=webp&s=3c8798df6588d114e48f4535acd411ac0d3994c2,404 Client Error: Not Found for url: https://preview.redd.it/06sswn96t8z21.jpg?width=320&crop=smart&auto=webp&s=3c8798df6588d114e48f4535acd411ac0d3994c2
7g5i7d,https://preview.redd.it/tgkehfcrxq001.jpg?width=320&crop=smart&auto=webp&s=524228e7add1f23298918f35106b829a07d08707,404 Client Error: Not Found for url: https://preview.redd.it/tgkehfcrxq001.jpg?width=320&crop=smart&auto=webp&s=524228e7add1f23298918f35106b829a07d08707
dat18m9,http://imgur.com/A4DpRIC.jpg,403 Client Error: Unknown Error for url: https://imgur.com/A4DpRIC.jpg
avi267,https://preview.redd.it/t62ps7xn86j21.jpg?width=320&crop=smart&auto=webp&s=abbccd0fd3f5d4d0fe9184adb0b4e539968113ae,404 Client Error: Not Found for url: https://preview.redd.it/t62ps7xn86j21.jpg?width=320&crop=smart&auto=webp&s=abbccd0fd3f5d4d0fe9184adb0b4e539968113ae
cee3nbp,http://i.cubeupload.com/teJV6R.jpg,530 Server Error: <none> for url: https://i.cubeupload.com/teJV6R.jpg
9ditbf,https://preview.redd.it/67lyldfdhmk11.jpg?width=320&crop=smart&auto=webp&s=789ab32e0e873ff1c422608f422d28cc82cac781,404 Client Error: Not Found for url: https://preview.redd.it/67lyldfdhmk11.jpg?width=320&crop=smart&auto=webp&s=789ab32e0e873ff1c422608f422d28cc82cac781
99x234,https://preview.redd.it/w94w2e46d1i11.png?width=320&crop=smart&auto=webp&s=9f04b7436d07301ce52aa142726c61a973c2b922,404 Client Error: Not Found for url: https://preview.redd.it/w94w2e46d1i11.png?width=320&crop=smart&auto=webp&s=9f04b7436d07301ce52aa142726c61a973c2b922
chytvb4,http://imgur.com/jSZk2cl.jpg,403 Client Error: Unknown Error for url: https://imgur.com/jSZk2cl.jpg
cj629oq,http://imgur.com/jGsypET%2ejpg,403 Client Error: Unknown Error for url: https://imgur.com/jGsypET.jpg
8y71ql,https://preview.redd.it/89i5nre8fg911.jpg?width=320&crop=smart&auto=webp&s=d9bedfc10636de5ec7caaeed0b39ab5b6a94e1a7,404 Client Error: Not Found for url: https://preview.redd.it/89i5nre8fg911.jpg?width=320&crop=smart&auto=webp&s=d9bedfc10636de5ec7caaeed0b39ab5b6a94e1a7
8q5lh,https://external-preview.redd.it/ESPM-tTuK3werLgfWG_wBsw_trUSDNU4bI5s2jVRAgQ.png?width=108&crop=smart&auto=webp&s=6bdf4d9c8ec6b3100f803c1cf0848f49a5aee344,404 Client Error: Not Found for url: https://external-preview.redd.it/ESPM-tTuK3werLgfWG_wBsw_trUSDNU4bI5s2jVRAgQ.png?width=108&crop=smart&auto=webp&s=6bdf4d9c8ec6b3100f803c1cf0848f49a5aee344
v9550,https://external-preview.redd.it/ESPM-tTuK3werLgfWG_wBsw_trUSDNU4bI5s2jVRAgQ.png?width=108&crop=smart&auto=webp&s=6bdf4d9c8ec6b3100f803c1cf0848f49a5aee344,404 Client Error: Not Found for url: https://external-preview.redd.it/ESPM-tTuK3werLgfWG_wBsw_trUSDNU4bI5s2jVRAgQ.png?width=108&crop=smart&auto=webp&s=6bdf4d9c8ec6b3100f803c1cf0848f49a5aee344
cc5ua35,http://api.ning.com/files/98aFhEc6qRK8tJpdLoS1PDbUR8rRNZgoVgUALHCcQ*IPVOn5GEktKC2b45G4ZkzBkvuJvZG6mJNkoJGahlC2gdWz0VblkA9E/lavelle2%2ejpg,404 Client Error: Not Found for url: http://api.ning.com/files/98aFhEc6qRK8tJpdLoS1PDbUR8rRNZgoVgUALHCcQ*IPVOn5GEktKC2b45G4ZkzBkvuJvZG6mJNkoJGahlC2gdWz0VblkA9E/lavelle2.jpg
arkdu0,https://preview.redd.it/qt206omon4h21.jpg?width=320&crop=smart&auto=webp&s=45d6f4a15b59d4c406607c5b7cf40121db4c969a,404 Client Error: Not Found for url: https://preview.redd.it/qt206omon4h21.jpg?width=320&crop=smart&auto=webp&s=45d6f4a15b59d4c406607c5b7cf40121db4c969a
d2a5b1,https://preview.redd.it/yv320f6knsl31.jpg?width=320&crop=smart&auto=webp&s=564272e00233ffeeb15b4e5f179ba3e962db70ac,404 Client Error: Not Found for url: https://preview.redd.it/yv320f6knsl31.jpg?width=320&crop=smart&auto=webp&s=564272e00233ffeeb15b4e5f179ba3e962db70ac
ayhyhz,https://preview.redd.it/mvrgzzrllrk21.jpg?width=320&crop=smart&auto=webp&s=7ad5803d87392751bb86b8718cf88c489ab8c71c,404 Client Error: Not Found for url: https://preview.redd.it/mvrgzzrllrk21.jpg?width=320&crop=smart&auto=webp&s=7ad5803d87392751bb86b8718cf88c489ab8c71c
daaz50u,http://imgur.com/QzAAHVi.jpg,403 Client Error: Unknown Error for url: https://imgur.com/QzAAHVi.jpg
bvmmpu,https://preview.redd.it/qphi8fuwsq131.jpg?width=320&crop=smart&auto=webp&s=7867e122a646625a9c78dbe2beb4a0171a16183f,404 Client Error: Not Found for url: https://preview.redd.it/qphi8fuwsq131.jpg?width=320&crop=smart&auto=webp&s=7867e122a646625a9c78dbe2beb4a0171a16183f
ckuif7v,http://imgur.com/F9NMXhF%2ejpg,403 Client Error: Unknown Error for url: https://imgur.com/F9NMXhF.jpg
b55br9,https://preview.redd.it/qkhjv2e5k6o21.png?width=320&crop=smart&auto=webp&s=2e7e6a0e9de105ceb96e94661245ed16d1b2dc06,404 Client Error: Not Found for url: https://preview.redd.it/qkhjv2e5k6o21.png?width=320&crop=smart&auto=webp&s=2e7e6a0e9de105ceb96e94661245ed16d1b2dc06
csnqq3,https://preview.redd.it/4ppc496r4hh31.jpg?width=320&crop=smart&auto=webp&s=aa94dde1ab32c786dc8d2d1ede8076cc623bd98c,404 Client Error: Not Found for url: https://preview.redd.it/4ppc496r4hh31.jpg?width=320&crop=smart&auto=webp&s=aa94dde1ab32c786dc8d2d1ede8076cc623bd98c
d652hul,http://www.bhphotovideo.com/images/images2500x2500/trijicon_ta31_d_100312_acog_4x32_dual_illuminated_1036050.jpg,403 Client Error: Forbidden for url: https://www.bhphotovideo.com/images/images2500x2500/trijicon_ta31_d_100312_acog_4x32_dual_illuminated_1036050.jpg
dw96na8,https://imgur.com/Zum0lqT.jpg,403 Client Error: Unknown Error for url: https://imgur.com/Zum0lqT.jpg
2vu0gk,https://external-preview.redd.it/ESPM-tTuK3werLgfWG_wBsw_trUSDNU4bI5s2jVRAgQ.png?width=108&crop=smart&auto=webp&s=6bdf4d9c8ec6b3100f803c1cf0848f49a5aee344,404 Client Error: Not Found for url: https://external-preview.redd.it/ESPM-tTuK3werLgfWG_wBsw_trUSDNU4bI5s2jVRAgQ.png?width=108&crop=smart&auto=webp&s=6bdf4d9c8ec6b3100f803c1cf0848f49a5aee344
auelrw,https://preview.redd.it/foji3d2qyli21.jpg?width=320&crop=smart&auto=webp&s=3681e32683595ad4b5e43c2088f36d0c4d090dc1,404 Client Error: Not Found for url: https://preview.redd.it/foji3d2qyli21.jpg?width=320&crop=smart&auto=webp&s=3681e32683595ad4b5e43c2088f36d0c4d090dc1
cv1t14c,http://imgur.com/ci5Q9KR.jpg,403 Client Error: Unknown Error for url: https://imgur.com/ci5Q9KR.jpg
dh9ey4,https://external-preview.redd.it/ESPM-tTuK3werLgfWG_wBsw_trUSDNU4bI5s2jVRAgQ.png?width=108&crop=smart&auto=webp&s=6bdf4d9c8ec6b3100f803c1cf0848f49a5aee344,404 Client Error: Not Found for url: https://external-preview.redd.it/ESPM-tTuK3werLgfWG_wBsw_trUSDNU4bI5s2jVRAgQ.png?width=108&crop=smart&auto=webp&s=6bdf4d9c8ec6b3100f803c1cf0848f49a5aee344
b6zw1h,https://preview.redd.it/vj9td8jqb3p21.jpg?width=320&crop=smart&auto=webp&s=aec13e5d25e6ca5f6c82f55afe7bf550927f8507,404 Client Error: Not Found for url: https://preview.redd.it/vj9td8jqb3p21.jpg?width=320&crop=smart&auto=webp&s=aec13e5d25e6ca5f6c82f55afe7bf550927f8507
axcx73,https://preview.redd.it/1xj36rmv96k21.png?width=320&crop=smart&auto=webp&s=ea42eed54a8506cdd5f69f9a30ff25b6fe364041,404 Client Error: Not Found for url: https://preview.redd.it/1xj36rmv96k21.png?width=320&crop=smart&auto=webp&s=ea42eed54a8506cdd5f69f9a30ff25b6fe364041
48ypt9,https://external-preview.redd.it/ESPM-tTuK3werLgfWG_wBsw_trUSDNU4bI5s2jVRAgQ.png?width=108&crop=smart&auto=webp&s=6bdf4d9c8ec6b3100f803c1cf0848f49a5aee344,404 Client Error: Not Found for url: https://external-preview.redd.it/ESPM-tTuK3werLgfWG_wBsw_trUSDNU4bI5s2jVRAgQ.png?width=108&crop=smart&auto=webp&s=6bdf4d9c8ec6b3100f803c1cf0848f49a5aee344
82fctw,https://preview.redd.it/39mf1kgti5k01.jpg?width=320&crop=smart&auto=webp&s=481a6c8daf90edc88a07728b51b88f73ee127ada,404 Client Error: Not Found for url: https://preview.redd.it/39mf1kgti5k01.jpg?width=320&crop=smart&auto=webp&s=481a6c8daf90edc88a07728b51b88f73ee127ada
788kd7,https://preview.redd.it/0kuh41z8oltz.jpg?width=320&crop=smart&auto=webp&s=cbaf71279e1c7893818054ee8d401147fe192575,404 Client Error: Not Found for url: https://preview.redd.it/0kuh41z8oltz.jpg?width=320&crop=smart&auto=webp&s=cbaf71279e1c7893818054ee8d401147fe192575
de11za,https://preview.redd.it/r6auwxko3wq31.jpg?width=320&crop=smart&auto=webp&s=2c09d349b599eccb23005c7cfee56cc50fa85759,404 Client Error: Not Found for url: https://preview.redd.it/r6auwxko3wq31.jpg?width=320&crop=smart&auto=webp&s=2c09d349b599eccb23005c7cfee56cc50fa85759
ci6ap0,https://preview.redd.it/5z8h8lfduoc31.jpg?width=320&crop=smart&auto=webp&s=f40b3b170ede4c02243f15d8c9b76f292060e7d0,404 Client Error: Not Found for url: https://preview.redd.it/5z8h8lfduoc31.jpg?width=320&crop=smart&auto=webp&s=f40b3b170ede4c02243f15d8c9b76f292060e7d0
84eax6,https://preview.redd.it/43llnw5p0rl01.jpg?width=320&crop=smart&auto=webp&s=662aba872231003b1223542f9696c57679ca2fb8,404 Client Error: Not Found for url: https://preview.redd.it/43llnw5p0rl01.jpg?width=320&crop=smart&auto=webp&s=662aba872231003b1223542f9696c57679ca2fb8
ct70qb,https://preview.redd.it/iqblh7sceoh31.jpg?width=320&crop=smart&auto=webp&s=625ee5973e45e3a8a1042130b6bc19b45f35c15e,404 Client Error: Not Found for url: https://preview.redd.it/iqblh7sceoh31.jpg?width=320&crop=smart&auto=webp&s=625ee5973e45e3a8a1042130b6bc19b45f35c15e
9eft4a,https://preview.redd.it/mnzenkcbn9l11.jpg?width=320&crop=smart&auto=webp&s=3c6f0f14df916a49eb5f3064d4d25dc9a6965228,404 Client Error: Not Found for url: https://preview.redd.it/mnzenkcbn9l11.jpg?width=320&crop=smart&auto=webp&s=3c6f0f14df916a49eb5f3064d4d25dc9a6965228
8s90gh,https://preview.redd.it/yqft53k8qy411.jpg?width=320&crop=smart&auto=webp&s=b2abebfc5175b046b779c003a29fb92d9bb67919,404 Client Error: Not Found for url: https://preview.redd.it/yqft53k8qy411.jpg?width=320&crop=smart&auto=webp&s=b2abebfc5175b046b779c003a29fb92d9bb67919
c94495,https://preview.redd.it/bv4voj0y5b831.jpg?width=320&crop=smart&auto=webp&s=96d7b21ecca245ff01078640aba519bdf3ba2b39,404 Client Error: Not Found for url: https://preview.redd.it/bv4voj0y5b831.jpg?width=320&crop=smart&auto=webp&s=96d7b21ecca245ff01078640aba519bdf3ba2b39
9y7fxd,https://preview.redd.it/pvt1uiz1c4z11.jpg?width=320&crop=smart&auto=webp&s=345dbaa8315fc020ed24cb920cecdfd44eae7415,404 Client Error: Not Found for url: https://preview.redd.it/pvt1uiz1c4z11.jpg?width=320&crop=smart&auto=webp&s=345dbaa8315fc020ed24cb920cecdfd44eae7415
cjvhgya,http://imgur.com/uBmASfE.jpg,403 Client Error: Unknown Error for url: https://imgur.com/uBmASfE.jpg
c6npc7p,http://imgur.com/4MT0m.jpg,403 Client Error: Unknown Error for url: https://imgur.com/4MT0m.jpg
5zd0kg,https://external-preview.redd.it/JE5v1BJsIlc2DiVs1rwqi6CLE49u9lcH1SVOoMRTF3k.jpg?width=320&crop=smart&auto=webp&s=b3d81215eab9b3b229e6ffd236587b1513734be9,404 Client Error: Not Found for url: https://external-preview.redd.it/JE5v1BJsIlc2DiVs1rwqi6CLE49u9lcH1SVOoMRTF3k.jpg?width=320&crop=smart&auto=webp&s=b3d81215eab9b3b229e6ffd236587b1513734be9
clqr6sp,http://imgur.com/b5qI7GU%2ejpg,403 Client Error: Unknown Error for url: https://imgur.com/b5qI7GU.jpg
1owd0f,https://external-preview.redd.it/ESPM-tTuK3werLgfWG_wBsw_trUSDNU4bI5s2jVRAgQ.png?width=108&crop=smart&auto=webp&s=6bdf4d9c8ec6b3100f803c1cf0848f49a5aee344,404 Client Error: Not Found for url: https://external-preview.redd.it/ESPM-tTuK3werLgfWG_wBsw_trUSDNU4bI5s2jVRAgQ.png?width=108&crop=smart&auto=webp&s=6bdf4d9c8ec6b3100f803c1cf0848f49a5aee344
8z0eux,https://preview.redd.it/krjk9qefs2a11.jpg?width=320&crop=smart&auto=webp&s=7ff5647d5fff08a6b01be5f96acac55207680ee9,404 Client Error: Not Found for url: https://preview.redd.it/krjk9qefs2a11.jpg?width=320&crop=smart&auto=webp&s=7ff5647d5fff08a6b01be5f96acac55207680ee9
cbycnq,,missing image URL
8uwtd4,https://preview.redd.it/yy4hsj98c0711.jpg?width=320&crop=smart&auto=webp&s=f9e6f8bc68886f2efa5f41f197150647f6b407e4,404 Client Error: Not Found for url: https://preview.redd.it/yy4hsj98c0711.jpg?width=320&crop=smart&auto=webp&s=f9e6f8bc68886f2efa5f41f197150647f6b407e4
8milzi,,missing image URL
c8d81st,http://imgur.com/Ts5NL8o.jpg,403 Client Error: Unknown Error for url: https://imgur.com/Ts5NL8o.jpg
c5wfmt,https://preview.redd.it/14inh1obtr631.jpg?width=320&crop=smart&auto=webp&s=d0f4223f15d16a959a1281ae32c4d83d0468b287,404 Client Error: Not Found for url: https://preview.redd.it/14inh1obtr631.jpg?width=320&crop=smart&auto=webp&s=d0f4223f15d16a959a1281ae32c4d83d0468b287
cyio4k,https://preview.redd.it/svxvztm963k31.jpg?width=320&crop=smart&auto=webp&s=704cc7774ac365ae326bede32a8863b35215cf42,404 Client Error: Not Found for url: https://preview.redd.it/svxvztm963k31.jpg?width=320&crop=smart&auto=webp&s=704cc7774ac365ae326bede32a8863b35215cf42
d3rax2,https://preview.redd.it/ij7ekctxvdm31.jpg?width=320&crop=smart&auto=webp&s=4d462a07b1784b0a4c6f4638e69ce1d171afc532,404 Client Error: Not Found for url: https://preview.redd.it/ij7ekctxvdm31.jpg?width=320&crop=smart&auto=webp&s=4d462a07b1784b0a4c6f4638e69ce1d171afc532
aty5uj,https://preview.redd.it/oatpwynlyci21.jpg?width=320&crop=smart&auto=webp&s=3bef271424b6c9370aae373c264102bcafd9c35d,404 Client Error: Not Found for url: https://preview.redd.it/oatpwynlyci21.jpg?width=320&crop=smart&auto=webp&s=3bef271424b6c9370aae373c264102bcafd9c35d
dn2koi4,https://imgur.com/7KG49lf.jpg,403 Client Error: Unknown Error for url: https://imgur.com/7KG49lf.jpg
dhd9uz,,missing image URL
ba4r5o,https://preview.redd.it/s8towwtrknq21.jpg?width=320&crop=smart&auto=webp&s=b1ec624dae9117cebe74e33e859ede062bf846e3,404 Client Error: Not Found for url: https://preview.redd.it/s8towwtrknq21.jpg?width=320&crop=smart&auto=webp&s=b1ec624dae9117cebe74e33e859ede062bf846e3
cdruxn,https://preview.redd.it/i1rct2er6la31.jpg?width=320&crop=smart&auto=webp&s=860668144f7a7994ee6a059bc574f97debe85fbc,404 Client Error: Not Found for url: https://preview.redd.it/i1rct2er6la31.jpg?width=320&crop=smart&auto=webp&s=860668144f7a7994ee6a059bc574f97debe85fbc
cbneao,,missing image URL
dta2i14,https://imgur.com/ep1oQOR.jpg,403 Client Error: Unknown Error for url: https://imgur.com/ep1oQOR.jpg
by09uw,https://preview.redd.it/00z61dsl80331.jpg?width=216&crop=smart&auto=webp&s=c645ce905e46ce23a0466c2e5bd27e245ca0ad2f,404 Client Error: Not Found for url: https://preview.redd.it/00z61dsl80331.jpg?width=216&crop=smart&auto=webp&s=c645ce905e46ce23a0466c2e5bd27e245ca0ad2f
bvio09,https://preview.redd.it/v4jels0ogp131.jpg?width=320&crop=smart&auto=webp&s=57e10047ee6404a7b4e605edf3badbfe9d36038e,404 Client Error: Not Found for url: https://preview.redd.it/v4jels0ogp131.jpg?width=320&crop=smart&auto=webp&s=57e10047ee6404a7b4e605edf3badbfe9d36038e
dfgfq6,https://preview.redd.it/9epeb3n8gir31.jpg?width=320&crop=smart&auto=webp&s=222b753553196e900bb1a26c29b68b68f0806f35,404 Client Error: Not Found for url: https://preview.redd.it/9epeb3n8gir31.jpg?width=320&crop=smart&auto=webp&s=222b753553196e900bb1a26c29b68b68f0806f35
b5wn44,https://external-preview.redd.it/T3oc-LFH2_JfRupQDF0erU4txVGTq-IOD80VTAYU4BE.png?width=320&crop=smart&format=pjpg&auto=webp&s=20e41b1f900f5377a72db28663ea403993fb4f4f,404 Client Error: Not Found for url: https://external-preview.redd.it/T3oc-LFH2_JfRupQDF0erU4txVGTq-IOD80VTAYU4BE.png?width=320&crop=smart&format=pjpg&auto=webp&s=20e41b1f900f5377a72db28663ea403993fb4f4f
1yxttf,https://external-preview.redd.it/ESPM-tTuK3werLgfWG_wBsw_trUSDNU4bI5s2jVRAgQ.png?width=108&crop=smart&auto=webp&s=6bdf4d9c8ec6b3100f803c1cf0848f49a5aee344,404 Client Error: Not Found for url: https://external-preview.redd.it/ESPM-tTuK3werLgfWG_wBsw_trUSDNU4bI5s2jVRAgQ.png?width=108&crop=smart&auto=webp&s=6bdf4d9c8ec6b3100f803c1cf0848f49a5aee344
cwt9h8y,http://oi64.tinypic.com/1zbz97s.jpg,"HTTPConnectionPool(host='oi64.tinypic.com', port=80): Max retries exceeded with url: /1zbz97s.jpg (Caused by NameResolutionError(""HTTPConnection(host='oi64.tinypic.com', port=80): Failed to resolve 'oi64.tinypic.com' ([Errno 11001] getaddrinfo failed)""))"
cmszdl,https://preview.redd.it/723dv1mfxue31.jpg?width=320&crop=smart&auto=webp&s=9a2352e6f9fe3380cfaa657f9792ae6f444bb6e4,404 Client Error: Not Found for url: https://preview.redd.it/723dv1mfxue31.jpg?width=320&crop=smart&auto=webp&s=9a2352e6f9fe3380cfaa657f9792ae6f444bb6e4
cvhrdpz,http://imgur.com/bku5eQQ.jpg,403 Client Error: Unknown Error for url: https://imgur.com/bku5eQQ.jpg
7cf601,https://preview.redd.it/1297itiygjxz.jpg?width=320&crop=smart&auto=webp&s=6f76370d269e8a8281d9dc3adc08b4a553b62c95,404 Client Error: Not Found for url: https://preview.redd.it/1297itiygjxz.jpg?width=320&crop=smart&auto=webp&s=6f76370d269e8a8281d9dc3adc08b4a553b62c95
balhu3,https://preview.redd.it/m93510h9wwq21.jpg?width=320&crop=smart&auto=webp&s=ea624502e61b967ca9a01765a3fc7189a41b64f3,404 Client Error: Not Found for url: https://preview.redd.it/m93510h9wwq21.jpg?width=320&crop=smart&auto=webp&s=ea624502e61b967ca9a01765a3fc7189a41b64f3
6hg164,https://preview.redd.it/0mqo1yk04u3z.jpg?width=320&crop=smart&auto=webp&s=368244e5ba205cd2887fb41fa9e21054c8d0b4c0,404 Client Error: Not Found for url: https://preview.redd.it/0mqo1yk04u3z.jpg?width=320&crop=smart&auto=webp&s=368244e5ba205cd2887fb41fa9e21054c8d0b4c0
d3lmkm,https://preview.redd.it/wya9ya6vabm31.jpg?width=320&crop=smart&auto=webp&s=6b79f8d0af82f7bc9f44ae67b3daa3c68fffc0fd,404 Client Error: Not Found for url: https://preview.redd.it/wya9ya6vabm31.jpg?width=320&crop=smart&auto=webp&s=6b79f8d0af82f7bc9f44ae67b3daa3c68fffc0fd
1kg7f4,https://external-preview.redd.it/wqOSlV67UfIbFjA93a8nsIzQL-ZmyVzDsFtjSMbz0ok.jpg?width=320&crop=smart&auto=webp&s=f1d76af3676891097bb6d45cabbd4f951cd276ce,404 Client Error: Not Found for url: https://external-preview.redd.it/wqOSlV67UfIbFjA93a8nsIzQL-ZmyVzDsFtjSMbz0ok.jpg?width=320&crop=smart&auto=webp&s=f1d76af3676891097bb6d45cabbd4f951cd276ce
cmq0wcj,http://i.imgur.com/HGU7xx4.jpg,"HTTPConnectionPool(host='i.imgur.com', port=80): Max retries exceeded with url: /HGU7xx4.jpg (Caused by ConnectTimeoutError(<HTTPConnection(host='i.imgur.com', port=80) at 0x175db068260>, 'Connection to i.imgur.com timed out. (connect timeout=15)'))"
c73pg7,https://preview.redd.it/c4ahnt1snc731.jpg?width=320&crop=smart&auto=webp&s=83f064b5fe8afad46471564611d0f7df0469b6d9,404 Client Error: Not Found for url: https://preview.redd.it/c4ahnt1snc731.jpg?width=320&crop=smart&auto=webp&s=83f064b5fe8afad46471564611d0f7df0469b6d9
dg9d9zo,https://i.redditmedia.com/hRDAD8-D7EGWkgvCI_5Z757hmT7Zzzs2oXaxqPc1fR0.jpg,500 Server Error: Domain Not Found for url: https://i.redditmedia.com/hRDAD8-D7EGWkgvCI_5Z757hmT7Zzzs2oXaxqPc1fR0.jpg
auuh5z,https://preview.redd.it/1lv6uabv1ui21.jpg?width=320&crop=smart&auto=webp&s=a41ce62a619c2528759c5b4490be4651c391e89d,404 Client Error: Not Found for url: https://preview.redd.it/1lv6uabv1ui21.jpg?width=320&crop=smart&auto=webp&s=a41ce62a619c2528759c5b4490be4651c391e89d
cxenls6,http://i.imgur.com/JFL6UJC.jpg,"HTTPConnectionPool(host='i.imgur.com', port=80): Max retries exceeded with url: /JFL6UJC.jpg (Caused by ConnectTimeoutError(<HTTPConnection(host='i.imgur.com', port=80) at 0x175db08d670>, 'Connection to i.imgur.com timed out. (connect timeout=15)'))"
bxpnzx,https://preview.redd.it/i4n9d1ctou231.jpg?width=320&crop=smart&auto=webp&s=46187f3f01c8fea3beceee605199611feb2dac66,404 Client Error: Not Found for url: https://preview.redd.it/i4n9d1ctou231.jpg?width=320&crop=smart&auto=webp&s=46187f3f01c8fea3beceee605199611feb2dac66
98zv0x,https://preview.redd.it/4p9ono17cdh11.jpg?width=320&crop=smart&auto=webp&s=3d5a2b0e828c2a0cc9873b8028472ad9e718017f,404 Client Error: Not Found for url: https://preview.redd.it/4p9ono17cdh11.jpg?width=320&crop=smart&auto=webp&s=3d5a2b0e828c2a0cc9873b8028472ad9e718017f
7ujkan,,missing image URL
crpt5nr,http://imgur.com/5HZKf5Y.jpg,403 Client Error: Unknown Error for url: https://imgur.com/5HZKf5Y.jpg
c4xdd7,https://preview.redd.it/niw6awacud631.jpg?width=320&crop=smart&auto=webp&s=65d592bd1ef65b3dc586d92cab9125a7ff2c2372,404 Client Error: Not Found for url: https://preview.redd.it/niw6awacud631.jpg?width=320&crop=smart&auto=webp&s=65d592bd1ef65b3dc586d92cab9125a7ff2c2372
7mpd1h,https://preview.redd.it/uif3as2h8q601.jpg?width=320&crop=smart&auto=webp&s=4c4753c3674225e4e4a759ee872661974dfa4a52,404 Client Error: Not Found for url: https://preview.redd.it/uif3as2h8q601.jpg?width=320&crop=smart&auto=webp&s=4c4753c3674225e4e4a759ee872661974dfa4a52
6dm8lu,https://preview.redd.it/9kewt9ezjzzy.jpg?width=320&crop=smart&auto=webp&s=0272db481986ffc950498aa904374528fba75bf0,404 Client Error: Not Found for url: https://preview.redd.it/9kewt9ezjzzy.jpg?width=320&crop=smart&auto=webp&s=0272db481986ffc950498aa904374528fba75bf0
cgpxoyi,http://imgur.com/CXkyMlk%2ejpg,403 Client Error: Unknown Error for url: https://imgur.com/CXkyMlk.jpg
bq5kin,https://preview.redd.it/2ptniueitzy21.jpg?width=320&crop=smart&auto=webp&s=6e8c88e0143a0e67ba1746cd70a3490bb0c25e5b,404 Client Error: Not Found for url: https://preview.redd.it/2ptniueitzy21.jpg?width=320&crop=smart&auto=webp&s=6e8c88e0143a0e67ba1746cd70a3490bb0c25e5b
6vsttf,https://preview.redd.it/cd1cgs2obqhz.png?width=108&crop=smart&auto=webp&s=9c2108a01a41e0fc8d51509026977a7d17fa5879,404 Client Error: Not Found for url: https://preview.redd.it/cd1cgs2obqhz.png?width=108&crop=smart&auto=webp&s=9c2108a01a41e0fc8d51509026977a7d17fa5879
597cwx,https://external-preview.redd.it/TOXRF1O2xnsk2ww_1uU0CpdmhXXGftg6Oy4meOJnotk.jpg?width=320&crop=smart&auto=webp&s=645b2e2fdc97a4c5778f1fcab892c43a3df955a6,404 Client Error: Not Found for url: https://external-preview.redd.it/TOXRF1O2xnsk2ww_1uU0CpdmhXXGftg6Oy4meOJnotk.jpg?width=320&crop=smart&auto=webp&s=645b2e2fdc97a4c5778f1fcab892c43a3df955a6
1a7vjx,https://external-preview.redd.it/ESPM-tTuK3werLgfWG_wBsw_trUSDNU4bI5s2jVRAgQ.png?width=108&crop=smart&auto=webp&s=6bdf4d9c8ec6b3100f803c1cf0848f49a5aee344,404 Client Error: Not Found for url: https://external-preview.redd.it/ESPM-tTuK3werLgfWG_wBsw_trUSDNU4bI5s2jVRAgQ.png?width=108&crop=smart&auto=webp&s=6bdf4d9c8ec6b3100f803c1cf0848f49a5aee344
7xmrvm,https://preview.redd.it/rt2ka79nw9g01.jpg?width=320&crop=smart&auto=webp&s=ef73d8e7b5f07c8bb92d3b9d4ff3d259ab6050c5,404 Client Error: Not Found for url: https://preview.redd.it/rt2ka79nw9g01.jpg?width=320&crop=smart&auto=webp&s=ef73d8e7b5f07c8bb92d3b9d4ff3d259ab6050c5
d8snbs,https://preview.redd.it/cnreaqnqmlo31.jpg?width=320&crop=smart&auto=webp&s=e7a5f9e5fb6b1a49eb4596f2ec1f7d5f2cbb058d,404 Client Error: Not Found for url: https://preview.redd.it/cnreaqnqmlo31.jpg?width=320&crop=smart&auto=webp&s=e7a5f9e5fb6b1a49eb4596f2ec1f7d5f2cbb058d
161ud2,https://external-preview.redd.it/wxAWz1viqz5ufj2QH0X9Ce-OynTWDPQ4JcnaMJuHDao.jpg?width=320&crop=smart&auto=webp&s=e7b6736ccf61c43e51f5c16fcf951c262bf09f9d,404 Client Error: Not Found for url: https://external-preview.redd.it/wxAWz1viqz5ufj2QH0X9Ce-OynTWDPQ4JcnaMJuHDao.jpg?width=320&crop=smart&auto=webp&s=e7b6736ccf61c43e51f5c16fcf951c262bf09f9d
ccxufzo,http://imgur.com/Ikcx81k.jpg,403 Client Error: Unknown Error for url: https://imgur.com/Ikcx81k.jpg
cq63m6,https://preview.redd.it/mjjibvdy4dg31.jpg?width=320&crop=smart&auto=webp&s=34ca9890a183428ede1163189c6a6e5db8181cb3,404 Client Error: Not Found for url: https://preview.redd.it/mjjibvdy4dg31.jpg?width=320&crop=smart&auto=webp&s=34ca9890a183428ede1163189c6a6e5db8181cb3
dbz9hl,,missing image URL
1kzpot,https://external-preview.redd.it/ESPM-tTuK3werLgfWG_wBsw_trUSDNU4bI5s2jVRAgQ.png?width=108&crop=smart&auto=webp&s=6bdf4d9c8ec6b3100f803c1cf0848f49a5aee344,404 Client Error: Not Found for url: https://external-preview.redd.it/ESPM-tTuK3werLgfWG_wBsw_trUSDNU4bI5s2jVRAgQ.png?width=108&crop=smart&auto=webp&s=6bdf4d9c8ec6b3100f803c1cf0848f49a5aee344
25mvmw,https://external-preview.redd.it/ESPM-tTuK3werLgfWG_wBsw_trUSDNU4bI5s2jVRAgQ.png?width=108&crop=smart&auto=webp&s=6bdf4d9c8ec6b3100f803c1cf0848f49a5aee344,404 Client Error: Not Found for url: https://external-preview.redd.it/ESPM-tTuK3werLgfWG_wBsw_trUSDNU4bI5s2jVRAgQ.png?width=108&crop=smart&auto=webp&s=6bdf4d9c8ec6b3100f803c1cf0848f49a5aee344
21z3rw,https://external-preview.redd.it/ESPM-tTuK3werLgfWG_wBsw_trUSDNU4bI5s2jVRAgQ.png?width=108&crop=smart&auto=webp&s=6bdf4d9c8ec6b3100f803c1cf0848f49a5aee344,404 Client Error: Not Found for url: https://external-preview.redd.it/ESPM-tTuK3werLgfWG_wBsw_trUSDNU4bI5s2jVRAgQ.png?width=108&crop=smart&auto=webp&s=6bdf4d9c8ec6b3100f803c1cf0848f49a5aee344
cv3160,https://preview.redd.it/npmrj87pcii31.jpg?width=320&crop=smart&auto=webp&s=a577eec9e16c71a8de7ab00d51de2e938d85bbfe,404 Client Error: Not Found for url: https://preview.redd.it/npmrj87pcii31.jpg?width=320&crop=smart&auto=webp&s=a577eec9e16c71a8de7ab00d51de2e938d85bbfe
69ygof,,missing image URL
dgki0z,https://preview.redd.it/kvu3yaiqxyr31.jpg?width=320&crop=smart&auto=webp&s=41a1ddc6c7dcc0616910d373878af963db315be7,404 Client Error: Not Found for url: https://preview.redd.it/kvu3yaiqxyr31.jpg?width=320&crop=smart&auto=webp&s=41a1ddc6c7dcc0616910d373878af963db315be7
ekthxbz,https://www.dropbox.com/s/nlcw6x4vjt4d6j0/zw02me0362s212112.jpg,non-image content: text/html; charset=utf-8
5m4fqb,https://external-preview.redd.it/l8TQQpXcsgfcbEMlyjwrZbVa0XBNXfoo_SbhXGBIbUY.jpg?width=320&crop=smart&auto=webp&s=d2df460f9d2d5722b4e716da36f55b6ac2484c58,404 Client Error: Not Found for url: https://external-preview.redd.it/l8TQQpXcsgfcbEMlyjwrZbVa0XBNXfoo_SbhXGBIbUY.jpg?width=320&crop=smart&auto=webp&s=d2df460f9d2d5722b4e716da36f55b6ac2484c58
9fy8kd,https://preview.redd.it/htucc90a97m11.png?width=320&crop=smart&auto=webp&s=327210a422fac9626e7d287355ae46f5f5360584,404 Client Error: Not Found for url: https://preview.redd.it/htucc90a97m11.png?width=320&crop=smart&auto=webp&s=327210a422fac9626e7d287355ae46f5f5360584
diov8o,https://preview.redd.it/xtz9syyacqs31.jpg?width=320&crop=smart&auto=webp&s=7f57287d3ee3116f37f42a629886108d553b9735,404 Client Error: Not Found for url: https://preview.redd.it/xtz9syyacqs31.jpg?width=320&crop=smart&auto=webp&s=7f57287d3ee3116f37f42a629886108d553b9735
bpzfws,https://preview.redd.it/jog0cudzgvy21.jpg?width=320&crop=smart&auto=webp&s=64a8b5b043f288cdf573ef08d20c4fafbad71a36,404 Client Error: Not Found for url: https://preview.redd.it/jog0cudzgvy21.jpg?width=320&crop=smart&auto=webp&s=64a8b5b043f288cdf573ef08d20c4fafbad71a36
840o43,https://preview.redd.it/8dgd0yexufl01.jpg?width=320&crop=smart&auto=webp&s=4f51e2320c3c1cc5b370ab336775047e15ce1a54,404 Client Error: Not Found for url: https://preview.redd.it/8dgd0yexufl01.jpg?width=320&crop=smart&auto=webp&s=4f51e2320c3c1cc5b370ab336775047e15ce1a54
8s3onf,https://preview.redd.it/yi1pw0y25u411.png?width=320&crop=smart&auto=webp&s=4455ab9dd16f38cb90702d9f63fe09870e4a64b2,404 Client Error: Not Found for url: https://preview.redd.it/yi1pw0y25u411.png?width=320&crop=smart&auto=webp&s=4455ab9dd16f38cb90702d9f63fe09870e4a64b2
dfhr6y,https://preview.redd.it/uhnlonsxyir31.jpg?width=320&crop=smart&auto=webp&s=b57df2d83fb2e27812824a40ffeffe871a5f5931,404 Client Error: Not Found for url: https://preview.redd.it/uhnlonsxyir31.jpg?width=320&crop=smart&auto=webp&s=b57df2d83fb2e27812824a40ffeffe871a5f5931
cf5qkx,https://preview.redd.it/76wya4wui8b31.jpg?width=320&crop=smart&auto=webp&s=ad6bf87ae47a77f3a148effe317ed7e00da8336e,404 Client Error: Not Found for url: https://preview.redd.it/76wya4wui8b31.jpg?width=320&crop=smart&auto=webp&s=ad6bf87ae47a77f3a148effe317ed7e00da8336e
cgqbjq3,http://imgur.com/disL9Uo.jpg,403 Client Error: Unknown Error for url: https://imgur.com/disL9Uo.jpg
4jos0f,https://external-preview.redd.it/ESPM-tTuK3werLgfWG_wBsw_trUSDNU4bI5s2jVRAgQ.png?width=108&crop=smart&auto=webp&s=6bdf4d9c8ec6b3100f803c1cf0848f49a5aee344,404 Client Error: Not Found for url: https://external-preview.redd.it/ESPM-tTuK3werLgfWG_wBsw_trUSDNU4bI5s2jVRAgQ.png?width=108&crop=smart&auto=webp&s=6bdf4d9c8ec6b3100f803c1cf0848f49a5aee344
dicteq,,missing image URL
73oyvz,,missing image URL
bmxq50,https://preview.redd.it/2guj05csodx21.jpg?width=320&crop=smart&auto=webp&s=b79405cab890a69ad9c24fae6f6219144d44ca15,404 Client Error: Not Found for url: https://preview.redd.it/2guj05csodx21.jpg?width=320&crop=smart&auto=webp&s=b79405cab890a69ad9c24fae6f6219144d44ca15
728h1u,https://preview.redd.it/9x57vs41vwnz.jpg?width=320&crop=smart&auto=webp&s=311ab9a8e7f1327cb8c5c3c50c348477795d2c7f,404 Client Error: Not Found for url: https://preview.redd.it/9x57vs41vwnz.jpg?width=320&crop=smart&auto=webp&s=311ab9a8e7f1327cb8c5c3c50c348477795d2c7f
1ek3wa,https://external-preview.redd.it/lezawYJ8x4GvQfSsuU6tfRCHWLb9-ZBIIq2k4njKNIA.jpg?width=320&crop=smart&auto=webp&s=c6b2da9a6155e478935852fe282df3be039f582c,404 Client Error: Not Found for url: https://external-preview.redd.it/lezawYJ8x4GvQfSsuU6tfRCHWLb9-ZBIIq2k4njKNIA.jpg?width=320&crop=smart&auto=webp&s=c6b2da9a6155e478935852fe282df3be039f582c
cb3au9,,missing image URL
bvq3s8,https://preview.redd.it/ltqr34vygt131.jpg?width=320&crop=smart&auto=webp&s=e63378ad10f19288569710e6b8c21121a7dad815,404 Client Error: Not Found for url: https://preview.redd.it/ltqr34vygt131.jpg?width=320&crop=smart&auto=webp&s=e63378ad10f19288569710e6b8c21121a7dad815
bpw9pt,https://preview.redd.it/g9errskbzty21.jpg?width=320&crop=smart&auto=webp&s=de6b7ef1b2d53ae246d19e0118b9a957ff19cd94,404 Client Error: Not Found for url: https://preview.redd.it/g9errskbzty21.jpg?width=320&crop=smart&auto=webp&s=de6b7ef1b2d53ae246d19e0118b9a957ff19cd94
d6en8v,https://preview.redd.it/yr45lm037kn31.jpg?width=320&crop=smart&auto=webp&s=c96bc50ab653c82c58d068f33c2d4093b27658b4,404 Client Error: Not Found for url: https://preview.redd.it/yr45lm037kn31.jpg?width=320&crop=smart&auto=webp&s=c96bc50ab653c82c58d068f33c2d4093b27658b4
awonh1,https://preview.redd.it/4tfqimftxsj21.jpg?width=320&crop=smart&auto=webp&s=25b76d03cd68babd066eeb64c23a630c5e65743a,404 Client Error: Not Found for url: https://preview.redd.it/4tfqimftxsj21.jpg?width=320&crop=smart&auto=webp&s=25b76d03cd68babd066eeb64c23a630c5e65743a
dk5my2,https://preview.redd.it/7bifl9cdtit31.jpg?width=320&crop=smart&auto=webp&s=3c46058da07920bfea4aa430b7168ebadae9a2bb,404 Client Error: Not Found for url: https://preview.redd.it/7bifl9cdtit31.jpg?width=320&crop=smart&auto=webp&s=3c46058da07920bfea4aa430b7168ebadae9a2bb
98cek7,https://preview.redd.it/yr5pi7nhcvg11.jpg?width=320&crop=smart&auto=webp&s=f7fc9380dcc1fdf7ae7b8f7a96b7d2cef01bb9cc,404 Client Error: Not Found for url: https://preview.redd.it/yr5pi7nhcvg11.jpg?width=320&crop=smart&auto=webp&s=f7fc9380dcc1fdf7ae7b8f7a96b7d2cef01bb9cc
d9blx3v,http://imgur.com/eweDwo0.jpg,403 Client Error: Unknown Error for url: https://imgur.com/eweDwo0.jpg
1ciovv,https://external-preview.redd.it/ESPM-tTuK3werLgfWG_wBsw_trUSDNU4bI5s2jVRAgQ.png?width=108&crop=smart&auto=webp&s=6bdf4d9c8ec6b3100f803c1cf0848f49a5aee344,404 Client Error: Not Found for url: https://external-preview.redd.it/ESPM-tTuK3werLgfWG_wBsw_trUSDNU4bI5s2jVRAgQ.png?width=108&crop=smart&auto=webp&s=6bdf4d9c8ec6b3100f803c1cf0848f49a5aee344
8m63qa,https://preview.redd.it/qfs3ypk073011.jpg?width=320&crop=smart&auto=webp&s=9b143f7ebbf9052506ff29906fb8c34174ab2aeb,404 Client Error: Not Found for url: https://preview.redd.it/qfs3ypk073011.jpg?width=320&crop=smart&auto=webp&s=9b143f7ebbf9052506ff29906fb8c34174ab2aeb
5zxp10,,missing image URL
ba5srw,https://preview.redd.it/x1u6z4xa3oq21.jpg?width=320&crop=smart&auto=webp&s=0da6a67efa90c0b452a1de04bc3588860d7fc172,404 Client Error: Not Found for url: https://preview.redd.it/x1u6z4xa3oq21.jpg?width=320&crop=smart&auto=webp&s=0da6a67efa90c0b452a1de04bc3588860d7fc172
c8nwkqv,http://imgur.com/YFnXcLN.jpg,403 Client Error: Unknown Error for url: https://imgur.com/YFnXcLN.jpg
dhitc7,https://preview.redd.it/vlv0zhx3ges31.jpg?width=320&crop=smart&auto=webp&s=015c5e735b87df46e37d7c0ff59f17553363f5a4,404 Client Error: Not Found for url: https://preview.redd.it/vlv0zhx3ges31.jpg?width=320&crop=smart&auto=webp&s=015c5e735b87df46e37d7c0ff59f17553363f5a4
bhr522,https://preview.redd.it/oz0gt7y36ou21.jpg?width=320&crop=smart&auto=webp&s=72ebedfb13a9db251f09a3d2830a3a234352e2cf,404 Client Error: Not Found for url: https://preview.redd.it/oz0gt7y36ou21.jpg?width=320&crop=smart&auto=webp&s=72ebedfb13a9db251f09a3d2830a3a234352e2cf
555y4e,https://preview.redd.it/8vmnfz91xkox.jpg?width=320&crop=smart&auto=webp&s=628323d792485b6cb3526fcf27d2c8186960e950,404 Client Error: Not Found for url: https://preview.redd.it/8vmnfz91xkox.jpg?width=320&crop=smart&auto=webp&s=628323d792485b6cb3526fcf27d2c8186960e950
dhopsl,https://preview.redd.it/ikld23h6ihs31.jpg?width=320&crop=smart&auto=webp&s=a7fceddd3d1a230a06a176379951c65b06af5db8,404 Client Error: Not Found for url: https://preview.redd.it/ikld23h6ihs31.jpg?width=320&crop=smart&auto=webp&s=a7fceddd3d1a230a06a176379951c65b06af5db8
cjxo6tr,http://img1.uploadhouse.com/fileuploads/19764/197645918a85c23f7ab42f069e4033e78a09024b.jpg,404 Client Error: Not Found for url: https://img1.uploadhouse.com/fileuploads/19764/197645918a85c23f7ab42f069e4033e78a09024b.jpg
dd1zjah,http://imgur.com/EfPg3g8.jpg,403 Client Error: Unknown Error for url: https://imgur.com/EfPg3g8.jpg
bhzry5,https://preview.redd.it/kxd91pjwktu21.jpg?width=320&crop=smart&auto=webp&s=bb58887bf88b5209149ce99ed1da573545c3d3a0,404 Client Error: Not Found for url: https://preview.redd.it/kxd91pjwktu21.jpg?width=320&crop=smart&auto=webp&s=bb58887bf88b5209149ce99ed1da573545c3d3a0
ccpbyo,https://preview.redd.it/v1wm624po2a31.jpg?width=320&crop=smart&auto=webp&s=2f512ecd4f574daec5908af834f75c4ba0ca6efe,404 Client Error: Not Found for url: https://preview.redd.it/v1wm624po2a31.jpg?width=320&crop=smart&auto=webp&s=2f512ecd4f574daec5908af834f75c4ba0ca6efe
auxz3q,https://preview.redd.it/r9k3bxvy3wi21.jpg?width=320&crop=smart&auto=webp&s=6c784a6b2deb255a419a1332d14db32a15b846f0,404 Client Error: Not Found for url: https://preview.redd.it/r9k3bxvy3wi21.jpg?width=320&crop=smart&auto=webp&s=6c784a6b2deb255a419a1332d14db32a15b846f0
1y0zeg,https://external-preview.redd.it/ESPM-tTuK3werLgfWG_wBsw_trUSDNU4bI5s2jVRAgQ.png?width=108&crop=smart&auto=webp&s=6bdf4d9c8ec6b3100f803c1cf0848f49a5aee344,404 Client Error: Not Found for url: https://external-preview.redd.it/ESPM-tTuK3werLgfWG_wBsw_trUSDNU4bI5s2jVRAgQ.png?width=108&crop=smart&auto=webp&s=6bdf4d9c8ec6b3100f803c1cf0848f49a5aee344
cu92vi,https://preview.redd.it/fsgzda61p4i31.jpg?width=320&crop=smart&auto=webp&s=5a47571078fc82423e4958e45780d2c50bcc596f,404 Client Error: Not Found for url: https://preview.redd.it/fsgzda61p4i31.jpg?width=320&crop=smart&auto=webp&s=5a47571078fc82423e4958e45780d2c50bcc596f
5nn4hp,https://preview.redd.it/t98akd24gd9y.jpg?width=320&crop=smart&auto=webp&s=def76b85c46b5864659993a173cfb0e9d12e2354,404 Client Error: Not Found for url: https://preview.redd.it/t98akd24gd9y.jpg?width=320&crop=smart&auto=webp&s=def76b85c46b5864659993a173cfb0e9d12e2354
5khxgr,https://external-preview.redd.it/TpYwgZl_YAu-BVWDwCP4lSt8o3uqYqsdOLy4qm3_zjw.jpg?width=320&crop=smart&auto=webp&s=9c5b27e1b5a4374f226391f2feb2270404ee1b12,404 Client Error: Not Found for url: https://external-preview.redd.it/TpYwgZl_YAu-BVWDwCP4lSt8o3uqYqsdOLy4qm3_zjw.jpg?width=320&crop=smart&auto=webp&s=9c5b27e1b5a4374f226391f2feb2270404ee1b12
cw9t3g,https://preview.redd.it/trsdpylft1j31.jpg?width=320&crop=smart&auto=webp&s=e4d34756d5fc2f9a3f202ad1ab252ad4bfd1e82f,404 Client Error: Not Found for url: https://preview.redd.it/trsdpylft1j31.jpg?width=320&crop=smart&auto=webp&s=e4d34756d5fc2f9a3f202ad1ab252ad4bfd1e82f
23mw49,https://external-preview.redd.it/onpebxmS8Xq2W99B5OJ143BUDqnUR9JM-7Ym2_uv8ik.jpg?width=320&crop=smart&auto=webp&s=4212ea51124d9b001fb3ff7875fdabc3f91dee1a,404 Client Error: Not Found for url: https://external-preview.redd.it/onpebxmS8Xq2W99B5OJ143BUDqnUR9JM-7Ym2_uv8ik.jpg?width=320&crop=smart&auto=webp&s=4212ea51124d9b001fb3ff7875fdabc3f91dee1a
1bvkqe,https://external-preview.redd.it/ESPM-tTuK3werLgfWG_wBsw_trUSDNU4bI5s2jVRAgQ.png?width=108&crop=smart&auto=webp&s=6bdf4d9c8ec6b3100f803c1cf0848f49a5aee344,404 Client Error: Not Found for url: https://external-preview.redd.it/ESPM-tTuK3werLgfWG_wBsw_trUSDNU4bI5s2jVRAgQ.png?width=108&crop=smart&auto=webp&s=6bdf4d9c8ec6b3100f803c1cf0848f49a5aee344
blpwcv,https://preview.redd.it/9ce56mw75sw21.jpg?width=320&crop=smart&auto=webp&s=50e12606b72c3fc0871dcd7fc24fffe669d1ab8e,404 Client Error: Not Found for url: https://preview.redd.it/9ce56mw75sw21.jpg?width=320&crop=smart&auto=webp&s=50e12606b72c3fc0871dcd7fc24fffe669d1ab8e
18v6qe,https://external-preview.redd.it/lezawYJ8x4GvQfSsuU6tfRCHWLb9-ZBIIq2k4njKNIA.jpg?width=320&crop=smart&auto=webp&s=c6b2da9a6155e478935852fe282df3be039f582c,404 Client Error: Not Found for url: https://external-preview.redd.it/lezawYJ8x4GvQfSsuU6tfRCHWLb9-ZBIIq2k4njKNIA.jpg?width=320&crop=smart&auto=webp&s=c6b2da9a6155e478935852fe282df3be039f582c
7nx3ml,https://preview.redd.it/71wckv1tow701.jpg?width=320&crop=smart&auto=webp&s=f4751c07c95334812bf155334c00e1cc2063ecbd,404 Client Error: Not Found for url: https://preview.redd.it/71wckv1tow701.jpg?width=320&crop=smart&auto=webp&s=f4751c07c95334812bf155334c00e1cc2063ecbd
au8lyp,https://preview.redd.it/id5dsdrq4ji21.jpg?width=320&crop=smart&auto=webp&s=d7414c3a1dbaf7e4596509072acc132ecd579f19,404 Client Error: Not Found for url: https://preview.redd.it/id5dsdrq4ji21.jpg?width=320&crop=smart&auto=webp&s=d7414c3a1dbaf7e4596509072acc132ecd579f19
bq71dq,https://preview.redd.it/s9gj6aamh0z21.jpg?width=320&crop=smart&auto=webp&s=57be4e1cecf69f31db94b811b4a2da8fd31ae28b,404 Client Error: Not Found for url: https://preview.redd.it/s9gj6aamh0z21.jpg?width=320&crop=smart&auto=webp&s=57be4e1cecf69f31db94b811b4a2da8fd31ae28b
dzr8aex,https://s.put.re/bNb5koT.jpg,404 Client Error: Not Found for url: https://s.put.re/bNb5koT.jpg
az2h1v,https://preview.redd.it/m7oiavfmt2l21.jpg?width=320&crop=smart&auto=webp&s=9631d298a494610e52ae78f3382502e8edb543ee,404 Client Error: Not Found for url: https://preview.redd.it/m7oiavfmt2l21.jpg?width=320&crop=smart&auto=webp&s=9631d298a494610e52ae78f3382502e8edb543ee
cd8vif,https://preview.redd.it/x56tkpeqcca31.png?width=320&crop=smart&auto=webp&s=4f799edefef184c55be7a0234f10bab65c73c033,404 Client Error: Not Found for url: https://preview.redd.it/x56tkpeqcca31.png?width=320&crop=smart&auto=webp&s=4f799edefef184c55be7a0234f10bab65c73c033
cj3x8uj,http://imgur.com/6OoWVqy%2ejpg,403 Client Error: Unknown Error for url: https://imgur.com/6OoWVqy.jpg
cnyfyb3,http://imgur.com/E2sTBZ3.jpg,403 Client Error: Unknown Error for url: https://imgur.com/E2sTBZ3.jpg
dk99y7q,http://imgur.com/0dPoZpY.jpg,403 Client Error: Unknown Error for url: https://imgur.com/0dPoZpY.jpg
8pndpt,https://preview.redd.it/5y99uw199u211.jpg?width=320&crop=smart&auto=webp&s=f6a78d671d771ab072f381523f38a1d29e645705,404 Client Error: Not Found for url: https://preview.redd.it/5y99uw199u211.jpg?width=320&crop=smart&auto=webp&s=f6a78d671d771ab072f381523f38a1d29e645705
8tqsu7,https://preview.redd.it/9ro9ys03n5611.jpg?width=216&crop=smart&auto=webp&s=66867279f81e4ed1b5680221b6b576f2a6f5d86a,404 Client Error: Not Found for url: https://preview.redd.it/9ro9ys03n5611.jpg?width=216&crop=smart&auto=webp&s=66867279f81e4ed1b5680221b6b576f2a6f5d86a
9ddvrk,https://preview.redd.it/1xd0f15h5jk11.jpg?width=320&crop=smart&auto=webp&s=c1f20be58e25c013f0904b0bdbc1a24f8bfad3bc,404 Client Error: Not Found for url: https://preview.redd.it/1xd0f15h5jk11.jpg?width=320&crop=smart&auto=webp&s=c1f20be58e25c013f0904b0bdbc1a24f8bfad3bc
dp452jd,https://pre00.deviantart.net/ed03/th/pre/i/2015/353/d/0/guard_by_wlop-d9kmnxu.jpg,404 Client Error: Not Found for url: https://pre00.deviantart.net/ed03/th/pre/i/2015/353/d/0/guard_by_wlop-d9kmnxu.jpg
c40xj9,https://preview.redd.it/5smt25h6e2631.jpg?width=320&crop=smart&auto=webp&s=777fe2e31de9f9e42c94557c62ea000c3007d66a,404 Client Error: Not Found for url: https://preview.redd.it/5smt25h6e2631.jpg?width=320&crop=smart&auto=webp&s=777fe2e31de9f9e42c94557c62ea000c3007d66a
7fw44s,https://preview.redd.it/hp7pupj2jj001.jpg?width=320&crop=smart&auto=webp&s=f4425b5ddae200641a89bc8afc6c353f5057b617,404 Client Error: Not Found for url: https://preview.redd.it/hp7pupj2jj001.jpg?width=320&crop=smart&auto=webp&s=f4425b5ddae200641a89bc8afc6c353f5057b617
cku6h0,https://preview.redd.it/e590lmnqhwd31.jpg?width=320&crop=smart&auto=webp&s=1404c02f81b41821e562e44999d7f0c1c52c217b,404 Client Error: Not Found for url: https://preview.redd.it/e590lmnqhwd31.jpg?width=320&crop=smart&auto=webp&s=1404c02f81b41821e562e44999d7f0c1c52c217b
ciiehw,https://external-preview.redd.it/JE5v1BJsIlc2DiVs1rwqi6CLE49u9lcH1SVOoMRTF3k.jpg?width=320&crop=smart&auto=webp&s=b3d81215eab9b3b229e6ffd236587b1513734be9,404 Client Error: Not Found for url: https://external-preview.redd.it/JE5v1BJsIlc2DiVs1rwqi6CLE49u9lcH1SVOoMRTF3k.jpg?width=320&crop=smart&auto=webp&s=b3d81215eab9b3b229e6ffd236587b1513734be9
8fi3lq,https://preview.redd.it/9pt06u3qblu01.jpg?width=320&crop=smart&auto=webp&s=bb74cb29f618381f92f86a6737d21396d077fbc4,404 Client Error: Not Found for url: https://preview.redd.it/9pt06u3qblu01.jpg?width=320&crop=smart&auto=webp&s=bb74cb29f618381f92f86a6737d21396d077fbc4
clbhona,http://www.catsmob.com/post/2012/07/01272/picdump_catsmob_dot_com_01272_015%2ejpg,403 Client Error: Forbidden for url: http://www.catsmob.com/post/2012/07/01272/picdump_catsmob_dot_com_01272_015.jpg
b37qw0,https://preview.redd.it/rnr3bwore7n21.jpg?width=320&crop=smart&auto=webp&s=9739f30a772e483e8aa5d56c08f993b060698073,404 Client Error: Not Found for url: https://preview.redd.it/rnr3bwore7n21.jpg?width=320&crop=smart&auto=webp&s=9739f30a772e483e8aa5d56c08f993b060698073
djukp7,https://preview.redd.it/ojnuel6ngdt31.jpg?width=320&crop=smart&auto=webp&s=c7eef4a49a2c23c3ede8c6ec8d6dc3ff528d8f6b,404 Client Error: Not Found for url: https://preview.redd.it/ojnuel6ngdt31.jpg?width=320&crop=smart&auto=webp&s=c7eef4a49a2c23c3ede8c6ec8d6dc3ff528d8f6b
atuibc,https://preview.redd.it/nv91odzeyai21.png?width=320&crop=smart&auto=webp&s=dfbd92bcf72d4943f2f3b8abf5af76afb546316f,404 Client Error: Not Found for url: https://preview.redd.it/nv91odzeyai21.png?width=320&crop=smart&auto=webp&s=dfbd92bcf72d4943f2f3b8abf5af76afb546316f
ckwto8x,http://imgur.com/7Cza9RO.jpg,403 Client Error: Unknown Error for url: https://imgur.com/7Cza9RO.jpg
bn9b2a,https://preview.redd.it/ml36n2b27jx21.jpg?width=320&crop=smart&auto=webp&s=d6cbc0d773815cbdde8b980c33fcbe9a12b0487a,404 Client Error: Not Found for url: https://preview.redd.it/ml36n2b27jx21.jpg?width=320&crop=smart&auto=webp&s=d6cbc0d773815cbdde8b980c33fcbe9a12b0487a
dhggi9,https://preview.redd.it/8rxj5geqgds31.png?width=320&crop=smart&auto=webp&s=3ac1c7c2f95bc972587b197610ecf8535cf52bc5,404 Client Error: Not Found for url: https://preview.redd.it/8rxj5geqgds31.png?width=320&crop=smart&auto=webp&s=3ac1c7c2f95bc972587b197610ecf8535cf52bc5
6dcgn4,https://external-preview.redd.it/_dQGoYjkTtA0_PoAYIeh0iiwJTQbBEP1OPzP-7nNLP0.jpg?width=320&crop=smart&auto=webp&s=19974174f0893c548a6d1b7eb236658e8bae981a,404 Client Error: Not Found for url: https://external-preview.redd.it/_dQGoYjkTtA0_PoAYIeh0iiwJTQbBEP1OPzP-7nNLP0.jpg?width=320&crop=smart&auto=webp&s=19974174f0893c548a6d1b7eb236658e8bae981a
cajnbj5,http://imgur.com/K9dQkNV%2ejpg,403 Client Error: Unknown Error for url: https://imgur.com/K9dQkNV.jpg
73o9ra,https://preview.redd.it/6x16jxwo8apz.jpg?width=320&crop=smart&auto=webp&s=c2340a34a60dd966973650d3896664fee8465cef,404 Client Error: Not Found for url: https://preview.redd.it/6x16jxwo8apz.jpg?width=320&crop=smart&auto=webp&s=c2340a34a60dd966973650d3896664fee8465cef
ckwhs88,http://imgur.com/B1Imlem.jpg,403 Client Error: Unknown Error for url: https://imgur.com/B1Imlem.jpg
cyf0w3,https://preview.redd.it/4wa117n3k1k31.jpg?width=320&crop=smart&auto=webp&s=086e03a741c1a9542cd83468935ca434d8e0cb8f,404 Client Error: Not Found for url: https://preview.redd.it/4wa117n3k1k31.jpg?width=320&crop=smart&auto=webp&s=086e03a741c1a9542cd83468935ca434d8e0cb8f
6f7aes,https://preview.redd.it/xermgbrqpm1z.jpg?width=320&crop=smart&auto=webp&s=36e03e290a0b91634b95d3a0375d78f61c5d96f3,404 Client Error: Not Found for url: https://preview.redd.it/xermgbrqpm1z.jpg?width=320&crop=smart&auto=webp&s=36e03e290a0b91634b95d3a0375d78f61c5d96f3
9cpg8h,https://preview.redd.it/m6bg7cz0e3k11.jpg?width=320&crop=smart&auto=webp&s=013b503025b3ab2700c48b74f446ab10d3a15196,404 Client Error: Not Found for url: https://preview.redd.it/m6bg7cz0e3k11.jpg?width=320&crop=smart&auto=webp&s=013b503025b3ab2700c48b74f446ab10d3a15196
2858xf,https://external-preview.redd.it/rw3C157-mb0CTpawp_iy2QUuOWtOs9AaKwKVk8JT52w.jpg?width=108&crop=smart&auto=webp&s=13f10bd79b14373c26cda336f47e723faa67d7a9,404 Client Error: Not Found for url: https://external-preview.redd.it/rw3C157-mb0CTpawp_iy2QUuOWtOs9AaKwKVk8JT52w.jpg?width=108&crop=smart&auto=webp&s=13f10bd79b14373c26cda336f47e723faa67d7a9
175e9w,https://external-preview.redd.it/ESPM-tTuK3werLgfWG_wBsw_trUSDNU4bI5s2jVRAgQ.png?width=108&crop=smart&auto=webp&s=6bdf4d9c8ec6b3100f803c1cf0848f49a5aee344,404 Client Error: Not Found for url: https://external-preview.redd.it/ESPM-tTuK3werLgfWG_wBsw_trUSDNU4bI5s2jVRAgQ.png?width=108&crop=smart&auto=webp&s=6bdf4d9c8ec6b3100f803c1cf0848f49a5aee344
c6q3rg,https://preview.redd.it/cbos0rm726731.jpg?width=320&crop=smart&auto=webp&s=f6069f66a71186f6bc68d9848c77d708d89194d9,404 Client Error: Not Found for url: https://preview.redd.it/cbos0rm726731.jpg?width=320&crop=smart&auto=webp&s=f6069f66a71186f6bc68d9848c77d708d89194d9
ct6oxt,https://preview.redd.it/2vieccrfaoh31.jpg?width=320&crop=smart&auto=webp&s=3b48b29d9682ba8f8b9b22b1e71cf704e97f6706,404 Client Error: Not Found for url: https://preview.redd.it/2vieccrfaoh31.jpg?width=320&crop=smart&auto=webp&s=3b48b29d9682ba8f8b9b22b1e71cf704e97f6706
bjio9f,https://preview.redd.it/4w4zjjnjfmv21.jpg?width=320&crop=smart&auto=webp&s=2832dc0d444666556c6cf723f22061c519af43ee,404 Client Error: Not Found for url: https://preview.redd.it/4w4zjjnjfmv21.jpg?width=320&crop=smart&auto=webp&s=2832dc0d444666556c6cf723f22061c519af43ee
bdo644,https://preview.redd.it/94lbl9d36js21.png?width=320&crop=smart&auto=webp&s=c657a9eff6978dbdb908d03dc310a227edb2c19e,404 Client Error: Not Found for url: https://preview.redd.it/94lbl9d36js21.png?width=320&crop=smart&auto=webp&s=c657a9eff6978dbdb908d03dc310a227edb2c19e
cdcag0o,http://spinoff.comicbookresources.com/wp-content/uploads/2013/01/gremlins-movie-theater%2ejpg,"HTTPConnectionPool(host='spinoff.comicbookresources.com', port=80): Max retries exceeded with url: /wp-content/uploads/2013/01/gremlins-movie-theater.jpg (Caused by NameResolutionError(""HTTPConnection(host='spinoff.comicbookresources.com', port=80): Failed to resolve 'spinoff.comicbookresources.com' ([Errno 11001] getaddrinfo failed)""))"
b3zkw8,https://preview.redd.it/bpcyd5f81ln21.jpg?width=320&crop=smart&auto=webp&s=8aedf55bfc4021ada3c97e67e73aa17da6c8c1b8,404 Client Error: Not Found for url: https://preview.redd.it/bpcyd5f81ln21.jpg?width=320&crop=smart&auto=webp&s=8aedf55bfc4021ada3c97e67e73aa17da6c8c1b8
5srcdb,https://preview.redd.it/bb2l3bj96ley.jpg?width=320&crop=smart&auto=webp&s=5b462f81cb966e20630180bb6a7bbbab40486a65,404 Client Error: Not Found for url: https://preview.redd.it/bb2l3bj96ley.jpg?width=320&crop=smart&auto=webp&s=5b462f81cb966e20630180bb6a7bbbab40486a65
cdwjk8v,http://imgur.com/03RwPCB.jpg,403 Client Error: Unknown Error for url: https://imgur.com/03RwPCB.jpg
bbnzln,https://preview.redd.it/kbbb2yteqgr21.jpg?width=320&crop=smart&auto=webp&s=418384fa8eeeebbd872148ce301ce82102a1484b,404 Client Error: Not Found for url: https://preview.redd.it/kbbb2yteqgr21.jpg?width=320&crop=smart&auto=webp&s=418384fa8eeeebbd872148ce301ce82102a1484b
coousk,https://preview.redd.it/0yxyuhvz9pf31.jpg?width=320&crop=smart&auto=webp&s=d09aba2a29290a3a22048923f19e9cc4d3f76c2d,404 Client Error: Not Found for url: https://preview.redd.it/0yxyuhvz9pf31.jpg?width=320&crop=smart&auto=webp&s=d09aba2a29290a3a22048923f19e9cc4d3f76c2d
crhqmx4,http://imgur.com/n76fZzl.jpg,403 Client Error: Unknown Error for url: https://imgur.com/n76fZzl.jpg
cfnm1f0,http://www.robertoverino.com/tienda/342886876-5774-thickbox/burgundy-leather-carmen-andromeda-bag-with-embossed-snake-and-old-gold-stripe.jpg,"HTTPConnectionPool(host='www.robertoverino.com', port=80): Max retries exceeded with url: /tienda/342886876-5774-thickbox/burgundy-leather-carmen-andromeda-bag-with-embossed-snake-and-old-gold-stripe.jpg (Caused by ConnectTimeoutError(<HTTPConnection(host='www.robertoverino.com', port=80) at 0x1761b203620>, 'Connection to www.robertoverino.com timed out. (connect timeout=15)'))"
cx1qab,https://preview.redd.it/1azhn3n7fej31.png?width=320&crop=smart&auto=webp&s=bf1547baa5f271c29a52a007e51572924d4a91db,404 Client Error: Not Found for url: https://preview.redd.it/1azhn3n7fej31.png?width=320&crop=smart&auto=webp&s=bf1547baa5f271c29a52a007e51572924d4a91db
depdol,https://preview.redd.it/fbditnexj6r31.jpg?width=320&crop=smart&auto=webp&s=a684dd981987c8afdd97646ce92ff5665d664c0f,404 Client Error: Not Found for url: https://preview.redd.it/fbditnexj6r31.jpg?width=320&crop=smart&auto=webp&s=a684dd981987c8afdd97646ce92ff5665d664c0f
b6rt97,https://preview.redd.it/aq90w9hnxyo21.jpg?width=320&crop=smart&auto=webp&s=d70a6df228be843235bfede38a1735d44bbe38b3,404 Client Error: Not Found for url: https://preview.redd.it/aq90w9hnxyo21.jpg?width=320&crop=smart&auto=webp&s=d70a6df228be843235bfede38a1735d44bbe38b3
bq59am,https://preview.redd.it/kyusyoffozy21.jpg?width=320&crop=smart&auto=webp&s=efab88a02fd41c1e959d2eb745857cb2d69dfebf,404 Client Error: Not Found for url: https://preview.redd.it/kyusyoffozy21.jpg?width=320&crop=smart&auto=webp&s=efab88a02fd41c1e959d2eb745857cb2d69dfebf
9bhtyv,https://preview.redd.it/ujob8h8gy6j11.png?width=320&crop=smart&auto=webp&s=3e30b22182b9876f030dd52c336ddab7e7224557,404 Client Error: Not Found for url: https://preview.redd.it/ujob8h8gy6j11.png?width=320&crop=smart&auto=webp&s=3e30b22182b9876f030dd52c336ddab7e7224557
9efrer,https://preview.redd.it/ypgu3lj8m9l11.jpg?width=320&crop=smart&auto=webp&s=c4d48472cdbd8a44244648f0862b3008bb5badda,404 Client Error: Not Found for url: https://preview.redd.it/ypgu3lj8m9l11.jpg?width=320&crop=smart&auto=webp&s=c4d48472cdbd8a44244648f0862b3008bb5badda
97mg33,https://preview.redd.it/6fzfho9gwbg11.jpg?width=320&crop=smart&auto=webp&s=334657bfe5134c50f235d47cefd3b9ccda114236,404 Client Error: Not Found for url: https://preview.redd.it/6fzfho9gwbg11.jpg?width=320&crop=smart&auto=webp&s=334657bfe5134c50f235d47cefd3b9ccda114236
cue6u4,https://preview.redd.it/c1d6imcee7i31.jpg?width=320&crop=smart&auto=webp&s=a5912f5aa3e050df97ec12fdd17d88bec936f982,404 Client Error: Not Found for url: https://preview.redd.it/c1d6imcee7i31.jpg?width=320&crop=smart&auto=webp&s=a5912f5aa3e050df97ec12fdd17d88bec936f982
bdis4r,https://external-preview.redd.it/2pSnknWmpJE4mF9Nz_Om-M1HmAEqep0N35iyuESDP1c.jpg?width=320&crop=smart&auto=webp&s=6c7c05b695c050a6ce68a989e1fa65a65bcfac0d,404 Client Error: Not Found for url: https://external-preview.redd.it/2pSnknWmpJE4mF9Nz_Om-M1HmAEqep0N35iyuESDP1c.jpg?width=320&crop=smart&auto=webp&s=6c7c05b695c050a6ce68a989e1fa65a65bcfac0d
chm8lj2,http://imgur.com/hDFAbnn%2ejpg,403 Client Error: Unknown Error for url: https://imgur.com/hDFAbnn.jpg
cyabnw,https://preview.redd.it/hr1wwrdwozj31.jpg?width=320&crop=smart&auto=webp&s=87d769b89fa81bc3dee113aa725ac16ebbe170c5,404 Client Error: Not Found for url: https://preview.redd.it/hr1wwrdwozj31.jpg?width=320&crop=smart&auto=webp&s=87d769b89fa81bc3dee113aa725ac16ebbe170c5
cmwjf6,https://preview.redd.it/u9evgxisdwe31.jpg?width=320&crop=smart&auto=webp&s=16f7063e029e81ab35afef69b8e74fbd1cab3c5a,404 Client Error: Not Found for url: https://preview.redd.it/u9evgxisdwe31.jpg?width=320&crop=smart&auto=webp&s=16f7063e029e81ab35afef69b8e74fbd1cab3c5a
aw40li,,missing image URL
9egsas,https://preview.redd.it/0n2hjn4y8al11.jpg?width=320&crop=smart&auto=webp&s=a3fde7f248ffd9552bf316d3fdbdda6fba04a1bf,404 Client Error: Not Found for url: https://preview.redd.it/0n2hjn4y8al11.jpg?width=320&crop=smart&auto=webp&s=a3fde7f248ffd9552bf316d3fdbdda6fba04a1bf
bxqdhk,https://preview.redd.it/uoxbji7k2v231.jpg?width=320&crop=smart&auto=webp&s=3b967fd280ab1d394c4f6473a8f85cd7f5350c38,404 Client Error: Not Found for url: https://preview.redd.it/uoxbji7k2v231.jpg?width=320&crop=smart&auto=webp&s=3b967fd280ab1d394c4f6473a8f85cd7f5350c38
b6fl4g,https://preview.redd.it/boaq26mu5to21.jpg?width=320&crop=smart&auto=webp&s=b1f7c079a174825313da641f8619d75a392336cc,404 Client Error: Not Found for url: https://preview.redd.it/boaq26mu5to21.jpg?width=320&crop=smart&auto=webp&s=b1f7c079a174825313da641f8619d75a392336cc
cm4ddss,http://imgur.com/JCNo3DD%2ejpg,403 Client Error: Unknown Error for url: https://imgur.com/JCNo3DD.jpg
b7spnh,https://preview.redd.it/x4dktcttqip21.gif?width=320&crop=smart&format=png8&s=6d2be5256b80cbd428e3f12a68162a6864c2b29d,404 Client Error: Not Found for url: https://preview.redd.it/x4dktcttqip21.gif?width=320&crop=smart&format=png8&s=6d2be5256b80cbd428e3f12a68162a6864c2b29d
cxi7sn,https://preview.redd.it/r0e67bqhqlj31.jpg?width=320&crop=smart&auto=webp&s=af24144f7f9f0853c9aee5ee39c8de17d73439c4,404 Client Error: Not Found for url: https://preview.redd.it/r0e67bqhqlj31.jpg?width=320&crop=smart&auto=webp&s=af24144f7f9f0853c9aee5ee39c8de17d73439c4
73p6xh,https://preview.redd.it/xr7b5jss0bpz.jpg?width=320&crop=smart&auto=webp&s=bacff8827b7fef4b4c1c412a607d243dad400f89,404 Client Error: Not Found for url: https://preview.redd.it/xr7b5jss0bpz.jpg?width=320&crop=smart&auto=webp&s=bacff8827b7fef4b4c1c412a607d243dad400f89
bctyl3,https://preview.redd.it/tv6szkfwx2s21.jpg?width=320&crop=smart&auto=webp&s=9d24e0ba68f00be9e3aeae0be725a66e3b40871b,404 Client Error: Not Found for url: https://preview.redd.it/tv6szkfwx2s21.jpg?width=320&crop=smart&auto=webp&s=9d24e0ba68f00be9e3aeae0be725a66e3b40871b
cadlze5,http://chuckels2000.tripod.com/sitebuildercontent/sitebuilderpictures/e3pikachu.jpg,"HTTPConnectionPool(host='chuckels2000.tripod.com', port=80): Max retries exceeded with url: /sitebuildercontent/sitebuilderpictures/e3pikachu.jpg (Caused by NameResolutionError(""HTTPConnection(host='chuckels2000.tripod.com', port=80): Failed to resolve 'chuckels2000.tripod.com' ([Errno 11001] getaddrinfo failed)""))"
cpnpy4,https://preview.redd.it/bfsjcd6flzt11.jpg?width=320&crop=smart&auto=webp&s=69130afc912984053536004d6a196a19ed801fc4,404 Client Error: Not Found for url: https://preview.redd.it/bfsjcd6flzt11.jpg?width=320&crop=smart&auto=webp&s=69130afc912984053536004d6a196a19ed801fc4
4r4wq7,https://external-preview.redd.it/ESPM-tTuK3werLgfWG_wBsw_trUSDNU4bI5s2jVRAgQ.png?width=108&crop=smart&auto=webp&s=6bdf4d9c8ec6b3100f803c1cf0848f49a5aee344,404 Client Error: Not Found for url: https://external-preview.redd.it/ESPM-tTuK3werLgfWG_wBsw_trUSDNU4bI5s2jVRAgQ.png?width=108&crop=smart&auto=webp&s=6bdf4d9c8ec6b3100f803c1cf0848f49a5aee344
cwl9kn,https://preview.redd.it/hiydgvl857j31.jpg?width=320&crop=smart&auto=webp&s=c84ddbbbb43ff38abe01e98cf24a5675797da56a,404 Client Error: Not Found for url: https://preview.redd.it/hiydgvl857j31.jpg?width=320&crop=smart&auto=webp&s=c84ddbbbb43ff38abe01e98cf24a5675797da56a
8f9wue,https://preview.redd.it/yzl2qijqoeu01.jpg?width=320&crop=smart&auto=webp&s=43ddb013a1ac56d092743368c0a48e2e4d6bfc77,404 Client Error: Not Found for url: https://preview.redd.it/yzl2qijqoeu01.jpg?width=320&crop=smart&auto=webp&s=43ddb013a1ac56d092743368c0a48e2e4d6bfc77
2sg2cp,https://external-preview.redd.it/1O1L_JB_3AH6D6LQ-sG0z4Xw3m5w9giImtFik6wLJs0.jpg?width=320&crop=smart&auto=webp&s=a3493dedbabed68d15d63888f37945dedec7d2af,404 Client Error: Not Found for url: https://external-preview.redd.it/1O1L_JB_3AH6D6LQ-sG0z4Xw3m5w9giImtFik6wLJs0.jpg?width=320&crop=smart&auto=webp&s=a3493dedbabed68d15d63888f37945dedec7d2af
bx0kip,https://preview.redd.it/ta6sel6y9i231.jpg?width=320&crop=smart&auto=webp&s=ae76f8b055ebeaf25bfa5f38336a7987b8e81281,404 Client Error: Not Found for url: https://preview.redd.it/ta6sel6y9i231.jpg?width=320&crop=smart&auto=webp&s=ae76f8b055ebeaf25bfa5f38336a7987b8e81281
bcd139,https://preview.redd.it/vtb1uhh9vtr21.jpg?width=320&crop=smart&auto=webp&s=04514b30b00dc1243891e38989d0a7e155f45e81,404 Client Error: Not Found for url: https://preview.redd.it/vtb1uhh9vtr21.jpg?width=320&crop=smart&auto=webp&s=04514b30b00dc1243891e38989d0a7e155f45e81
8jvwjr,https://preview.redd.it/mdzlrgxnm8y01.png?width=320&crop=smart&auto=webp&s=b7baec619052be0d25384c700688fb2312d0aaf5,404 Client Error: Not Found for url: https://preview.redd.it/mdzlrgxnm8y01.png?width=320&crop=smart&auto=webp&s=b7baec619052be0d25384c700688fb2312d0aaf5
caaiz2,https://preview.redd.it/i0crg0c8jx831.jpg?width=320&crop=smart&auto=webp&s=43291e7b09ea43e42bfdfbc4d0a6041ada62ca4a,404 Client Error: Not Found for url: https://preview.redd.it/i0crg0c8jx831.jpg?width=320&crop=smart&auto=webp&s=43291e7b09ea43e42bfdfbc4d0a6041ada62ca4a
bx6hyd,https://preview.redd.it/zh05fodq6l231.jpg?width=320&crop=smart&auto=webp&s=99c1e5a270249413930e9375f36d9e8f18c49927,404 Client Error: Not Found for url: https://preview.redd.it/zh05fodq6l231.jpg?width=320&crop=smart&auto=webp&s=99c1e5a270249413930e9375f36d9e8f18c49927
8ejb54,https://preview.redd.it/4ohol2ofztt01.jpg?width=320&crop=smart&auto=webp&s=fdf51537b55f8bdef71ddce1f5312e637d1659dd,404 Client Error: Not Found for url: https://preview.redd.it/4ohol2ofztt01.jpg?width=320&crop=smart&auto=webp&s=fdf51537b55f8bdef71ddce1f5312e637d1659dd
101pol,https://external-preview.redd.it/lezawYJ8x4GvQfSsuU6tfRCHWLb9-ZBIIq2k4njKNIA.jpg?width=320&crop=smart&auto=webp&s=c6b2da9a6155e478935852fe282df3be039f582c,404 Client Error: Not Found for url: https://external-preview.redd.it/lezawYJ8x4GvQfSsuU6tfRCHWLb9-ZBIIq2k4njKNIA.jpg?width=320&crop=smart&auto=webp&s=c6b2da9a6155e478935852fe282df3be039f582c
b79q4r,https://preview.redd.it/znizl2cxf8p21.jpg?width=320&crop=smart&auto=webp&s=122590c38f53682ba11753bc10d013251e4c825c,404 Client Error: Not Found for url: https://preview.redd.it/znizl2cxf8p21.jpg?width=320&crop=smart&auto=webp&s=122590c38f53682ba11753bc10d013251e4c825c
audynd,https://preview.redd.it/qfhdclc5nli21.jpg?width=320&crop=smart&auto=webp&s=dd32ca396d7e7de034f78cc08f0d4dd83f5e1aa4,404 Client Error: Not Found for url: https://preview.redd.it/qfhdclc5nli21.jpg?width=320&crop=smart&auto=webp&s=dd32ca396d7e7de034f78cc08f0d4dd83f5e1aa4
7s6k5y,,missing image URL
7yj9j6,https://preview.redd.it/8phkvkoeu2h01.jpg?width=320&crop=smart&auto=webp&s=dc26690ac80ac53dade4a89bdbe97354bca8b7f1,404 Client Error: Not Found for url: https://preview.redd.it/8phkvkoeu2h01.jpg?width=320&crop=smart&auto=webp&s=dc26690ac80ac53dade4a89bdbe97354bca8b7f1
6zux3s,,missing image URL
c00viz,https://preview.redd.it/2tlv0peao1431.jpg?width=320&crop=smart&auto=webp&s=3415bea12188211ececa6f18ac6ffab3c52814a3,404 Client Error: Not Found for url: https://preview.redd.it/2tlv0peao1431.jpg?width=320&crop=smart&auto=webp&s=3415bea12188211ececa6f18ac6ffab3c52814a3
192ezl,https://external-preview.redd.it/5U3qhoAPo5FLzwAbOeflFDyeDgvZA3tP8Eocc17woWo.jpg?width=108&crop=smart&auto=webp&s=bd4702cda0bf69c439edb76d392e4a34ecc2cb0c,404 Client Error: Not Found for url: https://external-preview.redd.it/5U3qhoAPo5FLzwAbOeflFDyeDgvZA3tP8Eocc17woWo.jpg?width=108&crop=smart&auto=webp&s=bd4702cda0bf69c439edb76d392e4a34ecc2cb0c
4nuhup,https://external-preview.redd.it/KKF0o8ioBXXsP9-Nkt9QptFA8AxdkkGGN83qk7dE-8A.gif?width=320&crop=smart&format=png8&s=cad64c09a80c3489adcb8642355d7f235e62976d,404 Client Error: Not Found for url: https://external-preview.redd.it/KKF0o8ioBXXsP9-Nkt9QptFA8AxdkkGGN83qk7dE-8A.gif?width=320&crop=smart&format=png8&s=cad64c09a80c3489adcb8642355d7f235e62976d
cmjj0lr,http://imgur.com/slLBWpw.jpg,403 Client Error: Unknown Error for url: https://imgur.com/slLBWpw.jpg
8mstrt,https://preview.redd.it/2lp72zc2in011.jpg?width=320&crop=smart&auto=webp&s=dd5fede77fc60e891fc5d5cf8fa26b4155267927,404 Client Error: Not Found for url: https://preview.redd.it/2lp72zc2in011.jpg?width=320&crop=smart&auto=webp&s=dd5fede77fc60e891fc5d5cf8fa26b4155267927
1qv2m9,https://external-preview.redd.it/ESPM-tTuK3werLgfWG_wBsw_trUSDNU4bI5s2jVRAgQ.png?width=108&crop=smart&auto=webp&s=6bdf4d9c8ec6b3100f803c1cf0848f49a5aee344,404 Client Error: Not Found for url: https://external-preview.redd.it/ESPM-tTuK3werLgfWG_wBsw_trUSDNU4bI5s2jVRAgQ.png?width=108&crop=smart&auto=webp&s=6bdf4d9c8ec6b3100f803c1cf0848f49a5aee344
cobwm8,https://preview.redd.it/bvvot2id2jf31.jpg?width=320&crop=smart&auto=webp&s=6cc3089a50ddcc0bc50643267ee94cdba012bdc8,404 Client Error: Not Found for url: https://preview.redd.it/bvvot2id2jf31.jpg?width=320&crop=smart&auto=webp&s=6cc3089a50ddcc0bc50643267ee94cdba012bdc8
bk0hhd,https://preview.redd.it/w1tg46i4avv21.jpg?width=320&crop=smart&auto=webp&s=8bb93e790361f97c17fc45e74de747e2ff4254be,404 Client Error: Not Found for url: https://preview.redd.it/w1tg46i4avv21.jpg?width=320&crop=smart&auto=webp&s=8bb93e790361f97c17fc45e74de747e2ff4254be
2op9yz,https://external-preview.redd.it/ESPM-tTuK3werLgfWG_wBsw_trUSDNU4bI5s2jVRAgQ.png?width=108&crop=smart&auto=webp&s=6bdf4d9c8ec6b3100f803c1cf0848f49a5aee344,404 Client Error: Not Found for url: https://external-preview.redd.it/ESPM-tTuK3werLgfWG_wBsw_trUSDNU4bI5s2jVRAgQ.png?width=108&crop=smart&auto=webp&s=6bdf4d9c8ec6b3100f803c1cf0848f49a5aee344
dhas1h,https://preview.redd.it/y2vv962wbbs31.jpg?width=320&crop=smart&auto=webp&s=db9c27fd9ffd1985913cf93dab17a928758541c9,404 Client Error: Not Found for url: https://preview.redd.it/y2vv962wbbs31.jpg?width=320&crop=smart&auto=webp&s=db9c27fd9ffd1985913cf93dab17a928758541c9
7mwwqi,https://preview.redd.it/gf73xcf6bx601.png?width=320&crop=smart&auto=webp&s=6f573e633cbdc47e989d7da516dca545db3859dc,404 Client Error: Not Found for url: https://preview.redd.it/gf73xcf6bx601.png?width=320&crop=smart&auto=webp&s=6f573e633cbdc47e989d7da516dca545db3859dc
9h8375,https://preview.redd.it/auak2cb9v8n11.jpg?width=320&crop=smart&auto=webp&s=d05f7a06b6db3f713aba02a24085a47274a6b493,404 Client Error: Not Found for url: https://preview.redd.it/auak2cb9v8n11.jpg?width=320&crop=smart&auto=webp&s=d05f7a06b6db3f713aba02a24085a47274a6b493
cwtm7x,https://preview.redd.it/87vfapz0caj31.jpg?width=320&crop=smart&auto=webp&s=e7271773f8ff7764be794d0d8c47df0d0f819bf6,404 Client Error: Not Found for url: https://preview.redd.it/87vfapz0caj31.jpg?width=320&crop=smart&auto=webp&s=e7271773f8ff7764be794d0d8c47df0d0f819bf6
zns8k,https://external-preview.redd.it/ESPM-tTuK3werLgfWG_wBsw_trUSDNU4bI5s2jVRAgQ.png?width=108&crop=smart&auto=webp&s=6bdf4d9c8ec6b3100f803c1cf0848f49a5aee344,404 Client Error: Not Found for url: https://external-preview.redd.it/ESPM-tTuK3werLgfWG_wBsw_trUSDNU4bI5s2jVRAgQ.png?width=108&crop=smart&auto=webp&s=6bdf4d9c8ec6b3100f803c1cf0848f49a5aee344
37y184,https://external-preview.redd.it/ESPM-tTuK3werLgfWG_wBsw_trUSDNU4bI5s2jVRAgQ.png?width=108&crop=smart&auto=webp&s=6bdf4d9c8ec6b3100f803c1cf0848f49a5aee344,404 Client Error: Not Found for url: https://external-preview.redd.it/ESPM-tTuK3werLgfWG_wBsw_trUSDNU4bI5s2jVRAgQ.png?width=108&crop=smart&auto=webp&s=6bdf4d9c8ec6b3100f803c1cf0848f49a5aee344
ashujq,https://preview.redd.it/nbr8chjmgmh21.jpg?width=320&crop=smart&auto=webp&s=e2b7eeae16196f515812843e066285d3a2b5f142,404 Client Error: Not Found for url: https://preview.redd.it/nbr8chjmgmh21.jpg?width=320&crop=smart&auto=webp&s=e2b7eeae16196f515812843e066285d3a2b5f142
cj4at4,https://preview.redd.it/lddjvx4e85d31.jpg?width=320&crop=smart&auto=webp&s=fed96e4594ad463f5151fc12d3d6a409aaf72e98,404 Client Error: Not Found for url: https://preview.redd.it/lddjvx4e85d31.jpg?width=320&crop=smart&auto=webp&s=fed96e4594ad463f5151fc12d3d6a409aaf72e98
8oaroj,https://preview.redd.it/4b9rcqh6np111.jpg?width=320&crop=smart&auto=webp&s=85b99018916873e614bc2237371d1dcaad02b9a2,404 Client Error: Not Found for url: https://preview.redd.it/4b9rcqh6np111.jpg?width=320&crop=smart&auto=webp&s=85b99018916873e614bc2237371d1dcaad02b9a2
6u2ec7,,missing image URL
c4z2it,https://preview.redd.it/m55pqn1jde631.jpg?width=320&crop=smart&auto=webp&s=cb6879dfb599b55b060f5ceb48d419b761445ec6,404 Client Error: Not Found for url: https://preview.redd.it/m55pqn1jde631.jpg?width=320&crop=smart&auto=webp&s=cb6879dfb599b55b060f5ceb48d419b761445ec6
ekotaxk,https://www.dropbox.com/s/r9ipnwkp0eik0hs/ScaredyCats.jpg,non-image content: text/html; charset=utf-8
79colo,https://preview.redd.it/oesn7qxa1nuz.png?width=320&crop=smart&auto=webp&s=eb3a68ed598b7ea9e2bc5cbac2e1f0651e1c5fda,404 Client Error: Not Found for url: https://preview.redd.it/oesn7qxa1nuz.png?width=320&crop=smart&auto=webp&s=eb3a68ed598b7ea9e2bc5cbac2e1f0651e1c5fda
d4w44vt,http://imgur.com/YCwsUiz.jpg,403 Client Error: Unknown Error for url: https://imgur.com/YCwsUiz.jpg
dkjcgr4,http://imgur.com/ArpKndc.jpg,403 Client Error: Unknown Error for url: https://imgur.com/ArpKndc.jpg
cejdtd,https://preview.redd.it/am03860fpxa31.jpg?width=320&crop=smart&auto=webp&s=2b6e98295ad5ba108d9d5165b7be4d1824e7fcd2,404 Client Error: Not Found for url: https://preview.redd.it/am03860fpxa31.jpg?width=320&crop=smart&auto=webp&s=2b6e98295ad5ba108d9d5165b7be4d1824e7fcd2
c7cix2,https://preview.redd.it/ph1dohypih731.jpg?width=320&crop=smart&auto=webp&s=c094c25234b756066b3c633803ea2f1fdadb6aa7,404 Client Error: Not Found for url: https://preview.redd.it/ph1dohypih731.jpg?width=320&crop=smart&auto=webp&s=c094c25234b756066b3c633803ea2f1fdadb6aa7
cjamk86,http://i.imgur.com/DlnXfj0%2ejpg,"HTTPConnectionPool(host='i.imgur.com', port=80): Max retries exceeded with url: /DlnXfj0.jpg (Caused by ConnectTimeoutError(<HTTPConnection(host='i.imgur.com', port=80) at 0x1761b14fef0>, 'Connection to i.imgur.com timed out. (connect timeout=15)'))"
brbptl,https://preview.redd.it/zm189rbz0lz21.jpg?width=320&crop=smart&auto=webp&s=24b49b204c7acec488170b5b6821950ca1935f4f,404 Client Error: Not Found for url: https://preview.redd.it/zm189rbz0lz21.jpg?width=320&crop=smart&auto=webp&s=24b49b204c7acec488170b5b6821950ca1935f4f
47pabf,https://external-preview.redd.it/ESPM-tTuK3werLgfWG_wBsw_trUSDNU4bI5s2jVRAgQ.png?width=108&crop=smart&auto=webp&s=6bdf4d9c8ec6b3100f803c1cf0848f49a5aee344,404 Client Error: Not Found for url: https://external-preview.redd.it/ESPM-tTuK3werLgfWG_wBsw_trUSDNU4bI5s2jVRAgQ.png?width=108&crop=smart&auto=webp&s=6bdf4d9c8ec6b3100f803c1cf0848f49a5aee344
audr19,https://preview.redd.it/lqxpbh4gjli21.jpg?width=320&crop=smart&auto=webp&s=a50bda7e76b9742be38af4bae9c1fec5d86ed554,404 Client Error: Not Found for url: https://preview.redd.it/lqxpbh4gjli21.jpg?width=320&crop=smart&auto=webp&s=a50bda7e76b9742be38af4bae9c1fec5d86ed554
choe5ld,http://imgur.com/ybP1IDG.jpg,403 Client Error: Unknown Error for url: https://imgur.com/ybP1IDG.jpg
bg3uxy,https://preview.redd.it/689yia4baut21.jpg?width=320&crop=smart&auto=webp&s=468eb280eb3c73a09c4f654bc9fda27329a11915,404 Client Error: Not Found for url: https://preview.redd.it/689yia4baut21.jpg?width=320&crop=smart&auto=webp&s=468eb280eb3c73a09c4f654bc9fda27329a11915
d6kbcu,https://preview.redd.it/1unbj8xb8mn31.jpg?width=320&crop=smart&auto=webp&s=a82eb95750e2e42a5502dd0a42ecfcc6fbabc599,404 Client Error: Not Found for url: https://preview.redd.it/1unbj8xb8mn31.jpg?width=320&crop=smart&auto=webp&s=a82eb95750e2e42a5502dd0a42ecfcc6fbabc599
bxpweq,,missing image URL
ddu6iw,https://preview.redd.it/yxojkti7rsq31.jpg?width=320&crop=smart&auto=webp&s=bf0bd111727e60cd51b07bc16e4f239dec9e25d7,404 Client Error: Not Found for url: https://preview.redd.it/yxojkti7rsq31.jpg?width=320&crop=smart&auto=webp&s=bf0bd111727e60cd51b07bc16e4f239dec9e25d7
31fsgf,https://external-preview.redd.it/ESPM-tTuK3werLgfWG_wBsw_trUSDNU4bI5s2jVRAgQ.png?width=108&crop=smart&auto=webp&s=6bdf4d9c8ec6b3100f803c1cf0848f49a5aee344,404 Client Error: Not Found for url: https://external-preview.redd.it/ESPM-tTuK3werLgfWG_wBsw_trUSDNU4bI5s2jVRAgQ.png?width=108&crop=smart&auto=webp&s=6bdf4d9c8ec6b3100f803c1cf0848f49a5aee344
cmysxw,https://preview.redd.it/1ytm9brwaxe31.jpg?width=320&crop=smart&auto=webp&s=7a63edec5c9613bb3912d876f0240f3c87e3e7d5,404 Client Error: Not Found for url: https://preview.redd.it/1ytm9brwaxe31.jpg?width=320&crop=smart&auto=webp&s=7a63edec5c9613bb3912d876f0240f3c87e3e7d5
c29dqv,,missing image URL
bprvv6,https://preview.redd.it/6jfef9oh6sy21.jpg?width=320&crop=smart&auto=webp&s=b452eee5225c1140f36db6c713fce8ba7ddcbb67,404 Client Error: Not Found for url: https://preview.redd.it/6jfef9oh6sy21.jpg?width=320&crop=smart&auto=webp&s=b452eee5225c1140f36db6c713fce8ba7ddcbb67
bqyz6g,https://preview.redd.it/uizbz4aeoez21.jpg?width=320&crop=smart&auto=webp&s=eb50ff24c76a42abcf9ab937c3e0b64f51fd8483,404 Client Error: Not Found for url: https://preview.redd.it/uizbz4aeoez21.jpg?width=320&crop=smart&auto=webp&s=eb50ff24c76a42abcf9ab937c3e0b64f51fd8483
5hyp6h,https://external-preview.redd.it/Ss1DZlzrE0OLqHFzL1Dfkf1LVScDqYJIVCjbNtzV_u4.jpg?width=320&crop=smart&auto=webp&s=8f49716470d5a44c2970f5144061206fde07f9ef,404 Client Error: Not Found for url: https://external-preview.redd.it/Ss1DZlzrE0OLqHFzL1Dfkf1LVScDqYJIVCjbNtzV_u4.jpg?width=320&crop=smart&auto=webp&s=8f49716470d5a44c2970f5144061206fde07f9ef
61ifnk,https://preview.redd.it/lslsabv9gkny.jpg?width=320&crop=smart&auto=webp&s=ba1e38f1a9df2a24d000ad599c3e0288e3ccb4da,404 Client Error: Not Found for url: https://preview.redd.it/lslsabv9gkny.jpg?width=320&crop=smart&auto=webp&s=ba1e38f1a9df2a24d000ad599c3e0288e3ccb4da
dhzwoo,,missing image URL
3b3q7v,https://external-preview.redd.it/VpsxLZIualmxdOClASVbyDkS8bop7vbHfjUJmqHR8e0.jpg?width=320&crop=smart&auto=webp&s=a7613786215cf066b8627ba330eeab07393e796b,404 Client Error: Not Found for url: https://external-preview.redd.it/VpsxLZIualmxdOClASVbyDkS8bop7vbHfjUJmqHR8e0.jpg?width=320&crop=smart&auto=webp&s=a7613786215cf066b8627ba330eeab07393e796b
cmj65r,https://preview.redd.it/vyn57q7kzpe31.jpg?width=320&crop=smart&auto=webp&s=7270b92e7d4ac509b08cffeaa121b0bce346c1c6,404 Client Error: Not Found for url: https://preview.redd.it/vyn57q7kzpe31.jpg?width=320&crop=smart&auto=webp&s=7270b92e7d4ac509b08cffeaa121b0bce346c1c6
5av3a5,https://preview.redd.it/bjlk91ysdcvx.png?width=320&crop=smart&auto=webp&s=1ff415f38974ea15cb4c47451b2f3e5e28091049,404 Client Error: Not Found for url: https://preview.redd.it/bjlk91ysdcvx.png?width=320&crop=smart&auto=webp&s=1ff415f38974ea15cb4c47451b2f3e5e28091049
bvyelh,https://preview.redd.it/emcugyt2ny131.jpg?width=320&crop=smart&auto=webp&s=1868a8b452f820048cb62c7a67b8be03cf7a43c9,404 Client Error: Not Found for url: https://preview.redd.it/emcugyt2ny131.jpg?width=320&crop=smart&auto=webp&s=1868a8b452f820048cb62c7a67b8be03cf7a43c9
dxqzx9z,https://imgur.com/hDBHpBi.jpg,403 Client Error: Unknown Error for url: https://imgur.com/hDBHpBi.jpg
ardfud,https://preview.redd.it/zt0xxgfd30h21.jpg?width=320&crop=smart&auto=webp&s=6d0c46a3091f5acfecc072723efa23f9c8a65438,404 Client Error: Not Found for url: https://preview.redd.it/zt0xxgfd30h21.jpg?width=320&crop=smart&auto=webp&s=6d0c46a3091f5acfecc072723efa23f9c8a65438
cde8rr9,http://imgur.com/BGPzmvy%2ejpg,403 Client Error: Unknown Error for url: https://imgur.com/BGPzmvy.jpg
bniyb1,https://preview.redd.it/7tdvjpt8box21.jpg?width=320&crop=smart&auto=webp&s=513d603aee66a43d38305d37d98a570f681347af,404 Client Error: Not Found for url: https://preview.redd.it/7tdvjpt8box21.jpg?width=320&crop=smart&auto=webp&s=513d603aee66a43d38305d37d98a570f681347af
90lh3q,https://preview.redd.it/n4c9ul91a7b11.jpg?width=320&crop=smart&auto=webp&s=f5741c6eeaefb461dd1e0ce7bda32fa302863d51,404 Client Error: Not Found for url: https://preview.redd.it/n4c9ul91a7b11.jpg?width=320&crop=smart&auto=webp&s=f5741c6eeaefb461dd1e0ce7bda32fa302863d51
5vv52w,,missing image URL
avkts4,https://preview.redd.it/un3ujxkfi7j21.jpg?width=320&crop=smart&auto=webp&s=4caa0b27f95cea0316fb08e100204947a3837332,404 Client Error: Not Found for url: https://preview.redd.it/un3ujxkfi7j21.jpg?width=320&crop=smart&auto=webp&s=4caa0b27f95cea0316fb08e100204947a3837332
9fkgxq,https://preview.redd.it/mrzew8ays1m11.jpg?width=320&crop=smart&auto=webp&s=4f31c939f581447b19f4c307f5ffc0c9def96d42,404 Client Error: Not Found for url: https://preview.redd.it/mrzew8ays1m11.jpg?width=320&crop=smart&auto=webp&s=4f31c939f581447b19f4c307f5ffc0c9def96d42
ciqmim,https://preview.redd.it/h1f08a1ziyc31.jpg?width=320&crop=smart&auto=webp&s=bba8306e06516d61737cd671f6534fb4aca8c703,404 Client Error: Not Found for url: https://preview.redd.it/h1f08a1ziyc31.jpg?width=320&crop=smart&auto=webp&s=bba8306e06516d61737cd671f6534fb4aca8c703
533smg,https://external-preview.redd.it/z7kKLgHG2E2pXHjYt39glo7Ep3YqHzt2YAyB_d00AOE.jpg?width=320&crop=smart&auto=webp&s=31f00ce28d5acc35d1187253cce07914730eae28,404 Client Error: Not Found for url: https://external-preview.redd.it/z7kKLgHG2E2pXHjYt39glo7Ep3YqHzt2YAyB_d00AOE.jpg?width=320&crop=smart&auto=webp&s=31f00ce28d5acc35d1187253cce07914730eae28
em8326v,https://imgur.com/mj218iI.jpg,403 Client Error: Unknown Error for url: https://imgur.com/mj218iI.jpg
ar5pca,https://preview.redd.it/86p94rdb8vg21.jpg?width=320&crop=smart&auto=webp&s=8230e9322c9bc0e18eff795e4a17e61e965b1806,404 Client Error: Not Found for url: https://preview.redd.it/86p94rdb8vg21.jpg?width=320&crop=smart&auto=webp&s=8230e9322c9bc0e18eff795e4a17e61e965b1806
cxmsg1b,"https://en.wikipedia.org/wiki/Sriracha_sauce_(Huy_Fong_Foods)#/media/File:Sriracha_Hot_Sauce_Bottles_Freshii_Restaurant_Family_Dinner_Downtown_Grand_Rapids_June_27,_2014_1_(14552677466).jpg",non-image content: text/html; charset=utf-8
as0i4f,https://preview.redd.it/mihx4nalhdh21.jpg?width=320&crop=smart&auto=webp&s=d2715b40647ff3e816f16cfe12e7b40cd4f58ff1,404 Client Error: Not Found for url: https://preview.redd.it/mihx4nalhdh21.jpg?width=320&crop=smart&auto=webp&s=d2715b40647ff3e816f16cfe12e7b40cd4f58ff1
ce1hkq,,missing image URL
cqrlswc,http://imgur.com/Q2fiKas.jpg,403 Client Error: Unknown Error for url: https://imgur.com/Q2fiKas.jpg
ckubw7,https://preview.redd.it/1s1efm4ujwd31.jpg?width=320&crop=smart&auto=webp&s=02f927c46dbfbba6cea2757df8eacdc893d63b97,404 Client Error: Not Found for url: https://preview.redd.it/1s1efm4ujwd31.jpg?width=320&crop=smart&auto=webp&s=02f927c46dbfbba6cea2757df8eacdc893d63b97
6ahbwf,https://preview.redd.it/ua5bvniv5swy.jpg?width=320&crop=smart&auto=webp&s=bd8dab319331a66f11af134da7dad56eceae681d,404 Client Error: Not Found for url: https://preview.redd.it/ua5bvniv5swy.jpg?width=320&crop=smart&auto=webp&s=bd8dab319331a66f11af134da7dad56eceae681d
cic6rf2,http://assets.nydailynews.com/polopoly_fs/1.1832742.1403021652!/img/httpImage/image.jpg_gen/derivatives/gallery_1200/2014-world-ugliest-dog-contest-peanut%2ejpg,"HTTPConnectionPool(host='assets.nydailynews.com', port=80): Max retries exceeded with url: /polopoly_fs/1.1832742.1403021652!/img/httpImage/image.jpg_gen/derivatives/gallery_1200/2014-world-ugliest-dog-contest-peanut.jpg (Caused by NameResolutionError(""HTTPConnection(host='assets.nydailynews.com', port=80): Failed to resolve 'assets.nydailynews.com' ([Errno 11001] getaddrinfo failed)""))"
24zfzk,https://external-preview.redd.it/JE5v1BJsIlc2DiVs1rwqi6CLE49u9lcH1SVOoMRTF3k.jpg?width=320&crop=smart&auto=webp&s=b3d81215eab9b3b229e6ffd236587b1513734be9,404 Client Error: Not Found for url: https://external-preview.redd.it/JE5v1BJsIlc2DiVs1rwqi6CLE49u9lcH1SVOoMRTF3k.jpg?width=320&crop=smart&auto=webp&s=b3d81215eab9b3b229e6ffd236587b1513734be9
ca0w75,https://preview.redd.it/rsskrjo72s831.jpg?width=320&crop=smart&auto=webp&s=239b124d94cd7341952921bf53f618165b7b280c,404 Client Error: Not Found for url: https://preview.redd.it/rsskrjo72s831.jpg?width=320&crop=smart&auto=webp&s=239b124d94cd7341952921bf53f618165b7b280c
dfvwkt,https://preview.redd.it/r9z5plwfvor31.jpg?width=320&crop=smart&auto=webp&s=21edf2054ff6a0298147abc764ee2507f9080a6b,404 Client Error: Not Found for url: https://preview.redd.it/r9z5plwfvor31.jpg?width=320&crop=smart&auto=webp&s=21edf2054ff6a0298147abc764ee2507f9080a6b
5nz17m,https://external-preview.redd.it/ESPM-tTuK3werLgfWG_wBsw_trUSDNU4bI5s2jVRAgQ.png?width=108&crop=smart&auto=webp&s=6bdf4d9c8ec6b3100f803c1cf0848f49a5aee344,404 Client Error: Not Found for url: https://external-preview.redd.it/ESPM-tTuK3werLgfWG_wBsw_trUSDNU4bI5s2jVRAgQ.png?width=108&crop=smart&auto=webp&s=6bdf4d9c8ec6b3100f803c1cf0848f49a5aee344
df0396w,https://i.redd.it/4x8wn2s1jrly.jpg,404 Client Error: Not Found for url: https://i.redd.it/4x8wn2s1jrly.jpg
ce8nks,https://preview.redd.it/l7qk7kvlwsa31.jpg?width=320&crop=smart&auto=webp&s=e5d7e965d0527eb36abbaf04f73dcd2384d8b14d,404 Client Error: Not Found for url: https://preview.redd.it/l7qk7kvlwsa31.jpg?width=320&crop=smart&auto=webp&s=e5d7e965d0527eb36abbaf04f73dcd2384d8b14d
c5lcyiy,http://imgur.com/FC6mw.jpg,403 Client Error: Unknown Error for url: https://imgur.com/FC6mw.jpg
cp9muf,https://preview.redd.it/6q2uetjrczf31.jpg?width=320&crop=smart&auto=webp&s=93a6b9e711041cd332eef02d7ab0a1c25fb47a18,404 Client Error: Not Found for url: https://preview.redd.it/6q2uetjrczf31.jpg?width=320&crop=smart&auto=webp&s=93a6b9e711041cd332eef02d7ab0a1c25fb47a18
6chame,https://preview.redd.it/2laex8owmvyy.jpg?width=320&crop=smart&auto=webp&s=8bd6e58b465842b51456e7b71b949db96323e240,404 Client Error: Not Found for url: https://preview.redd.it/2laex8owmvyy.jpg?width=320&crop=smart&auto=webp&s=8bd6e58b465842b51456e7b71b949db96323e240
8irl0v,https://preview.redd.it/njmhhnmgtax01.jpg?width=320&crop=smart&auto=webp&s=6ea02f9dff19340c097adb828d3d1211ae2aa4fc,404 Client Error: Not Found for url: https://preview.redd.it/njmhhnmgtax01.jpg?width=320&crop=smart&auto=webp&s=6ea02f9dff19340c097adb828d3d1211ae2aa4fc
cyrwqs4,http://i2.cdn.turner.com/cnnnext/dam/assets/121004131130-31-bond-super-169.jpg,non-image content: application/octet-stream
cyy5pp,https://preview.redd.it/bcyf28zl7ak31.jpg?width=320&crop=smart&auto=webp&s=a9f74a34796793abff6f69e353529d2a1fc7904f,404 Client Error: Not Found for url: https://preview.redd.it/bcyf28zl7ak31.jpg?width=320&crop=smart&auto=webp&s=a9f74a34796793abff6f69e353529d2a1fc7904f
9fbq9c,https://preview.redd.it/0ycq1j8ehvl11.jpg?width=320&crop=smart&auto=webp&s=e2a5d2de58e7699e05d62d33b908dc48590b4b14,404 Client Error: Not Found for url: https://preview.redd.it/0ycq1j8ehvl11.jpg?width=320&crop=smart&auto=webp&s=e2a5d2de58e7699e05d62d33b908dc48590b4b14
67forz,https://external-preview.redd.it/KGRLxQjqnvpVnM326S_jtRwcJBMB_TbOrw5ni0n95rU.jpg?width=320&crop=smart&auto=webp&s=594bf165c577e8a0e4a66e3023e2387937661264,404 Client Error: Not Found for url: https://external-preview.redd.it/KGRLxQjqnvpVnM326S_jtRwcJBMB_TbOrw5ni0n95rU.jpg?width=320&crop=smart&auto=webp&s=594bf165c577e8a0e4a66e3023e2387937661264
c31wik,https://preview.redd.it/mt1fvjwtxk531.jpg?width=320&crop=smart&auto=webp&s=4e269fa01265da92cb35c74fe0a61b0f860f8d3c,404 Client Error: Not Found for url: https://preview.redd.it/mt1fvjwtxk531.jpg?width=320&crop=smart&auto=webp&s=4e269fa01265da92cb35c74fe0a61b0f860f8d3c
deljtj,https://preview.redd.it/i9hl4nuq75r31.jpg?width=320&crop=smart&auto=webp&s=a20930ebdf0412b438befc5bc3f911e08b875e77,404 Client Error: Not Found for url: https://preview.redd.it/i9hl4nuq75r31.jpg?width=320&crop=smart&auto=webp&s=a20930ebdf0412b438befc5bc3f911e08b875e77
85come,https://preview.redd.it/ve0d4b4s4km01.jpg?width=320&crop=smart&auto=webp&s=1752ede89e0d67a9baf8ebf94c6383015b871236,404 Client Error: Not Found for url: https://preview.redd.it/ve0d4b4s4km01.jpg?width=320&crop=smart&auto=webp&s=1752ede89e0d67a9baf8ebf94c6383015b871236
7292em,https://preview.redd.it/dzraebxndxnz.jpg?width=320&crop=smart&auto=webp&s=05332ced7789ba7b26153b00c52b6a35f8cfd48f,404 Client Error: Not Found for url: https://preview.redd.it/dzraebxndxnz.jpg?width=320&crop=smart&auto=webp&s=05332ced7789ba7b26153b00c52b6a35f8cfd48f
cxwyq1,https://preview.redd.it/m5z9ygnh1tj31.jpg?width=320&crop=smart&auto=webp&s=b8ecf2764959ac55e9fe6012e6949c25067ed536,404 Client Error: Not Found for url: https://preview.redd.it/m5z9ygnh1tj31.jpg?width=320&crop=smart&auto=webp&s=b8ecf2764959ac55e9fe6012e6949c25067ed536
9j474b,https://preview.redd.it/qs0svak63mo11.jpg?width=320&crop=smart&auto=webp&s=52427e5bfc994b81adc12e048ef81714fa89ac15,404 Client Error: Not Found for url: https://preview.redd.it/qs0svak63mo11.jpg?width=320&crop=smart&auto=webp&s=52427e5bfc994b81adc12e048ef81714fa89ac15
as7lp2,https://preview.redd.it/27ea4oqu3hh21.jpg?width=320&crop=smart&auto=webp&s=e2aad89291257c84cac052e33f2a15bbd08a7de1,404 Client Error: Not Found for url: https://preview.redd.it/27ea4oqu3hh21.jpg?width=320&crop=smart&auto=webp&s=e2aad89291257c84cac052e33f2a15bbd08a7de1
9harn2,https://preview.redd.it/yjppfv4bjan11.jpg?width=320&crop=smart&auto=webp&s=5cb9910babdf72b6a082432b38eee24dc7fe4b2f,404 Client Error: Not Found for url: https://preview.redd.it/yjppfv4bjan11.jpg?width=320&crop=smart&auto=webp&s=5cb9910babdf72b6a082432b38eee24dc7fe4b2f
b32xve,https://preview.redd.it/m3pf7fzry2n21.jpg?width=320&crop=smart&auto=webp&s=fe2c57130df6aa338b2af368257f102953fe1771,404 Client Error: Not Found for url: https://preview.redd.it/m3pf7fzry2n21.jpg?width=320&crop=smart&auto=webp&s=fe2c57130df6aa338b2af368257f102953fe1771
ddtp37,https://preview.redd.it/kpuxdgjojsq31.png?width=320&crop=smart&auto=webp&s=a26473e74471049cca66f12e612b717d41c995d0,404 Client Error: Not Found for url: https://preview.redd.it/kpuxdgjojsq31.png?width=320&crop=smart&auto=webp&s=a26473e74471049cca66f12e612b717d41c995d0
bqbi1w,https://preview.redd.it/uh4r79g4o2z21.jpg?width=320&crop=smart&auto=webp&s=834d3df352d5445e8f00603cd4381a0ab1cd83d8,404 Client Error: Not Found for url: https://preview.redd.it/uh4r79g4o2z21.jpg?width=320&crop=smart&auto=webp&s=834d3df352d5445e8f00603cd4381a0ab1cd83d8
cmwq4t,https://preview.redd.it/83lgysa9gwe31.png?width=320&crop=smart&auto=webp&s=af73614e75b20ed0a5d0c8290ae9632e6504e6b4,404 Client Error: Not Found for url: https://preview.redd.it/83lgysa9gwe31.png?width=320&crop=smart&auto=webp&s=af73614e75b20ed0a5d0c8290ae9632e6504e6b4
cazo5ju,http://batona.net/uploads/posts/2013-07/1373272496_007.jpg,404 Client Error: Not Found for url: http://batona.net/uploads/posts/2013-07/1373272496_007.jpg
cja45c,https://preview.redd.it/7zo7y8hec8d31.jpg?width=320&crop=smart&auto=webp&s=a055caac7db23ffae375a35593419c6f840f1add,404 Client Error: Not Found for url: https://preview.redd.it/7zo7y8hec8d31.jpg?width=320&crop=smart&auto=webp&s=a055caac7db23ffae375a35593419c6f840f1add
aubvun,https://preview.redd.it/2izcrn4joki21.jpg?width=320&crop=smart&auto=webp&s=2cf9c3bc55b9bc75fc67e0ee94547f3da08e6ac7,404 Client Error: Not Found for url: https://preview.redd.it/2izcrn4joki21.jpg?width=320&crop=smart&auto=webp&s=2cf9c3bc55b9bc75fc67e0ee94547f3da08e6ac7
8eyxuo,https://preview.redd.it/anbwcytzo5u01.png?width=320&crop=smart&auto=webp&s=f735232b57fe4abef889c682e7a450258c5eaa24,404 Client Error: Not Found for url: https://preview.redd.it/anbwcytzo5u01.png?width=320&crop=smart&auto=webp&s=f735232b57fe4abef889c682e7a450258c5eaa24
8vnkjz,https://preview.redd.it/sl2gqwhfjm711.jpg?width=320&crop=smart&auto=webp&s=d88e9e2912ebb4f5ebf1a5d9333c6d664849159c,404 Client Error: Not Found for url: https://preview.redd.it/sl2gqwhfjm711.jpg?width=320&crop=smart&auto=webp&s=d88e9e2912ebb4f5ebf1a5d9333c6d664849159c
bhly6h,,missing image URL
9jhtjz,https://preview.redd.it/coenosno7vo11.jpg?width=320&crop=smart&auto=webp&s=faaa33692b4afd5d159f6ce218d6ef2a6ce7f991,404 Client Error: Not Found for url: https://preview.redd.it/coenosno7vo11.jpg?width=320&crop=smart&auto=webp&s=faaa33692b4afd5d159f6ce218d6ef2a6ce7f991
8sfstl,https://external-preview.redd.it/ESPM-tTuK3werLgfWG_wBsw_trUSDNU4bI5s2jVRAgQ.png?width=108&crop=smart&auto=webp&s=6bdf4d9c8ec6b3100f803c1cf0848f49a5aee344,404 Client Error: Not Found for url: https://external-preview.redd.it/ESPM-tTuK3werLgfWG_wBsw_trUSDNU4bI5s2jVRAgQ.png?width=108&crop=smart&auto=webp&s=6bdf4d9c8ec6b3100f803c1cf0848f49a5aee344
d47dfe,https://preview.redd.it/eetd7euw5lm31.jpg?width=320&crop=smart&auto=webp&s=f24a29af02d5126ddf46fd815c65e811e1145687,404 Client Error: Not Found for url: https://preview.redd.it/eetd7euw5lm31.jpg?width=320&crop=smart&auto=webp&s=f24a29af02d5126ddf46fd815c65e811e1145687
cx7pz73,http://www.gamedynamo.com/images/galleries/photo/966/video-game-reunion-characters-mega-man.jpg,"HTTPConnectionPool(host='www.gamedynamo.com', port=80): Max retries exceeded with url: /images/galleries/photo/966/video-game-reunion-characters-mega-man.jpg (Caused by NameResolutionError(""HTTPConnection(host='www.gamedynamo.com', port=80): Failed to resolve 'www.gamedynamo.com' ([Errno 11001] getaddrinfo failed)""))"
cheaal,https://preview.redd.it/3jr9j356kbc31.jpg?width=320&crop=smart&auto=webp&s=407608df0690a152dea39cc29a9d5c6bb1735d5b,404 Client Error: Not Found for url: https://preview.redd.it/3jr9j356kbc31.jpg?width=320&crop=smart&auto=webp&s=407608df0690a152dea39cc29a9d5c6bb1735d5b
112m1n,https://external-preview.redd.it/ESPM-tTuK3werLgfWG_wBsw_trUSDNU4bI5s2jVRAgQ.png?width=108&crop=smart&auto=webp&s=6bdf4d9c8ec6b3100f803c1cf0848f49a5aee344,404 Client Error: Not Found for url: https://external-preview.redd.it/ESPM-tTuK3werLgfWG_wBsw_trUSDNU4bI5s2jVRAgQ.png?width=108&crop=smart&auto=webp&s=6bdf4d9c8ec6b3100f803c1cf0848f49a5aee344
7dd3wp,,missing image URL
cisp4s,https://preview.redd.it/lnejw0rzpzc31.jpg?width=320&crop=smart&auto=webp&s=a5cec10154321cc0056f6f11c9a4ba892d1bfb23,404 Client Error: Not Found for url: https://preview.redd.it/lnejw0rzpzc31.jpg?width=320&crop=smart&auto=webp&s=a5cec10154321cc0056f6f11c9a4ba892d1bfb23
cr75ir,https://preview.redd.it/an3vjfaxmtg31.jpg?width=320&crop=smart&auto=webp&s=69c9055d13c4a46084e87a5d26b7791325c23fef,404 Client Error: Not Found for url: https://preview.redd.it/an3vjfaxmtg31.jpg?width=320&crop=smart&auto=webp&s=69c9055d13c4a46084e87a5d26b7791325c23fef
38icsc,https://external-preview.redd.it/5l5zRucPAXhSfnN2BlgUfFRq5iXyo-DmDEcB7bDQb8s.jpg?width=320&crop=smart&auto=webp&s=a093b3a0c86ffa22f0cf741912f5e30fbbf1dbce,404 Client Error: Not Found for url: https://external-preview.redd.it/5l5zRucPAXhSfnN2BlgUfFRq5iXyo-DmDEcB7bDQb8s.jpg?width=320&crop=smart&auto=webp&s=a093b3a0c86ffa22f0cf741912f5e30fbbf1dbce
cm0ev8,https://preview.redd.it/hq1xonchghe31.jpg?width=320&crop=smart&auto=webp&s=0518e99ba05a8dd26133b348c162ab1f0d47c60f,404 Client Error: Not Found for url: https://preview.redd.it/hq1xonchghe31.jpg?width=320&crop=smart&auto=webp&s=0518e99ba05a8dd26133b348c162ab1f0d47c60f
d2mkh3,https://preview.redd.it/j3cdj1sp6xl31.jpg?width=320&crop=smart&auto=webp&s=3ab86c5e98687f373181f45caa3a77839136bc32,404 Client Error: Not Found for url: https://preview.redd.it/j3cdj1sp6xl31.jpg?width=320&crop=smart&auto=webp&s=3ab86c5e98687f373181f45caa3a77839136bc32
ckpu5yg,http://imgur.com/7NYBkme%2ejpg,403 Client Error: Unknown Error for url: https://imgur.com/7NYBkme.jpg
bbrg9g,https://preview.redd.it/nn0nm2sy5ir21.jpg?width=320&crop=smart&auto=webp&s=1c14e6edc5e45e32ee96242c02e4faf737e54b11,404 Client Error: Not Found for url: https://preview.redd.it/nn0nm2sy5ir21.jpg?width=320&crop=smart&auto=webp&s=1c14e6edc5e45e32ee96242c02e4faf737e54b11
c3k2ft,https://preview.redd.it/kjnlcc1mjt531.jpg?width=320&crop=smart&auto=webp&s=248bb40aa22d33f49e776baf2dba457958733dc9,404 Client Error: Not Found for url: https://preview.redd.it/kjnlcc1mjt531.jpg?width=320&crop=smart&auto=webp&s=248bb40aa22d33f49e776baf2dba457958733dc9
9bndkw,https://preview.redd.it/tn8z351olaj11.jpg?width=320&crop=smart&auto=webp&s=232a43407d6fcdc5179ba7a2f558f58e3b068023,404 Client Error: Not Found for url: https://preview.redd.it/tn8z351olaj11.jpg?width=320&crop=smart&auto=webp&s=232a43407d6fcdc5179ba7a2f558f58e3b068023
1qspuj,https://external-preview.redd.it/TpYwgZl_YAu-BVWDwCP4lSt8o3uqYqsdOLy4qm3_zjw.jpg?width=320&crop=smart&auto=webp&s=9c5b27e1b5a4374f226391f2feb2270404ee1b12,404 Client Error: Not Found for url: https://external-preview.redd.it/TpYwgZl_YAu-BVWDwCP4lSt8o3uqYqsdOLy4qm3_zjw.jpg?width=320&crop=smart&auto=webp&s=9c5b27e1b5a4374f226391f2feb2270404ee1b12
16ekn6,https://external-preview.redd.it/ESPM-tTuK3werLgfWG_wBsw_trUSDNU4bI5s2jVRAgQ.png?width=108&crop=smart&auto=webp&s=6bdf4d9c8ec6b3100f803c1cf0848f49a5aee344,404 Client Error: Not Found for url: https://external-preview.redd.it/ESPM-tTuK3werLgfWG_wBsw_trUSDNU4bI5s2jVRAgQ.png?width=108&crop=smart&auto=webp&s=6bdf4d9c8ec6b3100f803c1cf0848f49a5aee344
687nn1,https://preview.redd.it/jr49b4p4bfuy.jpg?width=320&crop=smart&auto=webp&s=925875bea0bd34a747cc4f41cbecfa3f004d731b,404 Client Error: Not Found for url: https://preview.redd.it/jr49b4p4bfuy.jpg?width=320&crop=smart&auto=webp&s=925875bea0bd34a747cc4f41cbecfa3f004d731b
3am93m,https://external-preview.redd.it/nUfwpS8EGY61YNJm1OZ5wCs9peqBLmjIh1D8FUqI0x8.jpg?width=216&crop=smart&auto=webp&s=4d8161e50097471621470a68667cee4506a9cd4d,404 Client Error: Not Found for url: https://external-preview.redd.it/nUfwpS8EGY61YNJm1OZ5wCs9peqBLmjIh1D8FUqI0x8.jpg?width=216&crop=smart&auto=webp&s=4d8161e50097471621470a68667cee4506a9cd4d
ceo915,https://preview.redd.it/zvcme4okyza31.jpg?width=320&crop=smart&auto=webp&s=9209991424a06160ffffcbcdb9608d00e52ad86b,404 Client Error: Not Found for url: https://preview.redd.it/zvcme4okyza31.jpg?width=320&crop=smart&auto=webp&s=9209991424a06160ffffcbcdb9608d00e52ad86b
3z5slp,https://external-preview.redd.it/ESPM-tTuK3werLgfWG_wBsw_trUSDNU4bI5s2jVRAgQ.png?width=108&crop=smart&auto=webp&s=6bdf4d9c8ec6b3100f803c1cf0848f49a5aee344,404 Client Error: Not Found for url: https://external-preview.redd.it/ESPM-tTuK3werLgfWG_wBsw_trUSDNU4bI5s2jVRAgQ.png?width=108&crop=smart&auto=webp&s=6bdf4d9c8ec6b3100f803c1cf0848f49a5aee344
asnuwi,https://preview.redd.it/4swrl0alxph21.jpg?width=320&crop=smart&auto=webp&s=930db0f265a93f969855670d98e02c755ab9b314,404 Client Error: Not Found for url: https://preview.redd.it/4swrl0alxph21.jpg?width=320&crop=smart&auto=webp&s=930db0f265a93f969855670d98e02c755ab9b314
bu3z91,https://preview.redd.it/bugon8b520131.jpg?width=320&crop=smart&auto=webp&s=2e2ed9b775721e5faa5e3b8b0a8e874fe6a73c4a,404 Client Error: Not Found for url: https://preview.redd.it/bugon8b520131.jpg?width=320&crop=smart&auto=webp&s=2e2ed9b775721e5faa5e3b8b0a8e874fe6a73c4a
crgd24,https://preview.redd.it/6fa0bo7a8xg31.jpg?width=320&crop=smart&auto=webp&s=3890e6d3d5ad9608fbcaf1591d4cc775011c83ed,404 Client Error: Not Found for url: https://preview.redd.it/6fa0bo7a8xg31.jpg?width=320&crop=smart&auto=webp&s=3890e6d3d5ad9608fbcaf1591d4cc775011c83ed
dwz9y5e,https://imgur.com/coaov6u.jpg,403 Client Error: Unknown Error for url: https://imgur.com/coaov6u.jpg
bdfrq6,,missing image URL
bcyana,https://preview.redd.it/rhyxkorh55s21.jpg?width=320&crop=smart&auto=webp&s=87cd74b4a75eb086246230d99793ef758dcc5a62,404 Client Error: Not Found for url: https://preview.redd.it/rhyxkorh55s21.jpg?width=320&crop=smart&auto=webp&s=87cd74b4a75eb086246230d99793ef758dcc5a62
9hmczt,https://preview.redd.it/ygvon3kmxin11.jpg?width=320&crop=smart&auto=webp&s=29267c78f965c2add086ed59b12d85462a75b97b,404 Client Error: Not Found for url: https://preview.redd.it/ygvon3kmxin11.jpg?width=320&crop=smart&auto=webp&s=29267c78f965c2add086ed59b12d85462a75b97b
c0frv4,https://preview.redd.it/uhxkg3t619431.jpg?width=320&crop=smart&auto=webp&s=391b55d885d42b1dbc2da9b141011cd29a846710,404 Client Error: Not Found for url: https://preview.redd.it/uhxkg3t619431.jpg?width=320&crop=smart&auto=webp&s=391b55d885d42b1dbc2da9b141011cd29a846710
8mqhde,https://preview.redd.it/vi78qe5oxl011.jpg?width=320&crop=smart&auto=webp&s=c0bf8145a8f5f9fa42d237b67f8bcf10fd8f685a,404 Client Error: Not Found for url: https://preview.redd.it/vi78qe5oxl011.jpg?width=320&crop=smart&auto=webp&s=c0bf8145a8f5f9fa42d237b67f8bcf10fd8f685a
ciu2j1k,http://imgur.com/WnUG32q%2ejpg,403 Client Error: Unknown Error for url: https://imgur.com/WnUG32q.jpg
awo8zo,https://preview.redd.it/sbdt7pabqsj21.png?width=320&crop=smart&auto=webp&s=2ec0b64a12de9a7bee812647f3afb1ffee1182f2,404 Client Error: Not Found for url: https://preview.redd.it/sbdt7pabqsj21.png?width=320&crop=smart&auto=webp&s=2ec0b64a12de9a7bee812647f3afb1ffee1182f2
dgvbsj,https://preview.redd.it/tcu0ix6n64s31.jpg?width=320&crop=smart&auto=webp&s=2795aa1f5cc869647efe26f9c1c82a7e123222d2,404 Client Error: Not Found for url: https://preview.redd.it/tcu0ix6n64s31.jpg?width=320&crop=smart&auto=webp&s=2795aa1f5cc869647efe26f9c1c82a7e123222d2
b3qicj,https://preview.redd.it/75ofhl5l4hn21.jpg?width=320&crop=smart&auto=webp&s=924a1543d41a16c1d42b3616830a9fb58ac85508,404 Client Error: Not Found for url: https://preview.redd.it/75ofhl5l4hn21.jpg?width=320&crop=smart&auto=webp&s=924a1543d41a16c1d42b3616830a9fb58ac85508
9gfwrp,https://preview.redd.it/24t462va7pm11.jpg?width=320&crop=smart&auto=webp&s=398cae02cfa1e0aca73605dd7a89a5ad8fb72164,404 Client Error: Not Found for url: https://preview.redd.it/24t462va7pm11.jpg?width=320&crop=smart&auto=webp&s=398cae02cfa1e0aca73605dd7a89a5ad8fb72164
ddklti,https://preview.redd.it/g8in0jy5poq31.jpg?width=320&crop=smart&auto=webp&s=f8be22521e7f61099d83e659668deee229808cda,404 Client Error: Not Found for url: https://preview.redd.it/g8in0jy5poq31.jpg?width=320&crop=smart&auto=webp&s=f8be22521e7f61099d83e659668deee229808cda
3hx5of,https://external-preview.redd.it/JE5v1BJsIlc2DiVs1rwqi6CLE49u9lcH1SVOoMRTF3k.jpg?width=320&crop=smart&auto=webp&s=b3d81215eab9b3b229e6ffd236587b1513734be9,404 Client Error: Not Found for url: https://external-preview.redd.it/JE5v1BJsIlc2DiVs1rwqi6CLE49u9lcH1SVOoMRTF3k.jpg?width=320&crop=smart&auto=webp&s=b3d81215eab9b3b229e6ffd236587b1513734be9
1jhbf9,https://external-preview.redd.it/ESPM-tTuK3werLgfWG_wBsw_trUSDNU4bI5s2jVRAgQ.png?width=108&crop=smart&auto=webp&s=6bdf4d9c8ec6b3100f803c1cf0848f49a5aee344,404 Client Error: Not Found for url: https://external-preview.redd.it/ESPM-tTuK3werLgfWG_wBsw_trUSDNU4bI5s2jVRAgQ.png?width=108&crop=smart&auto=webp&s=6bdf4d9c8ec6b3100f803c1cf0848f49a5aee344
cvuojvw,http://s3.vidimg.popscreen.com/original/21/eGZlMm51MTI=_o_the-league-andres-spunk.jpg,"HTTPConnectionPool(host='s3.vidimg.popscreen.com', port=80): Max retries exceeded with url: /original/21/eGZlMm51MTI=_o_the-league-andres-spunk.jpg (Caused by NameResolutionError(""HTTPConnection(host='s3.vidimg.popscreen.com', port=80): Failed to resolve 's3.vidimg.popscreen.com' ([Errno 11001] getaddrinfo failed)""))"
d98yf1,,missing image URL
bjaum3,https://preview.redd.it/2lbawii9uhv21.jpg?width=320&crop=smart&auto=webp&s=2ebba3593045e36ee1ae2809adf5d05cdde30afd,404 Client Error: Not Found for url: https://preview.redd.it/2lbawii9uhv21.jpg?width=320&crop=smart&auto=webp&s=2ebba3593045e36ee1ae2809adf5d05cdde30afd
c4k60o,,missing image URL
bq9jqq,https://preview.redd.it/86pqertxi1z21.jpg?width=320&crop=smart&auto=webp&s=718d88c1d1c2eda6458b8df354514bbf8abf8444,404 Client Error: Not Found for url: https://preview.redd.it/86pqertxi1z21.jpg?width=320&crop=smart&auto=webp&s=718d88c1d1c2eda6458b8df354514bbf8abf8444
d457do,,missing image URL
798d3o,https://preview.redd.it/wmjuksxo5iuz.png?width=320&crop=smart&auto=webp&s=8aea22617cad01371cc9c0dce3ef8c094ec5833d,404 Client Error: Not Found for url: https://preview.redd.it/wmjuksxo5iuz.png?width=320&crop=smart&auto=webp&s=8aea22617cad01371cc9c0dce3ef8c094ec5833d
cgztsql,http://imgur.com/rgD2wKw.jpg,403 Client Error: Unknown Error for url: https://imgur.com/rgD2wKw.jpg
cbvw6g,https://preview.redd.it/esf7f3h8io931.gif?width=320&crop=smart&format=png8&s=e0fd3eb576b2610282458502a64dfd18c11b112f,404 Client Error: Not Found for url: https://preview.redd.it/esf7f3h8io931.gif?width=320&crop=smart&format=png8&s=e0fd3eb576b2610282458502a64dfd18c11b112f
budse6,https://preview.redd.it/hffrhzma45131.jpg?width=320&crop=smart&auto=webp&s=4b6cfd28080cccddbcbf699178266bb9db90e49e,404 Client Error: Not Found for url: https://preview.redd.it/hffrhzma45131.jpg?width=320&crop=smart&auto=webp&s=4b6cfd28080cccddbcbf699178266bb9db90e49e
7ooumo,https://preview.redd.it/lpxu7kp61l801.png?width=320&crop=smart&auto=webp&s=7fd5f257ae7e9a906aef7e70ab417c22ab83f846,404 Client Error: Not Found for url: https://preview.redd.it/lpxu7kp61l801.png?width=320&crop=smart&auto=webp&s=7fd5f257ae7e9a906aef7e70ab417c22ab83f846
cinhwr,https://preview.redd.it/avg7z43l3xc31.jpg?width=320&crop=smart&auto=webp&s=19fe977be3acbad9a0f9e6d4ca0d1f03a69eaa3d,404 Client Error: Not Found for url: https://preview.redd.it/avg7z43l3xc31.jpg?width=320&crop=smart&auto=webp&s=19fe977be3acbad9a0f9e6d4ca0d1f03a69eaa3d
bk2qym,https://preview.redd.it/z2ftstriewv21.jpg?width=320&crop=smart&auto=webp&s=4a32f2c94b95ab6f3592e7df5f7a0aa7a1a49033,404 Client Error: Not Found for url: https://preview.redd.it/z2ftstriewv21.jpg?width=320&crop=smart&auto=webp&s=4a32f2c94b95ab6f3592e7df5f7a0aa7a1a49033
6yfzc8,,missing image URL
cvebly,https://preview.redd.it/ifm41j3suni31.jpg?width=320&crop=smart&auto=webp&s=ba17fa83b38ae90fdfb3d1eb926f7327a3b1937a,404 Client Error: Not Found for url: https://preview.redd.it/ifm41j3suni31.jpg?width=320&crop=smart&auto=webp&s=ba17fa83b38ae90fdfb3d1eb926f7327a3b1937a
d18ple,https://preview.redd.it/914i8quz6cl31.jpg?width=320&crop=smart&auto=webp&s=2e25410371eb3fa494a01ff2c87d28301a10d2af,404 Client Error: Not Found for url: https://preview.redd.it/914i8quz6cl31.jpg?width=320&crop=smart&auto=webp&s=2e25410371eb3fa494a01ff2c87d28301a10d2af
58m00e,,missing image URL
bsi2tn,https://preview.redd.it/bnfpirydd6031.jpg?width=320&crop=smart&auto=webp&s=134d216e2940a394a629ce279f22e462e3b3f95f,404 Client Error: Not Found for url: https://preview.redd.it/bnfpirydd6031.jpg?width=320&crop=smart&auto=webp&s=134d216e2940a394a629ce279f22e462e3b3f95f
c7y70v,https://preview.redd.it/vwh3drjwfn621.jpg?width=320&crop=smart&auto=webp&s=45100a53548757d6c65c3b29b672ee74531d927d,404 Client Error: Not Found for url: https://preview.redd.it/vwh3drjwfn621.jpg?width=320&crop=smart&auto=webp&s=45100a53548757d6c65c3b29b672ee74531d927d
2ucbe5,https://external-preview.redd.it/rw3C157-mb0CTpawp_iy2QUuOWtOs9AaKwKVk8JT52w.jpg?width=108&crop=smart&auto=webp&s=13f10bd79b14373c26cda336f47e723faa67d7a9,404 Client Error: Not Found for url: https://external-preview.redd.it/rw3C157-mb0CTpawp_iy2QUuOWtOs9AaKwKVk8JT52w.jpg?width=108&crop=smart&auto=webp&s=13f10bd79b14373c26cda336f47e723faa67d7a9
auplye,https://preview.redd.it/x86hwa4ltri21.jpg?width=216&crop=smart&auto=webp&s=ddfcf153101e3cddaf28ee3b3139c3b8c66d14a8,404 Client Error: Not Found for url: https://preview.redd.it/x86hwa4ltri21.jpg?width=216&crop=smart&auto=webp&s=ddfcf153101e3cddaf28ee3b3139c3b8c66d14a8
bffq4c,https://preview.redd.it/ztqg68177at21.png?width=320&crop=smart&auto=webp&s=7eef2e4696a68ad1fc3c848510bc87dae59f4e46,404 Client Error: Not Found for url: https://preview.redd.it/ztqg68177at21.png?width=320&crop=smart&auto=webp&s=7eef2e4696a68ad1fc3c848510bc87dae59f4e46
8jzssm,https://preview.redd.it/zzkf0csc5by01.jpg?width=320&crop=smart&auto=webp&s=246a078abedaa64bc4f27857f1c275acc53e5dda,404 Client Error: Not Found for url: https://preview.redd.it/zzkf0csc5by01.jpg?width=320&crop=smart&auto=webp&s=246a078abedaa64bc4f27857f1c275acc53e5dda
c9n1zwm,http://imgur.com/RhBHOjK.jpg,403 Client Error: Unknown Error for url: https://imgur.com/RhBHOjK.jpg
8rvkbg,https://preview.redd.it/pyrrh3jwsn411.jpg?width=320&crop=smart&auto=webp&s=e311ee04f6f140f1bd5e290aa0eb7980b830c421,404 Client Error: Not Found for url: https://preview.redd.it/pyrrh3jwsn411.jpg?width=320&crop=smart&auto=webp&s=e311ee04f6f140f1bd5e290aa0eb7980b830c421
cbm386i,http://imgur.com/ibxODvK%2ejpg,403 Client Error: Unknown Error for url: https://imgur.com/ibxODvK.jpg
28afbc,https://external-preview.redd.it/ESPM-tTuK3werLgfWG_wBsw_trUSDNU4bI5s2jVRAgQ.png?width=108&crop=smart&auto=webp&s=6bdf4d9c8ec6b3100f803c1cf0848f49a5aee344,404 Client Error: Not Found for url: https://external-preview.redd.it/ESPM-tTuK3werLgfWG_wBsw_trUSDNU4bI5s2jVRAgQ.png?width=108&crop=smart&auto=webp&s=6bdf4d9c8ec6b3100f803c1cf0848f49a5aee344
be0vyk,https://preview.redd.it/pjf6i3xvpps21.jpg?width=108&crop=smart&auto=webp&s=532824dc97c960f1cebc94a99952cb54f2a143f9,404 Client Error: Not Found for url: https://preview.redd.it/pjf6i3xvpps21.jpg?width=108&crop=smart&auto=webp&s=532824dc97c960f1cebc94a99952cb54f2a143f9
cjuqhi,,missing image URL
cmgzrq,https://preview.redd.it/brkqw6ik3pe31.jpg?width=320&crop=smart&auto=webp&s=75e11d61a51cdedf69c5a0047f7ae409d814e5dd,404 Client Error: Not Found for url: https://preview.redd.it/brkqw6ik3pe31.jpg?width=320&crop=smart&auto=webp&s=75e11d61a51cdedf69c5a0047f7ae409d814e5dd
cp6jzg,https://preview.redd.it/xjbt0jitoxf31.jpg?width=320&crop=smart&auto=webp&s=2e2d7d75f32f821599f814a14977b8349f4d48d5,404 Client Error: Not Found for url: https://preview.redd.it/xjbt0jitoxf31.jpg?width=320&crop=smart&auto=webp&s=2e2d7d75f32f821599f814a14977b8349f4d48d5
bfah22,https://preview.redd.it/2k7t7zye1et21.png?width=320&crop=smart&auto=webp&s=b722aeb56618d111abbbcf8442008ad620bb7f70,404 Client Error: Not Found for url: https://preview.redd.it/2k7t7zye1et21.png?width=320&crop=smart&auto=webp&s=b722aeb56618d111abbbcf8442008ad620bb7f70
cbhcncr,http://upload.wikimedia.org/wikipedia/en/thumb/6/6a/I_Love_You_Phillip_Morris.jpg/220px-I_Love_You_Phillip_Morris.jpg,400 Client Error: Use thumbnail sizes listed on https://w.wiki/GHai for url: https://upload.wikimedia.org/wikipedia/en/thumb/6/6a/I_Love_You_Phillip_Morris.jpg/220px-I_Love_You_Phillip_Morris.jpg
6x6696,https://preview.redd.it/jpkq919322jz.jpg?width=320&crop=smart&auto=webp&s=1caaae1db7326798420891f077d59095e5bfd33e,404 Client Error: Not Found for url: https://preview.redd.it/jpkq919322jz.jpg?width=320&crop=smart&auto=webp&s=1caaae1db7326798420891f077d59095e5bfd33e
bw5wls,https://preview.redd.it/k6nhlkg462231.jpg?width=320&crop=smart&auto=webp&s=604c67a2c3d4ee1e3db00db92906d8606c6e894e,404 Client Error: Not Found for url: https://preview.redd.it/k6nhlkg462231.jpg?width=320&crop=smart&auto=webp&s=604c67a2c3d4ee1e3db00db92906d8606c6e894e
cyniva,https://preview.redd.it/g3r5acnnw5k31.jpg?width=320&crop=smart&auto=webp&s=6c990cfc2230a0fbacc3903c902ca4052ee60857,404 Client Error: Not Found for url: https://preview.redd.it/g3r5acnnw5k31.jpg?width=320&crop=smart&auto=webp&s=6c990cfc2230a0fbacc3903c902ca4052ee60857
83bqlg,https://preview.redd.it/8apt1t8u3uk01.jpg?width=320&crop=smart&auto=webp&s=bba3425c1bfc1c034f91431f258ccc69728e1310,404 Client Error: Not Found for url: https://preview.redd.it/8apt1t8u3uk01.jpg?width=320&crop=smart&auto=webp&s=bba3425c1bfc1c034f91431f258ccc69728e1310
93l5qg,https://preview.redd.it/9olub0lpced11.jpg?width=320&crop=smart&auto=webp&s=5d0d78eaf456653ae6eef69afae71e2a4d2605cf,404 Client Error: Not Found for url: https://preview.redd.it/9olub0lpced11.jpg?width=320&crop=smart&auto=webp&s=5d0d78eaf456653ae6eef69afae71e2a4d2605cf
d2ovfd,https://preview.redd.it/fcw7otjydyl31.jpg?width=320&crop=smart&auto=webp&s=19d400cd3da7baf8e225f939df4e7d07b7ba2592,404 Client Error: Not Found for url: https://preview.redd.it/fcw7otjydyl31.jpg?width=320&crop=smart&auto=webp&s=19d400cd3da7baf8e225f939df4e7d07b7ba2592
6wzh0l,,missing image URL
c24z83,,missing image URL
dfsdzl,https://preview.redd.it/af8vmfqzxmr31.jpg?width=320&crop=smart&auto=webp&s=8a82ef98924df6007e53c0e93d9ebe95cdc27e65,404 Client Error: Not Found for url: https://preview.redd.it/af8vmfqzxmr31.jpg?width=320&crop=smart&auto=webp&s=8a82ef98924df6007e53c0e93d9ebe95cdc27e65
cvyffv6,http://www.how2skate.com/assets/images/guides/halfpipe.jpg,non-image content: text/html
cx8bw3,https://preview.redd.it/4yab6zydwgj31.jpg?width=320&crop=smart&auto=webp&s=17684d6a1fe5e01d497e01600ebb7c9647215e57,404 Client Error: Not Found for url: https://preview.redd.it/4yab6zydwgj31.jpg?width=320&crop=smart&auto=webp&s=17684d6a1fe5e01d497e01600ebb7c9647215e57
d6his6,https://preview.redd.it/2wffgki38ln31.jpg?width=320&crop=smart&auto=webp&s=56128a9cc125d4c6ddef83b59665fc1af0a4a56c,404 Client Error: Not Found for url: https://preview.redd.it/2wffgki38ln31.jpg?width=320&crop=smart&auto=webp&s=56128a9cc125d4c6ddef83b59665fc1af0a4a56c
d9hhh3,,missing image URL
cj6zibr,http://imgur.com/SKgDZzd.jpg,403 Client Error: Unknown Error for url: https://imgur.com/SKgDZzd.jpg
d7cw98u,http://imgur.com/vhYjahw.jpg,403 Client Error: Unknown Error for url: https://imgur.com/vhYjahw.jpg
85gcz4,https://preview.redd.it/l0qol5vgwmm01.png?width=320&crop=smart&auto=webp&s=901b0e1473ea388d28a8ab0b1cf54922cc525eb2,404 Client Error: Not Found for url: https://preview.redd.it/l0qol5vgwmm01.png?width=320&crop=smart&auto=webp&s=901b0e1473ea388d28a8ab0b1cf54922cc525eb2
d1lu7u,https://preview.redd.it/ow5jjr2qthl31.jpg?width=320&crop=smart&auto=webp&s=f34a9fa2ddbe1c8bc5106d97aa56ed6fb171d763,404 Client Error: Not Found for url: https://preview.redd.it/ow5jjr2qthl31.jpg?width=320&crop=smart&auto=webp&s=f34a9fa2ddbe1c8bc5106d97aa56ed6fb171d763
bi7b27,https://preview.redd.it/2wf2am90hxu21.jpg?width=320&crop=smart&auto=webp&s=927833da7a89d7762b653cd69d24c9a2b6b69159,404 Client Error: Not Found for url: https://preview.redd.it/2wf2am90hxu21.jpg?width=320&crop=smart&auto=webp&s=927833da7a89d7762b653cd69d24c9a2b6b69159
6g9jn6,https://preview.redd.it/pawgpcnvdn2z.jpg?width=320&crop=smart&auto=webp&s=95b7ca08434c54b158d31ab74ebb893af332aa2c,404 Client Error: Not Found for url: https://preview.redd.it/pawgpcnvdn2z.jpg?width=320&crop=smart&auto=webp&s=95b7ca08434c54b158d31ab74ebb893af332aa2c
d9sg1u,https://preview.redd.it/bxpria0s31p31.jpg?width=320&crop=smart&auto=webp&s=6c1b7bd56560969aebf120da396805e2bfef5a7c,404 Client Error: Not Found for url: https://preview.redd.it/bxpria0s31p31.jpg?width=320&crop=smart&auto=webp&s=6c1b7bd56560969aebf120da396805e2bfef5a7c
7m8jfa,,missing image URL
2xt5cn,https://external-preview.redd.it/ESPM-tTuK3werLgfWG_wBsw_trUSDNU4bI5s2jVRAgQ.png?width=108&crop=smart&auto=webp&s=6bdf4d9c8ec6b3100f803c1cf0848f49a5aee344,404 Client Error: Not Found for url: https://external-preview.redd.it/ESPM-tTuK3werLgfWG_wBsw_trUSDNU4bI5s2jVRAgQ.png?width=108&crop=smart&auto=webp&s=6bdf4d9c8ec6b3100f803c1cf0848f49a5aee344
cwuve0,https://preview.redd.it/xduo0wxovaj31.jpg?width=320&crop=smart&auto=webp&s=7b0a1c4248212e0c876843e73557ad62eb7667aa,404 Client Error: Not Found for url: https://preview.redd.it/xduo0wxovaj31.jpg?width=320&crop=smart&auto=webp&s=7b0a1c4248212e0c876843e73557ad62eb7667aa
8w8x5f,https://preview.redd.it/rmqc15r5e3811.jpg?width=320&crop=smart&auto=webp&s=03b58f53431fcacee4c147a3074106f57cd1ec55,404 Client Error: Not Found for url: https://preview.redd.it/rmqc15r5e3811.jpg?width=320&crop=smart&auto=webp&s=03b58f53431fcacee4c147a3074106f57cd1ec55
cwvnri,https://preview.redd.it/w4n4w7w29bj31.jpg?width=320&crop=smart&auto=webp&s=4fbe91462fe90d9d2506c1dbc9741e2c251ca8b3,404 Client Error: Not Found for url: https://preview.redd.it/w4n4w7w29bj31.jpg?width=320&crop=smart&auto=webp&s=4fbe91462fe90d9d2506c1dbc9741e2c251ca8b3
dbq9zm,https://preview.redd.it/blcwf0wa3wp31.jpg?width=320&crop=smart&auto=webp&s=544b61eaeb8e86326d27694b87c68fbdafef8a96,404 Client Error: Not Found for url: https://preview.redd.it/blcwf0wa3wp31.jpg?width=320&crop=smart&auto=webp&s=544b61eaeb8e86326d27694b87c68fbdafef8a96
d91465,https://preview.redd.it/6uahb7t7rpo31.jpg?width=320&crop=smart&auto=webp&s=39486c5b82a82f834c1259d55b446bd26fb7e4be,404 Client Error: Not Found for url: https://preview.redd.it/6uahb7t7rpo31.jpg?width=320&crop=smart&auto=webp&s=39486c5b82a82f834c1259d55b446bd26fb7e4be
d6pjjws,http://imgur.com/XD3T89P.jpg,403 Client Error: Unknown Error for url: https://imgur.com/XD3T89P.jpg
9hsxuv,https://preview.redd.it/35sfngri1nn11.jpg?width=320&crop=smart&auto=webp&s=538c635ccc8f17273ba2b4fbaaac6a58e0a76eb2,404 Client Error: Not Found for url: https://preview.redd.it/35sfngri1nn11.jpg?width=320&crop=smart&auto=webp&s=538c635ccc8f17273ba2b4fbaaac6a58e0a76eb2
c35kab,https://preview.redd.it/7ui4n21hqm531.jpg?width=320&crop=smart&auto=webp&s=4d0d265e1dacc0b841d05fbafe4503caea3f623e,404 Client Error: Not Found for url: https://preview.redd.it/7ui4n21hqm531.jpg?width=320&crop=smart&auto=webp&s=4d0d265e1dacc0b841d05fbafe4503caea3f623e
diew7i,https://preview.redd.it/9sta7f2ixrs31.jpg?width=320&crop=smart&auto=webp&s=500e42dc06fe70b645414a51c66cec25717ce9a3,404 Client Error: Not Found for url: https://preview.redd.it/9sta7f2ixrs31.jpg?width=320&crop=smart&auto=webp&s=500e42dc06fe70b645414a51c66cec25717ce9a3
blxzj2,https://preview.redd.it/dfh9idb6kvw21.jpg?width=320&crop=smart&auto=webp&s=b0d44d52e02b2c813df25ac4fd888b25a2a7458f,404 Client Error: Not Found for url: https://preview.redd.it/dfh9idb6kvw21.jpg?width=320&crop=smart&auto=webp&s=b0d44d52e02b2c813df25ac4fd888b25a2a7458f
dbiuf3y,http://imgur.com/WKPXrRv.jpg,403 Client Error: Unknown Error for url: https://imgur.com/WKPXrRv.jpg
6mhhg9,https://preview.redd.it/pkvcyqw9zt8z.jpg?width=320&crop=smart&auto=webp&s=f6fc49caf85c5a71b0edbe5031a24ffc3d4e2049,404 Client Error: Not Found for url: https://preview.redd.it/pkvcyqw9zt8z.jpg?width=320&crop=smart&auto=webp&s=f6fc49caf85c5a71b0edbe5031a24ffc3d4e2049
arxz0y,https://preview.redd.it/qwlyw6qubch21.jpg?width=320&crop=smart&auto=webp&s=6b4087439c0c096e411f747404850b30be5684e5,404 Client Error: Not Found for url: https://preview.redd.it/qwlyw6qubch21.jpg?width=320&crop=smart&auto=webp&s=6b4087439c0c096e411f747404850b30be5684e5
bdesa6,https://preview.redd.it/xl7p9cegwes21.jpg?width=320&crop=smart&auto=webp&s=e7376f37a34f52c627de4ce5155e600c16b8ff9a,404 Client Error: Not Found for url: https://preview.redd.it/xl7p9cegwes21.jpg?width=320&crop=smart&auto=webp&s=e7376f37a34f52c627de4ce5155e600c16b8ff9a
70xh4i,https://preview.redd.it/ep28htp44pmz.jpg?width=320&crop=smart&auto=webp&s=ace75931f3f15531621e42bbefb4c91e16906d44,404 Client Error: Not Found for url: https://preview.redd.it/ep28htp44pmz.jpg?width=320&crop=smart&auto=webp&s=ace75931f3f15531621e42bbefb4c91e16906d44
byzdbw,https://preview.redd.it/avaooh2puj331.jpg?width=320&crop=smart&auto=webp&s=c7941122b4db974b0cd7e8be2bf9e127290e4895,404 Client Error: Not Found for url: https://preview.redd.it/avaooh2puj331.jpg?width=320&crop=smart&auto=webp&s=c7941122b4db974b0cd7e8be2bf9e127290e4895
cy0avl,https://preview.redd.it/xhs8sxfjeuj31.jpg?width=320&crop=smart&auto=webp&s=5e4403393f421d628a85800e14bf1f1ddab56870,404 Client Error: Not Found for url: https://preview.redd.it/xhs8sxfjeuj31.jpg?width=320&crop=smart&auto=webp&s=5e4403393f421d628a85800e14bf1f1ddab56870
dak3i4,https://preview.redd.it/6c4dc2qksdp31.jpg?width=320&crop=smart&auto=webp&s=22db3edcd26e46929f195206b59fde4ae72c308d,404 Client Error: Not Found for url: https://preview.redd.it/6c4dc2qksdp31.jpg?width=320&crop=smart&auto=webp&s=22db3edcd26e46929f195206b59fde4ae72c308d
cdbuwbm,http://imgur.com/2L8mI29%2ejpg,403 Client Error: Unknown Error for url: https://imgur.com/2L8mI29.jpg
bczptd,https://preview.redd.it/ds09ny9836s21.jpg?width=320&crop=smart&auto=webp&s=26568875a31f4a88a9b8f1b441bdfe91ff49cabf,404 Client Error: Not Found for url: https://preview.redd.it/ds09ny9836s21.jpg?width=320&crop=smart&auto=webp&s=26568875a31f4a88a9b8f1b441bdfe91ff49cabf
eoh2qcg,https://i.redd.it/esvh17i0vuz21.jpg,404 Client Error: Not Found for url: https://i.redd.it/esvh17i0vuz21.jpg
cla0gjy,http://imgur.com/MWrXyhH%2ejpg,403 Client Error: Unknown Error for url: https://imgur.com/MWrXyhH.jpg
ckgfjk,,missing image URL
1289hh,https://external-preview.redd.it/cmLH5_KhNpwuUXn0_L5DIhSm5epCL070q6Txqz5c5Ro.jpg?width=108&crop=smart&auto=webp&s=a59d442517fe2a7de37b209f6f0f99373690086f,404 Client Error: Not Found for url: https://external-preview.redd.it/cmLH5_KhNpwuUXn0_L5DIhSm5epCL070q6Txqz5c5Ro.jpg?width=108&crop=smart&auto=webp&s=a59d442517fe2a7de37b209f6f0f99373690086f
bvj9g2,https://preview.redd.it/t8aujtxayp131.jpg?width=320&crop=smart&auto=webp&s=1a2fa06daa9eaee5fa325c998d006516e903f561,404 Client Error: Not Found for url: https://preview.redd.it/t8aujtxayp131.jpg?width=320&crop=smart&auto=webp&s=1a2fa06daa9eaee5fa325c998d006516e903f561
crvddq,https://preview.redd.it/i7peighy74h31.jpg?width=320&crop=smart&auto=webp&s=adf0f83bd6b2efe3fd359fb14c1543bb8f831a69,404 Client Error: Not Found for url: https://preview.redd.it/i7peighy74h31.jpg?width=320&crop=smart&auto=webp&s=adf0f83bd6b2efe3fd359fb14c1543bb8f831a69
caqw2b,https://preview.redd.it/f1d754z595931.jpg?width=320&crop=smart&auto=webp&s=5b9d0fa58fabb30794d5556f863f98be1f55a11e,404 Client Error: Not Found for url: https://preview.redd.it/f1d754z595931.jpg?width=320&crop=smart&auto=webp&s=5b9d0fa58fabb30794d5556f863f98be1f55a11e
cfokhb,,missing image URL
6v7us1,,missing image URL
b7gkmz,https://preview.redd.it/dz07uqfswbp21.jpg?width=320&crop=smart&auto=webp&s=2b1810250d9ebf5ffafe0bc7f833c751bce53975,404 Client Error: Not Found for url: https://preview.redd.it/dz07uqfswbp21.jpg?width=320&crop=smart&auto=webp&s=2b1810250d9ebf5ffafe0bc7f833c751bce53975
d4lm5o,https://preview.redd.it/v0e5cq6kwrm31.jpg?width=320&crop=smart&auto=webp&s=cea982bf11e7bbaba6cd9f55055764bb6d797f3a,404 Client Error: Not Found for url: https://preview.redd.it/v0e5cq6kwrm31.jpg?width=320&crop=smart&auto=webp&s=cea982bf11e7bbaba6cd9f55055764bb6d797f3a
3u9p78,https://external-preview.redd.it/ESPM-tTuK3werLgfWG_wBsw_trUSDNU4bI5s2jVRAgQ.png?width=108&crop=smart&auto=webp&s=6bdf4d9c8ec6b3100f803c1cf0848f49a5aee344,404 Client Error: Not Found for url: https://external-preview.redd.it/ESPM-tTuK3werLgfWG_wBsw_trUSDNU4bI5s2jVRAgQ.png?width=108&crop=smart&auto=webp&s=6bdf4d9c8ec6b3100f803c1cf0848f49a5aee344
z8fu8,https://external-preview.redd.it/ESPM-tTuK3werLgfWG_wBsw_trUSDNU4bI5s2jVRAgQ.png?width=108&crop=smart&auto=webp&s=6bdf4d9c8ec6b3100f803c1cf0848f49a5aee344,404 Client Error: Not Found for url: https://external-preview.redd.it/ESPM-tTuK3werLgfWG_wBsw_trUSDNU4bI5s2jVRAgQ.png?width=108&crop=smart&auto=webp&s=6bdf4d9c8ec6b3100f803c1cf0848f49a5aee344
cyulun6,http://imgur.com/jVu9UIS.jpg,403 Client Error: Unknown Error for url: https://imgur.com/jVu9UIS.jpg
dmqi9zh,http://i.imgur.com/Och5pTv.jpg,"HTTPConnectionPool(host='i.imgur.com', port=80): Max retries exceeded with url: /Och5pTv.jpg (Caused by ConnectTimeoutError(<HTTPConnection(host='i.imgur.com', port=80) at 0x1761c84e630>, 'Connection to i.imgur.com timed out. (connect timeout=15)'))"
b6oy5z,https://preview.redd.it/3uj0hph9mxo21.jpg?width=320&crop=smart&auto=webp&s=d69efc526a2afa58a9b4e170c33efdf8f332848e,404 Client Error: Not Found for url: https://preview.redd.it/3uj0hph9mxo21.jpg?width=320&crop=smart&auto=webp&s=d69efc526a2afa58a9b4e170c33efdf8f332848e
c1v5td,https://preview.redd.it/5gq3g9xea0531.jpg?width=320&crop=smart&auto=webp&s=1c49097f6969a6f9711629f7fb96591744322708,404 Client Error: Not Found for url: https://preview.redd.it/5gq3g9xea0531.jpg?width=320&crop=smart&auto=webp&s=1c49097f6969a6f9711629f7fb96591744322708
99an00,https://preview.redd.it/6pmichz0ykh11.png?width=320&crop=smart&auto=webp&s=e3416c399763cc100756b22e0c2d838dac0609ab,404 Client Error: Not Found for url: https://preview.redd.it/6pmichz0ykh11.png?width=320&crop=smart&auto=webp&s=e3416c399763cc100756b22e0c2d838dac0609ab
clg4clm,http://imgur.com/4tPunm2.jpg](http://imgur.com/4tPunm2.jpg,403 Client Error: Unknown Error for url: https://imgur.com/4tPunm2.jpg%5D(http://imgur.com/4tPunm2.jpg
2nqk5o,https://external-preview.redd.it/ESPM-tTuK3werLgfWG_wBsw_trUSDNU4bI5s2jVRAgQ.png?width=108&crop=smart&auto=webp&s=6bdf4d9c8ec6b3100f803c1cf0848f49a5aee344,404 Client Error: Not Found for url: https://external-preview.redd.it/ESPM-tTuK3werLgfWG_wBsw_trUSDNU4bI5s2jVRAgQ.png?width=108&crop=smart&auto=webp&s=6bdf4d9c8ec6b3100f803c1cf0848f49a5aee344
ddsmke,https://preview.redd.it/hv16w4ht5sq31.jpg?width=320&crop=smart&auto=webp&s=59484a076eb9e12c816701a53911598c10e2c5b6,404 Client Error: Not Found for url: https://preview.redd.it/hv16w4ht5sq31.jpg?width=320&crop=smart&auto=webp&s=59484a076eb9e12c816701a53911598c10e2c5b6
8o4fb9,https://preview.redd.it/z1m7lcab7o111.jpg?width=320&crop=smart&auto=webp&s=3a25acbe77e201765e0795b3200bcb982c4c507c,404 Client Error: Not Found for url: https://preview.redd.it/z1m7lcab7o111.jpg?width=320&crop=smart&auto=webp&s=3a25acbe77e201765e0795b3200bcb982c4c507c
k5et9,https://external-preview.redd.it/ESPM-tTuK3werLgfWG_wBsw_trUSDNU4bI5s2jVRAgQ.png?width=108&crop=smart&auto=webp&s=6bdf4d9c8ec6b3100f803c1cf0848f49a5aee344,404 Client Error: Not Found for url: https://external-preview.redd.it/ESPM-tTuK3werLgfWG_wBsw_trUSDNU4bI5s2jVRAgQ.png?width=108&crop=smart&auto=webp&s=6bdf4d9c8ec6b3100f803c1cf0848f49a5aee344
bsjuo4,https://preview.redd.it/6531wvxc47031.jpg?width=320&crop=smart&auto=webp&s=90bf72fc979c4a03906195db8cd05318eae08e3f,404 Client Error: Not Found for url: https://preview.redd.it/6531wvxc47031.jpg?width=320&crop=smart&auto=webp&s=90bf72fc979c4a03906195db8cd05318eae08e3f
bqjkri,https://preview.redd.it/kafv25y6e7z21.png?width=320&crop=smart&auto=webp&s=eca181bc6a985edc9dfcb3634134961d4a8ae2c5,404 Client Error: Not Found for url: https://preview.redd.it/kafv25y6e7z21.png?width=320&crop=smart&auto=webp&s=eca181bc6a985edc9dfcb3634134961d4a8ae2c5
b7jprd,,missing image URL
d3nvk3x,http://imgur.com/ibd2Fqj.jpg,403 Client Error: Unknown Error for url: https://imgur.com/ibd2Fqj.jpg
ck6mxu,https://preview.redd.it/4oyqb1w49md31.jpg?width=320&crop=smart&auto=webp&s=eacbf96b0bd9ca62cb97d27e32249927fbedbc2a,404 Client Error: Not Found for url: https://preview.redd.it/4oyqb1w49md31.jpg?width=320&crop=smart&auto=webp&s=eacbf96b0bd9ca62cb97d27e32249927fbedbc2a
1ra8jy,https://external-preview.redd.it/TpYwgZl_YAu-BVWDwCP4lSt8o3uqYqsdOLy4qm3_zjw.jpg?width=320&crop=smart&auto=webp&s=9c5b27e1b5a4374f226391f2feb2270404ee1b12,404 Client Error: Not Found for url: https://external-preview.redd.it/TpYwgZl_YAu-BVWDwCP4lSt8o3uqYqsdOLy4qm3_zjw.jpg?width=320&crop=smart&auto=webp&s=9c5b27e1b5a4374f226391f2feb2270404ee1b12
d1vmaw,https://preview.redd.it/pgckq20ocml31.jpg?width=320&crop=smart&auto=webp&s=bf705bfd461dee86ec85fc88124e2c4ccc6e3e22,404 Client Error: Not Found for url: https://preview.redd.it/pgckq20ocml31.jpg?width=320&crop=smart&auto=webp&s=bf705bfd461dee86ec85fc88124e2c4ccc6e3e22
3657je,,missing image URL
dta16kv,https://imgur.com/zPYOsFR.jpg,403 Client Error: Unknown Error for url: https://imgur.com/zPYOsFR.jpg
7v26s9,https://preview.redd.it/p627wdp6d2e01.jpg?width=320&crop=smart&auto=webp&s=a695bfbe65405133ae1d1f476e8a0495c845a2b6,404 Client Error: Not Found for url: https://preview.redd.it/p627wdp6d2e01.jpg?width=320&crop=smart&auto=webp&s=a695bfbe65405133ae1d1f476e8a0495c845a2b6
5u86vs,,missing image URL
cg51sa,https://preview.redd.it/6mfr0luzgqb31.png?width=320&crop=smart&auto=webp&s=a818748799922f2ef7f9656d8575c76a77a57ee8,404 Client Error: Not Found for url: https://preview.redd.it/6mfr0luzgqb31.png?width=320&crop=smart&auto=webp&s=a818748799922f2ef7f9656d8575c76a77a57ee8
ax168n,https://preview.redd.it/e6xw854v70k21.jpg?width=320&crop=smart&auto=webp&s=bd11f6bcd37659c9e9b9ed41b80248f9650a5254,404 Client Error: Not Found for url: https://preview.redd.it/e6xw854v70k21.jpg?width=320&crop=smart&auto=webp&s=bd11f6bcd37659c9e9b9ed41b80248f9650a5254
43qj9m,https://external-preview.redd.it/VpsxLZIualmxdOClASVbyDkS8bop7vbHfjUJmqHR8e0.jpg?width=320&crop=smart&auto=webp&s=a7613786215cf066b8627ba330eeab07393e796b,404 Client Error: Not Found for url: https://external-preview.redd.it/VpsxLZIualmxdOClASVbyDkS8bop7vbHfjUJmqHR8e0.jpg?width=320&crop=smart&auto=webp&s=a7613786215cf066b8627ba330eeab07393e796b
cy5u2c3,http://imgur.com/KNjuhfP.jpg,403 Client Error: Unknown Error for url: https://imgur.com/KNjuhfP.jpg
c1xxuc,https://preview.redd.it/eobx0s8op1531.jpg?width=320&crop=smart&auto=webp&s=8182d1276f672ac807e5e882a6eebd9663c402c2,404 Client Error: Not Found for url: https://preview.redd.it/eobx0s8op1531.jpg?width=320&crop=smart&auto=webp&s=8182d1276f672ac807e5e882a6eebd9663c402c2
cecht4,,missing image URL
bv0pqt,https://preview.redd.it/rawdd1hoxf131.jpg?width=320&crop=smart&auto=webp&s=253fa94c66a9433bb41509339c0f70b35b2e17c0,404 Client Error: Not Found for url: https://preview.redd.it/rawdd1hoxf131.jpg?width=320&crop=smart&auto=webp&s=253fa94c66a9433bb41509339c0f70b35b2e17c0
devbzx,https://preview.redd.it/eh3c2wh109r31.jpg?width=320&crop=smart&auto=webp&s=a2e1b49a70e31a5b0a1d7b957485feaccf43dea0,404 Client Error: Not Found for url: https://preview.redd.it/eh3c2wh109r31.jpg?width=320&crop=smart&auto=webp&s=a2e1b49a70e31a5b0a1d7b957485feaccf43dea0
c8uc7ub,http://imgur.com/vFqGYCh.jpg,403 Client Error: Unknown Error for url: https://imgur.com/vFqGYCh.jpg
