accuracy,f1,macro_f1,roc_auc,pr_auc
-0.06352683461117192,-0.03108102905072574,-0.07034914553577676,-0.09544730409282554,-0.1072764718057252
-0.09602044541803578,-0.05906035736692994,-0.1054456549143361,-0.11206906757907231,-0.12496065384848387
-0.07411464037970061,-0.04148502840242452,-0.0814622627962176,-0.08717805151175817,-0.09990739144458072
-0.0668127053669223,-0.03302662367143572,-0.07234246610448447,-0.09074702831590808,-0.10768784245238106
-0.07301935012778382,-0.044572641935582524,-0.07990925560290496,-0.08826112743644343,-0.0989987570527372
-0.08360715589631251,-0.0490317497907341,-0.0889748780659394,-0.10193011798888207,-0.12085596907869012
-0.07338444687842272,-0.0426181590066963,-0.07988258410608595,-0.08823568922251868,-0.09927187297388618
-0.07155896312522814,-0.04170904978056744,-0.07848716238921871,-0.08528786655905296,-0.10380343381039925
-0.08798831690397957,-0.05495191800079624,-0.09585301256883927,-0.11110733442749243,-0.11870758921594293
-0.08178167214311782,-0.049043993980702916,-0.08910376349568294,-0.0988331076881982,-0.10631812961802745
-0.06827309236947787,-0.0322230177754258,-0.07646343347323592,-0.08589995079829227,-0.1010973236750684
-0.07667031763417298,-0.0477297582925823,-0.08162691588784643,-0.09822146813499444,-0.11854648359012299
-0.07703541438481198,-0.044897346394925486,-0.08561206237458419,-0.10493435454491407,-0.11612580925093774
-0.07009857612267256,-0.03815317398859053,-0.07829558042381501,-0.08874747906368463,-0.1082154456984652
-0.06863818912011688,-0.039527568215784625,-0.0747074075172044,-0.09629905266495054,-0.09344284463873176
-0.07776560788608977,-0.0471989241983054,-0.08420011682923056,-0.10197851419425008,-0.1148463203836283
-0.049288061336254074,-0.025505882352941156,-0.05456053199906474,-0.07836721803409097,-0.09111423589828238
-0.06754289886820009,-0.03672505990821395,-0.0735706379539468,-0.0871302923262478,-0.10541945283080745
-0.07849580138736767,-0.04379692225177334,-0.08733351299856795,-0.0964190881222744,-0.10309378846310258
-0.07228915662650603,-0.03727240626015749,-0.07676041321530502,-0.08136027684026159,-0.10267984438856959
-0.06133625410733845,-0.035350205209012,-0.06784634034497927,-0.08093683444315636,-0.09487049872607944
-0.095290251916758,-0.063629325971021,-0.10328414052091506,-0.12033374282488618,-0.12801097579179477
-0.07447973713033951,-0.04807455152162188,-0.08050684264549113,-0.09742978443700934,-0.11009422987490214
-0.0850675428988682,-0.05788361525657748,-0.0902907533871814,-0.10172806769977649,-0.12310685355079665
-0.08141657539247904,-0.049439301698496085,-0.08833987925432973,-0.10031784190623294,-0.10310117196150614
-0.061701350857977344,-0.036042506094952076,-0.06840656009207047,-0.07914223187173508,-0.10090438234909849
-0.10624315443592558,-0.07201637965900842,-0.11333008367181008,-0.11870326229956485,-0.12685719961574504
-0.08579773640014599,-0.061532708506010336,-0.09072133501751367,-0.10158708662229776,-0.10391408175080608
-0.07447973713033951,-0.045429716277649024,-0.08033073248459077,-0.09450413001501823,-0.10353868696615365
-0.0847024461482292,-0.05851454507896814,-0.08981246069103666,-0.10404546677428028,-0.11371342939221551
-0.0839722526469514,-0.05272524787021027,-0.08972690615987056,-0.08727771980535559,-0.1065751727666635
-0.0660825118656444,-0.03713169253031279,-0.0722971115627482,-0.08408917455249632,-0.09853574423405409
-0.07338444687842283,-0.04427492092610663,-0.08083552407314365,-0.0936103751039069,-0.10056706294475948
-0.07630522088353409,-0.04413893790838774,-0.081930126058668,-0.09042031322712296,-0.1034510880952616
-0.08214676889375694,-0.048653600026023924,-0.09082824780725485,-0.10594275785406704,-0.1227350792807419
-0.0857977364001461,-0.053005497142282976,-0.09399676484606156,-0.10024491537323277,-0.09887984426060248
-0.08324205914567362,-0.054179339546673866,-0.08940680874640772,-0.09448105658506623,-0.10418569345272943
-0.07046367287331146,-0.04333483169835273,-0.07801250570421658,-0.10085827237725964,-0.10373359680304506
-0.09090909090909094,-0.05778863997477168,-0.09760152236342745,-0.10223070070940266,-0.10631221478342934
-0.07411464037970072,-0.04400754253544392,-0.08150772128909611,-0.0934847891369629,-0.10781069899007589
-0.06863818912011688,-0.04348239989842595,-0.0737208991009013,-0.08658029962232572,-0.09592876403801631
-0.07922599488864546,-0.05084476028272422,-0.08583706373470767,-0.09464783192063753,-0.09541778456502714
-0.08798831690397957,-0.05620169985300505,-0.09358478448199237,-0.10348579147971249,-0.11912178099687565
-0.09711573566995257,-0.06968605908178349,-0.10290784274313158,-0.11571250006734668,-0.134318410282399
-0.07192405987586714,-0.04331388491003274,-0.07752037180384475,-0.09632574822005768,-0.1055992246527282
-0.0839722526469514,-0.053374060150375935,-0.09028836991273859,-0.08748143859592705,-0.08940257412984642
-0.07374954362906172,-0.03951763434522049,-0.080345807220217,-0.10132642201323039,-0.11677516951059386
-0.09346476816356342,-0.0639032773036663,-0.0981090002592011,-0.11080689283168621,-0.12909575172244947
-0.09857612267250826,-0.0721875178575292,-0.10476617480490225,-0.10588434648629386,-0.10920914876806143
-0.04855786783497629,-0.01637839333041413,-0.05465820451489156,-0.08168440792902776,-0.10692601699045035
-0.07374954362906172,-0.03597325234927806,-0.08242206203292923,-0.100731234866828,-0.1139072116844958
-0.07484483388097851,-0.04159139172372228,-0.08264701522075923,-0.10322078776505095,-0.12202088910727771
-0.07119386637458924,-0.043201628355162724,-0.0770625227713646,-0.0946402440336569,-0.10893662392847869
-0.0850675428988682,-0.05303003585493449,-0.09283849735993255,-0.10518756263607143,-0.11881133724918325
-0.0847024461482292,-0.05064282235719819,-0.09227848277278161,-0.10700338166588719,-0.11775898648780314
-0.08433734939759041,-0.052279447186493466,-0.09026409371516886,-0.09983387118742959,-0.10370836761470059
-0.07374954362906172,-0.04256759056897941,-0.07970543713275746,-0.08505212281522334,-0.09398996699558915
-0.0850675428988682,-0.04980266784062615,-0.09310221774305294,-0.10637204826332336,-0.12031041249944363
-0.06717780211756108,-0.03503554112766505,-0.07447810179114167,-0.08102965918791127,-0.09159332962847122
-0.05184373859072655,-0.022544837100231807,-0.057759976834850235,-0.0663810444438967,-0.08783143306366015
-0.08324205914567362,-0.05015827144372087,-0.09063088066778868,-0.09189540488034575,-0.10199431568394235
-0.07886089813800656,-0.05059779020607702,-0.08509050116400951,-0.09293493051588941,-0.11566048570449983
-0.0657174151150055,-0.03841120414154131,-0.0710289323558615,-0.09571539087991576,-0.13062337303437155
-0.07082876962395035,-0.04265049648646513,-0.07682350442502883,-0.09532968215369375,-0.11587063548105514
-0.056955093099671394,-0.029201375591117906,-0.06292828611320078,-0.09210975757777562,-0.10966352771243792
-0.07959109163928446,-0.05081460399554294,-0.08589070558049028,-0.1023225431847874,-0.11319722787798703
-0.06389193136181082,-0.03635741714113494,-0.06984187696477206,-0.08245404644011112,-0.0990000479370533
-0.08652792990142377,-0.056539060221047266,-0.0931317549727485,-0.09498852968698135,-0.10059039277133086
-0.06243154435925524,-0.03599785390066723,-0.06855814305097263,-0.07832529048607562,-0.08910507961694425
-0.09090909090909094,-0.06092216142717022,-0.0963289572661089,-0.10548396691162276,-0.1093773302113441
-0.08324205914567362,-0.0573285588576109,-0.08956279975612469,-0.1089649593645503,-0.12869616104671966
-0.0763052208835342,-0.04154508946163615,-0.08427479558179785,-0.10788776091795793,-0.11714143069203353
-0.07374954362906172,-0.045958204140654324,-0.079631497230641,-0.09105592646326488,-0.11381350323563222
-0.07594012413289519,-0.0479536954919465,-0.08137137864510291,-0.09260311126954746,-0.1130524364951343
-0.07995618838992324,-0.04748435383934213,-0.08817083806030068,-0.09757840597000766,-0.10319800146358737
-0.0664476086162833,-0.036456061620961155,-0.07510625990056541,-0.08859820699123289,-0.09421239199826903
-0.09857612267250815,-0.07088186838927146,-0.10382898919703898,-0.0984296984355979,-0.1060902531658251
-0.06973347937203356,-0.041184876602917364,-0.0766756848496496,-0.09140677342545533,-0.10703394128133314
-0.04965315808689308,-0.02365423703702252,-0.056195444053415144,-0.08344010735117469,-0.09979531730928548
-0.07301935012778393,-0.04420937334757791,-0.07883516697233983,-0.09164012875720928,-0.10023236352423426
-0.054034319094560135,-0.020532601862963573,-0.05860080953518787,-0.07497422528966502,-0.09899201325266715
-0.09273457466228541,-0.05948731893014292,-0.10020032555200842,-0.1268686112113978,-0.12758879569618287
-0.08908360715589625,-0.05695306314947279,-0.0961990941321138,-0.10850001079400706,-0.11727578330352018
-0.07009857612267256,-0.0365190951040093,-0.07636977687257729,-0.08092971989338882,-0.08937594896649947
-0.07959109163928435,-0.049072013726817354,-0.08549754236574503,-0.08231246295984718,-0.0979474517515968
-0.07484483388097851,-0.04243609117445146,-0.08288006489144728,-0.10436063092135683,-0.12203220412586258
-0.07447973713033951,-0.046249898002165724,-0.08076111328330593,-0.0984158142762025,-0.10568398758971487
-0.07813070463672867,-0.046606544231431735,-0.08407614684888542,-0.09467939958069849,-0.10334386376211646
-0.06498722161372761,-0.03816778692791789,-0.07226554190308287,-0.08622436408670342,-0.08845716133960302
-0.06717780211756108,-0.03620968133262159,-0.07507026133137862,-0.08492588029632764,-0.10019726185401046
-0.06754289886820009,-0.03873870134514257,-0.07284614479231954,-0.08148833469144967,-0.10005283677090615
-0.08762322015334068,-0.059122991999273844,-0.09474592197378173,-0.09460607537361931,-0.0956590602159696
-0.0938298649142022,-0.05932870623821895,-0.1004234681215499,-0.11153672886019061,-0.11794029529798133
-0.07886089813800656,-0.04815237408919848,-0.08632572175068409,-0.0947944006999124,-0.10659535754894855
-0.07703541438481198,-0.04586022635030773,-0.08342960037158043,-0.08978171729460749,-0.10471435330473544
-0.07849580138736767,-0.04661445328201319,-0.08485883600044164,-0.09692028207715264,-0.1163914220192499
-0.07922599488864546,-0.048068404004108944,-0.08638735199890268,-0.09353197830811932,-0.10259435676367668
-0.07447973713033951,-0.04612323667798324,-0.08069634887791377,-0.08164363578380773,-0.09067761472600466
-0.07776560788608977,-0.04801122211866915,-0.08143082529473422,-0.08133108133348288,-0.10023698564335104
-0.07959109163928446,-0.04882984026528525,-0.08722966456624448,-0.09679700813218584,-0.11276238174288078
-0.06681270536692219,-0.04086219850682371,-0.07313538163742495,-0.09125270504483429,-0.10849552946044294
-0.07813070463672878,-0.04847115037555216,-0.08578372791353406,-0.10450638009177271,-0.11692851244366909
-0.07959109163928435,-0.048200977574005544,-0.08543393669001953,-0.10107626347007048,-0.12067680118607715
-0.07338444687842272,-0.04377851102576591,-0.0811361726259694,-0.08833519584348026,-0.10921248913602022
-0.08762322015334068,-0.055914698615727954,-0.09528677475111869,-0.10570270185654784,-0.11461101387059824
-0.0657174151150055,-0.040229264126227515,-0.07220560135546905,-0.08759518486115159,-0.09920746228697541
-0.07849580138736767,-0.04533712247270605,-0.08658464426147872,-0.1033018123570586,-0.10977054821424681
-0.0839722526469514,-0.050026127253556485,-0.08901622419340516,-0.09146326458995757,-0.10669620636355348
-0.0660825118656444,-0.03782177166817047,-0.07318216449712456,-0.08764636660386216,-0.1038431843371771
-0.0857977364001461,-0.053497625465280474,-0.09365511232324897,-0.10598702970264984,-0.1079589652317039
-0.07447973713033951,-0.04640419947506558,-0.08158760109911445,-0.08583020447182077,-0.09426568335292074
-0.06133625410733845,-0.034337378113695194,-0.06742113930929794,-0.08354240244637767,-0.09258184394302482
-0.07776560788608977,-0.04323871705073301,-0.08465261900614185,-0.0987993974170106,-0.11139565028542386
-0.09675063891931368,-0.06553502725648053,-0.1043866424846307,-0.11248160366483007,-0.1076080229102655
-0.07849580138736767,-0.05183738990845588,-0.08484571049644407,-0.09739751428555987,-0.10529706013861018
-0.061701350857977344,-0.03053387303296995,-0.06898721467592228,-0.08908897541085059,-0.10657666524407683
-0.09821102592186925,-0.06319056809395096,-0.10432122624656381,-0.12191514062090403,-0.12150921860968422
-0.07192405987586703,-0.04361331975075078,-0.07828113089037825,-0.09598129683865964,-0.10986290554434486
-0.08616283315078488,-0.057693380583813125,-0.0925181090027487,-0.0989191719210657,-0.1055365726794606
-0.058780576852866084,-0.026345947215401844,-0.06639658868361842,-0.08463145538642136,-0.09605892173548514
-0.09930631617378605,-0.06936075214171622,-0.10482491001292582,-0.10758354273712634,-0.12362432942006807
-0.05914567360350498,-0.03255069228638163,-0.06505784763652944,-0.0720883815016462,-0.08035532140639057
-0.0752099306316173,-0.04356795598959451,-0.08211464753571107,-0.09384430714119074,-0.0985753139258081
-0.059875867104782765,-0.026341503614230932,-0.0666276228281163,-0.08901336397702997,-0.10785850725899437
-0.06827309236947787,-0.04080634530510785,-0.07437039386816913,-0.09478481009932671,-0.1160423574091426
-0.08032128514056225,-0.049622366945351826,-0.0869234482783009,-0.10882603724589657,-0.12636540162287735
-0.09054399415845193,-0.05995341446942892,-0.0988856854128155,-0.10448163562854629,-0.10834568627625885
-0.08835341365461846,-0.05443979151823053,-0.09581666458140647,-0.1044021283005876,-0.11132567551193862
-0.07082876962395035,-0.039057970418274524,-0.07838235786344105,-0.10002156741164103,-0.11305660631847192
-0.08652792990142388,-0.05578349937681415,-0.09547687687060358,-0.10716970061127196,-0.10982156150945743
-0.095290251916758,-0.06578644217988483,-0.09940041518327092,-0.1073377129495603,-0.12488385981899985
-0.09127418765972983,-0.05523122127461533,-0.09780376024659376,-0.10619041905133308,-0.12274414743535134
-0.0847024461482292,-0.05656496475868966,-0.08924452520725501,-0.09165538244156723,-0.10583617544235402
-0.055129609346476816,-0.025166292895053455,-0.06148382705973687,-0.08052709229634347,-0.08700554904047741
-0.08908360715589636,-0.05544915391909311,-0.09682077443435688,-0.11043797135617217,-0.10999124381713832
-0.0660825118656444,-0.03590870430843529,-0.0744566711297514,-0.07756769601330693,-0.08443444931328048
-0.0763052208835342,-0.050594211078684004,-0.08156761730118323,-0.097141477562674,-0.11796922996719728
-0.07447973713033962,-0.03920677397967787,-0.07990184934411748,-0.08723444035491634,-0.11571081686026963
-0.056955093099671505,-0.023128377053833304,-0.065702880116711,-0.09138736597617958,-0.09727241376095819
-0.08616283315078488,-0.05555425751222609,-0.09230600413605228,-0.10289011690239791,-0.10764461510251433
-0.06790799561883898,-0.039917286580679834,-0.07350969016898223,-0.09366507094862919,-0.10855882223072633
-0.06863818912011688,-0.042917345893840886,-0.07432715203869733,-0.09280572053177671,-0.10664484431903842
-0.07776560788608977,-0.05029472982141414,-0.08242215507080564,-0.09359676992747212,-0.11076085142286263
-0.07447973713033951,-0.04000508531764102,-0.08266682031599504,-0.10369698561211727,-0.12325580818204274
-0.06425702811244982,-0.0353684023452252,-0.06963845262746993,-0.07983575958782552,-0.1016462531042992
-0.0945600584154801,-0.06270546496110407,-0.09964225991107689,-0.10034535358494878,-0.11050850656679279
-0.09054399415845193,-0.052588793661707434,-0.0986449802788878,-0.10310933310406711,-0.1221138173547337
-0.08141657539247904,-0.05010529095505567,-0.08631334956003811,-0.09867109634551485,-0.12152712082844952
-0.09784592917123047,-0.06917519767240143,-0.10316550614290432,-0.10273546541220835,-0.1145127004260692
-0.05732018985031029,-0.030754954596672657,-0.06510336244337123,-0.09105467881148588,-0.09590191747929533
-0.06863818912011688,-0.03512360724233987,-0.07711438606581544,-0.10077420443409957,-0.10234622231868684
-0.06973347937203367,-0.04137511089063328,-0.07563632639352968,-0.08741484003543665,-0.0939379409626302
-0.0752099306316174,-0.04265245878032975,-0.08451961524502372,-0.09545249534374123,-0.10491688712306468
-0.07484483388097851,-0.03943384923869664,-0.08236898503699186,-0.09569227662492918,-0.11027424578479994
-0.06754289886820009,-0.03612064117768243,-0.07439833263589135,-0.08480993955674943,-0.09342643178321075
-0.07228915662650592,-0.038871713429952326,-0.07851635753843789,-0.09525172421178896,-0.10571009346501592
-0.0660825118656444,-0.038721047297289646,-0.07151255413770241,-0.08962759256578923,-0.11216756728633104
-0.0850675428988682,-0.05859085702422184,-0.09012179659285524,-0.10542909155349356,-0.11361156614391044
-0.03906535231836428,-0.00877427768834027,-0.046726563277868616,-0.07832440320684031,-0.10181575759368411
-0.08652792990142388,-0.05472674329085492,-0.09264283568252296,-0.0955890496389844,-0.10416043375975259
-0.08178167214311793,-0.04665400362404504,-0.08941947059704092,-0.09827488065127621,-0.11785441240955252
-0.06681270536692219,-0.0427378240590085,-0.07111478534517157,-0.09066005487386952,-0.098069090771853
-0.07959109163928435,-0.05031088015444507,-0.08423022508235889,-0.09272119341563789,-0.097912675611046
-0.07886089813800656,-0.04923535422343328,-0.08684460882055334,-0.09861921096842385,-0.10157378658886207
-0.07046367287331146,-0.04079658487700921,-0.07751644449829098,-0.08242671436755489,-0.09903417762256483
-0.07155896312522814,-0.044238799633534165,-0.07743139029610302,-0.08641250474912254,-0.10455067345257274
-0.0941949616648412,-0.060426262676380516,-0.10017947965768814,-0.10859030222524546,-0.12572995782667995
-0.095290251916758,-0.06504131192165152,-0.09918812652317088,-0.11292181047975669,-0.1399556238998788
-0.05074844833880976,-0.02559846234492391,-0.05487843523931901,-0.07939179774751015,-0.10794816358981274
-0.07046367287331146,-0.042193190052214335,-0.0791677523017339,-0.09253377396389617,-0.10527699185389305
-0.06900328587075577,-0.03966017866416105,-0.07484353582585168,-0.09338859133567157,-0.10052583968069428
-0.0755750273822563,-0.042761775371172206,-0.0838271053579781,-0.1076885831527743,-0.11936204400100281
-0.05330412559328224,-0.0230187334133789,-0.05906775311857915,-0.07478128873095613,-0.10252960039068237
-0.055859802847754714,-0.020042864148344997,-0.06667575874083209,-0.08212935406480604,-0.10725503788013435
-0.06279664110989414,-0.030021034527865642,-0.07044025073300286,-0.106078987111768,-0.11573025775081003
-0.09602044541803578,-0.060096876964346846,-0.10086868679964145,-0.10165947278597132,-0.11864861946506144
-0.08251186564439572,-0.05985451270576658,-0.0859422654916322,-0.09412175184422156,-0.11257218820737946
-0.06900328587075577,-0.04151514157288627,-0.07545863938175335,-0.08914519260397291,-0.11274955815048249
-0.0759401241328953,-0.04793045242016347,-0.08097165375321924,-0.0861488282764703,-0.09549594600915567
-0.0755750273822563,-0.04332190713617956,-0.08412699756993469,-0.09664878242978914,-0.10799969247559815
-0.10222709017889742,-0.0708909565767859,-0.10897293198294178,-0.11340090537373759,-0.1143990251938013
-0.07411464037970061,-0.04359379821553677,-0.0810222603643338,-0.08482216708023149,-0.09834796340978513
-0.09090909090909094,-0.05556512732227903,-0.09771226114729203,-0.10195935168234993,-0.11857687667479011
-0.0945600584154801,-0.061901663258480566,-0.10065826779285403,-0.11489631789995336,-0.12665720875766306
-0.09090909090909083,-0.060940084654354854,-0.0959836708071401,-0.09868046077005,-0.1135971255930559
-0.08944870390653525,-0.05514968701071521,-0.09764334511341044,-0.11604728948294218,-0.1367473961270217
-0.0941949616648412,-0.057517113567020495,-0.10174009985633403,-0.10797880230098544,-0.11916402072528254
-0.06790799561883898,-0.0383154998378773,-0.07395665801720985,-0.08342261818579622,-0.09400778998539405
-0.06498722161372772,-0.039572131498559315,-0.07148957324779404,-0.08999398455388674,-0.10300784887356029
-0.08835341365461846,-0.05604707511249574,-0.09608093728692979,-0.09521305571528027,-0.10571711863739475
-0.0850675428988682,-0.05858241235292061,-0.09123234570380678,-0.1045512814287517,-0.11294156109846376
-0.07703541438481198,-0.04949457972904803,-0.08324418070989237,-0.08497557802626432,-0.08642500381238771
-0.06133625410733845,-0.031113722753406958,-0.0681707489962603,-0.08192206475549524,-0.10297672210885522
-0.08251186564439572,-0.050920910075839654,-0.08870009477946139,-0.10118195765967863,-0.11701465290489654
-0.08543263964950709,-0.05681622472310477,-0.09053300337718517,-0.08931481834928479,-0.10372720389842671
-0.07411464037970072,-0.04223854202714117,-0.07929173494516994,-0.10037474552662595,-0.12570078513899186
-0.07265425337714493,-0.04473959005526151,-0.08009429286142355,-0.09221146412797254,-0.10472356253947201
-0.07813070463672867,-0.043123374230275235,-0.08563204705988181,-0.10453485560779041,-0.11598290825471791
-0.08032128514056225,-0.04303027976144769,-0.09082908670963186,-0.11231198741034398,-0.11593461394563576
-0.0668127053669223,-0.03764769626864939,-0.07120882874717704,-0.0787185758861908,-0.1040833928408742
-0.05914567360350487,-0.0345854818499961,-0.06500553126672093,-0.07902326584530783,-0.08598635294329537
-0.0847024461482293,-0.051954261424017045,-0.09101106983528184,-0.09574724852952088,-0.11305103158767482
-0.0657174151150055,-0.03545967008113937,-0.07358330378387312,-0.06783129197006132,-0.06942121135002266
-0.056955093099671505,-0.024233527150739453,-0.06354607307512383,-0.08136321694464421,-0.10312990703258429
-0.08178167214311793,-0.054718759805051254,-0.08562232359126876,-0.09232711356731693,-0.11325299448644277
-0.07009857612267245,-0.03864763865320242,-0.07532110533470082,-0.08126840545181657,-0.10634860969019433
-0.0752099306316174,-0.0432949862323424,-0.08106608825523476,-0.09016854474794955,-0.10105835828927379
-0.08725812340270167,-0.055027752719602585,-0.09326265218513397,-0.0962782599378551,-0.11006407888198322
-0.0752099306316173,-0.04607866087826373,-0.08138634908647058,-0.09221711057304283,-0.11455280888960484
-0.07374954362906172,-0.044181268486278014,-0.07827430313204431,-0.08919036334066854,-0.1081839525061945
-0.08871851040525736,-0.058610492009451565,-0.09582825982795562,-0.10381256339840161,-0.11625491955479683
-0.07849580138736767,-0.05016875044473579,-0.08308688694780242,-0.09905694207312177,-0.11604795682674562
-0.0945600584154801,-0.06448027106914378,-0.09935966591226886,-0.10109943688685774,-0.10899179463643072
-0.07301935012778393,-0.04271486161759763,-0.0791841785291636,-0.08555093588657647,-0.09248497891563312
-0.07740051113545088,-0.04255221670592113,-0.08423059487298701,-0.08923712662576166,-0.10210810261400405
-0.08871851040525736,-0.05939253908214237,-0.09437849455443204,-0.10121496732342017,-0.1083371163903517
-0.0558598028477546,-0.025096062682124942,-0.06363452179948526,-0.07642436627256355,-0.09309423558353158
-0.06681270536692219,-0.036951378078020736,-0.07273571530104239,-0.08015052785071042,-0.09354472361528143
-0.05439941584519903,-0.022733469191404954,-0.061090237273181636,-0.06515338182444208,-0.08249585046420249
-0.0755750273822563,-0.045430885881006966,-0.08262837969308423,-0.10322339614585507,-0.11995502030838978
-0.07082876962395035,-0.03767653708780705,-0.07898402769273005,-0.09938912431279845,-0.11236120315804687
-0.09309967141292441,-0.05869846651942012,-0.10002716230697073,-0.11004352417145957,-0.12416393511120682
-0.06206644760861635,-0.036548308715253164,-0.06853950936840913,-0.08276752059684789,-0.09036802014888767
-0.09492515516611899,-0.061041646155360785,-0.10344309366342241,-0.10684775315684214,-0.11424711080931527
-0.06425702811244982,-0.029890568494993053,-0.07117103018052318,-0.08420669421443172,-0.09146965413692676
-0.07447973713033951,-0.04742269067807159,-0.08036318491035754,-0.09789737488155736,-0.1024566140212646
-0.06936838262139466,-0.04410088072388718,-0.07537898912385177,-0.08559739859550108,-0.09585934354922498
-0.07119386637458935,-0.04053166817635756,-0.07943081328780977,-0.08925235209247662,-0.09434677685527426
-0.07046367287331146,-0.03964763047512121,-0.07757815473056628,-0.09298383142877154,-0.1119076729552394
-0.08762322015334068,-0.05325380926364354,-0.09622093914875907,-0.11121753269599477,-0.12013173746633177
-0.09309967141292452,-0.05954469904564952,-0.09708339564447432,-0.09480775576764722,-0.11119519300797298
-0.08616283315078499,-0.0538922890248944,-0.09480692405478142,-0.11284657142085508,-0.12425745464835614
-0.09090909090909094,-0.0555685318362803,-0.09761825035854699,-0.10638562039511446,-0.10820961416124486
-0.07922599488864546,-0.047372067264970674,-0.08847260803670753,-0.09941761612525712,-0.11096793586821108
-0.07228915662650603,-0.04258257371283036,-0.0774634649502679,-0.09050106398374813,-0.09772998081080786
-0.07374954362906172,-0.036094806960772496,-0.08269427026914322,-0.0950219302495332,-0.10917936591041666
-0.09894121942314704,-0.06564728862866509,-0.10521375631089747,-0.10535279974949374,-0.1224492941559584
-0.08543263964950709,-0.05225561674348955,-0.09311107609400304,-0.10841814379337966,-0.11839405139812176
-0.08105147864184004,-0.04688892648165188,-0.08981613790456,-0.10847540699500657,-0.11776354485486273
-0.09382986491420231,-0.059999911284402296,-0.10120197310607826,-0.12304723931473716,-0.12166981771313501
-0.07301935012778382,-0.04208437307873136,-0.07908737424575163,-0.09097635204163923,-0.09900500354446051
-0.08543263964950709,-0.052223097797344575,-0.09364023247482356,-0.10944415222138626,-0.11811017110094091
-0.08652792990142388,-0.0514199899084804,-0.09523292371782377,-0.10844733818294916,-0.11014248274547234
-0.06425702811244982,-0.03606512608872969,-0.07036957434002855,-0.07617462904748962,-0.09626505051096801
-0.05878057685286597,-0.03151989263444066,-0.06633811571791992,-0.08634623298864519,-0.09537019646242817
-0.07995618838992335,-0.04999128178302925,-0.08545951330228974,-0.1045641650387481,-0.12785052721366452
-0.0857977364001461,-0.05677376871924167,-0.09017602630973665,-0.10199146051127883,-0.12113654751935965
-0.07703541438481198,-0.047292715137238095,-0.0826235864500886,-0.08880990799655986,-0.09410701052459303
-0.06827309236947798,-0.039422834660929884,-0.07573570875401148,-0.0781646875107993,-0.08136180566454387
-0.09017889740781304,-0.058855814991849664,-0.09624162808982317,-0.1088268371252199,-0.11955598477133778
-0.07740051113545088,-0.0455153937297228,-0.08458969242910075,-0.10628354667505935,-0.12191510621889057
-0.05111354508944865,-0.024287880565003972,-0.059317258642530124,-0.07130351440473937,-0.07671783773805374
-0.07155896312522825,-0.039672765657987386,-0.07815845298938207,-0.09340819341840179,-0.11861789204762141
-0.07703541438481198,-0.04544128600426656,-0.08362657141827246,-0.10133590355217881,-0.10891703353759563
-0.0759401241328953,-0.04621727080949167,-0.08355375754274796,-0.09797216807450737,-0.10925456796448174
-0.07338444687842283,-0.03859930356787078,-0.07984697776393579,-0.10089034114755091,-0.12758843282588228
-0.1036874771814531,-0.06481218579053583,-0.11330262812988323,-0.12677313937462298,-0.1343930510898611
-0.05622489959839361,-0.02328191002145319,-0.0659259311726843,-0.0804666767761012,-0.09026928641188703
-0.08725812340270167,-0.05529545065616215,-0.09556118724148555,-0.11785872214672444,-0.12373632346279195
-0.06754289886819997,-0.03945979147391088,-0.0736308491337263,-0.0859395615698868,-0.08768835100856531
-0.0657174151150055,-0.03340898552846727,-0.07218354057064724,-0.08508612469988963,-0.10388396369578656
-0.07265425337714493,-0.0465367246312034,-0.07795566456121528,-0.08968011385796193,-0.09461649398653071
-0.08105147864184015,-0.052560488607000244,-0.08625467373636786,-0.1059472006042309,-0.12462103248461065
-0.04782767433369839,-0.015344173285434692,-0.054270798155135025,-0.06452849565233254,-0.0871639906531767
-0.0934647681635633,-0.059776518802353906,-0.10163356774463572,-0.10240759999784466,-0.11373878883594424
-0.08141657539247904,-0.05186763329274113,-0.08873003239602784,-0.09787150283655821,-0.11012218791691786
-0.11610076670317637,-0.08535031847133767,-0.12262268304431123,-0.1297469923009369,-0.13008978669833293
-0.07192405987586714,-0.04367079534669149,-0.0773036107812396,-0.1021424228295923,-0.12634348092505943
-0.08908360715589636,-0.05671967156891122,-0.09667361239968986,-0.11452231595257056,-0.13329847990573018
-0.08725812340270178,-0.06162261373051947,-0.09275447808576887,-0.09502186598379625,-0.10501790274295231
-0.0558598028477546,-0.029945783732876485,-0.06253740068627855,-0.06638201101322538,-0.08327015698214513
-0.07959109163928435,-0.044337291440329385,-0.08799510751267758,-0.10475478642376645,-0.11309883855001679
-0.07813070463672878,-0.050084876681815715,-0.08370072842134779,-0.09123444708513917,-0.09595529593942265
-0.08944870390653514,-0.05351426512388813,-0.09565029816906234,-0.09467422066006492,-0.1024973403117364
-0.0759401241328953,-0.04423726882948964,-0.08381468271923564,-0.0962803448532561,-0.10961731532125296
-0.08689302665206278,-0.055533177618340424,-0.09376452551010239,-0.09731927468099388,-0.10917973006502968
-0.0847024461482293,-0.05024381554630264,-0.0904631040663274,-0.1006690720866037,-0.12313724155320149
-0.0850675428988682,-0.05507295461424966,-0.0932699805910786,-0.10906762850391316,-0.11934748896819236
-0.06352683461117192,-0.03628439930162808,-0.06964769005323124,-0.09892594792925691,-0.11436472489502925
-0.07849580138736767,-0.04755492517089477,-0.08629847377966948,-0.09910538411030878,-0.10965349419739467
-0.07776560788608977,-0.04503111173446506,-0.0847553248130315,-0.09745789110173275,-0.11316677541564868
-0.05184373859072655,-0.026556344091110518,-0.05639878085693106,-0.07563183866123147,-0.09799075647542488
-0.08251186564439572,-0.05212435556387329,-0.08889514233316476,-0.0932139490029491,-0.1088522482296963
-0.07228915662650603,-0.03900576324541305,-0.08067703967509288,-0.0914118936700894,-0.10761140609325115
-0.07265425337714493,-0.041026130224592006,-0.08014550883977845,-0.09308280209531838,-0.1144705057162333
-0.06681270536692219,-0.030089768433515407,-0.07325397990262006,-0.07495051489161497,-0.09238219125320146
-0.06863818912011688,-0.04081561097833597,-0.07423739429798526,-0.08573624970990934,-0.10774466250058223
-0.07813070463672878,-0.04611305386951203,-0.0872172299809596,-0.10214961358246533,-0.12216214281160198
-0.08944870390653525,-0.055989313714742805,-0.09608554196882801,-0.10298464528377071,-0.11498342192340116
-0.07995618838992335,-0.0483904415626939,-0.08592030802706174,-0.10516062379295166,-0.11745927030447012
-0.07046367287331146,-0.04505263659838343,-0.074272826699736,-0.08244032692535941,-0.09696137247380743
-0.06717780211756108,-0.03824371180458197,-0.07342576446785976,-0.08288033422538754,-0.09668190488874817
-0.07667031763417298,-0.04831117960392406,-0.08231664226035218,-0.08355447941888616,-0.08632287143700679
-0.06936838262139466,-0.04148447192280491,-0.07557595722925514,-0.07716748248433736,-0.08320986558020538
-0.05111354508944865,-0.028908804252249176,-0.056250520308160246,-0.07376792790076658,-0.09017175051071114
-0.0847024461482293,-0.05411347586671045,-0.09190884187750092,-0.10854701270771605,-0.12212041318296996
-0.05184373859072644,-0.02372902889797357,-0.05756853034289677,-0.0747275835245782,-0.09253521767197193
-0.07301935012778382,-0.044122428577668016,-0.07950808465543568,-0.09381786386871105,-0.09557617887526448
-0.07959109163928446,-0.051712133658197046,-0.08539748616309695,-0.10427231428657668,-0.1268476183813797
-0.0660825118656444,-0.034970688748231726,-0.07155287020891166,-0.0866432229935431,-0.1025279596973877
-0.0565899963490325,-0.02786751275826127,-0.0632192688622163,-0.07011129727787746,-0.07824325017001488
-0.07155896312522814,-0.04556168358905488,-0.07690683424539302,-0.09236268558472904,-0.10585816738137854
-0.058050383351588186,-0.027564898616092237,-0.06511407337186426,-0.07775727755070838,-0.09182146849325534
-0.07813070463672878,-0.045954817985894625,-0.08687569320217714,-0.10011143488355001,-0.0998868354149921
-0.06863818912011677,-0.04273877372408985,-0.07529909881991037,-0.092312476447869,-0.10264032866219863
-0.09090909090909094,-0.06397482780904673,-0.09608374919534257,-0.09890599327756366,-0.1041677093641632
-0.08908360715589625,-0.055451958408917035,-0.09413822109236414,-0.1004533314779037,-0.11688239852893767
-0.08032128514056225,-0.04821162125327516,-0.08810879933313664,-0.09834841226647428,-0.10806366421391567
-0.0839722526469514,-0.05888302861296657,-0.09002340948371779,-0.10289475388251534,-0.1133331953741814
-0.06973347937203356,-0.04333228847901538,-0.07485524027796897,-0.08125220339128791,-0.09583370876754171
-0.08762322015334068,-0.05506903248704331,-0.0950354039946757,-0.09406729433254635,-0.09518833684622552
-0.08725812340270178,-0.05581035732068185,-0.09354147553008763,-0.10358542604151555,-0.10801697003245037
-0.07082876962395035,-0.038738743445012935,-0.078808458566761,-0.09046129325802166,-0.10752518465527194
-0.08068638189120114,-0.047188771044980204,-0.08813731661702995,-0.1021082637922418,-0.11416061903216534
-0.0850675428988682,-0.05461135333756584,-0.0921694347524944,-0.11029988831537318,-0.1289363133553244
-0.09346476816356342,-0.062349124344603934,-0.10154135594572189,-0.119235982847823,-0.13605211929900085
-0.10770354143848115,-0.07181331253149303,-0.11675404171967252,-0.12107730360865387,-0.12476184107833255
-0.09711573566995257,-0.06452681009104011,-0.10300989151485807,-0.11911418615927294,-0.13511112332197628
-0.07594012413289519,-0.046625620167530135,-0.08305362283435558,-0.10081955951921184,-0.10893155465338689
-0.06681270536692219,-0.03818243191170534,-0.07117043052338068,-0.08356738119420526,-0.09683928567392164
-0.05001825483753197,-0.01925967540817808,-0.058060521473965565,-0.0760532728959108,-0.0899255128827342
-0.06352683461117192,-0.033229766436716046,-0.06935084893526233,-0.08322562380203347,-0.10294533127977934
-0.07630522088353409,-0.049491002570694054,-0.08174667263682422,-0.09988194511521076,-0.11542531836106129
-0.07082876962395035,-0.04193601260900026,-0.07611551491728186,-0.08903607406470482,-0.10974325695620613
-0.06973347937203356,-0.03947604394983073,-0.07658169950980187,-0.09597015214819649,-0.11528233137444988
-0.06352683461117192,-0.03134581321536789,-0.0702218442871212,-0.08873864999235626,-0.10255024514732203
-0.07374954362906172,-0.046067020027377614,-0.07834389799730013,-0.08258324675741957,-0.10513270652590556
-0.0839722526469514,-0.05407246338843619,-0.08976213076126227,-0.09866509135651624,-0.11088056121083889
-0.06133625410733845,-0.03393127047236599,-0.06739933005851995,-0.07710904308034372,-0.0868275858442602
-0.08214676889375683,-0.05243684673639304,-0.08811744356868212,-0.10892135318299168,-0.12419976796680865
-0.08433734939759041,-0.05029128011605577,-0.09154353021944028,-0.09582139369157627,-0.10793892562882501
-0.05951077035414387,-0.030696917051288852,-0.06615323311039445,-0.07655636688210432,-0.09084750889523874
-0.0857977364001461,-0.0534923185202969,-0.09177075785195299,-0.10445374345810987,-0.11218623627510083
-0.0847024461482293,-0.053627480216113854,-0.09069672052904354,-0.09824024401376874,-0.09559071195681268
-0.0657174151150054,-0.03578658183921335,-0.07358829708748338,-0.0846812687908215,-0.09078786643860381
-0.07703541438481198,-0.045795709116360106,-0.08358948671315658,-0.08905183297295616,-0.0977762757281545
-0.0664476086162833,-0.04059348068874091,-0.07266299410619326,-0.10039841801745641,-0.11287767361431289
-0.0857977364001461,-0.055397502538596766,-0.09244279475342809,-0.0998609871368632,-0.11391664058590123
-0.0668127053669223,-0.04073016704060406,-0.07147982882742476,-0.08806246370292925,-0.1026048978577373
-0.07265425337714493,-0.04708431946025837,-0.07787128639901164,-0.10432332241311126,-0.1208991529524982
-0.07155896312522814,-0.04166389530546388,-0.07766539009413054,-0.08740864251231062,-0.09259457827840512
-0.06827309236947787,-0.04038155802861676,-0.07462745831029083,-0.08363634894034333,-0.10692082316845564
-0.07630522088353409,-0.042288802032074524,-0.08585420247416842,-0.09815793685467211,-0.11078561850079416
-0.07155896312522814,-0.04164862118240198,-0.07759177756306346,-0.09943004263270372,-0.11707197673973946
-0.0763052208835342,-0.04550460263227163,-0.08221781756467228,-0.11089857020757554,-0.12467812376026155
-0.07703541438481198,-0.04798664068154379,-0.08418441411102995,-0.09031021976598574,-0.09592046183525316
-0.09127418765972983,-0.06415100517030681,-0.09697392987182174,-0.09787739783601468,-0.09816991914788731
-0.07374954362906172,-0.039598224317613284,-0.08093213966313662,-0.08591241502990721,-0.09952877516243763
-0.0565899963490325,-0.028695360698979266,-0.06284975422900096,-0.08230641922909698,-0.0906178030513266
-0.09236947791164651,-0.057865742204878834,-0.09967005877270885,-0.12032261495259233,-0.13345441358364862
-0.0653523183643665,-0.04290065730703485,-0.0687256674226322,-0.08449930357129498,-0.1069639073094788
-0.07959109163928446,-0.04948737792502744,-0.08662144657671744,-0.09370513409133874,-0.09853624481513856
-0.06389193136181082,-0.0285036776110692,-0.07325805420247478,-0.10023275376461172,-0.11578657684032811
-0.08689302665206278,-0.055150864669533006,-0.09293040515216344,-0.10228970382387814,-0.11608672764610195
-0.07411464037970061,-0.04184582489452826,-0.07870549355372425,-0.0908517738157627,-0.10568925443238442
-0.07959109163928446,-0.05405555864833267,-0.08505370254243894,-0.09265874446653233,-0.10368577942104973
-0.0839722526469514,-0.0514951160083692,-0.09136524458005968,-0.10194469169180698,-0.11599503296061464
-0.07338444687842272,-0.047040680528807055,-0.07853921735613933,-0.08731172857749281,-0.10522900800658674
-0.07447973713033951,-0.042768072049306105,-0.08009637178011686,-0.0967877279074576,-0.10754154300781715
-0.07849580138736767,-0.04734181958795014,-0.0862038761969105,-0.08501375677842848,-0.08047004513209677
-0.0847024461482293,-0.05090100590526714,-0.09377099006418743,-0.10844815945121122,-0.11397846335044026
-0.08214676889375683,-0.048052107656384346,-0.0874652549943622,-0.09626663815683967,-0.12250261567335674
-0.07155896312522814,-0.04202728240701792,-0.0773051763688799,-0.08372829074009769,-0.08763757876909584
-0.06133625410733845,-0.0341574610843578,-0.06531887875699849,-0.09072001197969848,-0.11487964957772756
-0.0755750273822563,-0.049342805102798315,-0.08075348034757801,-0.09966664878781395,-0.12106868483632316
-0.09821102592186925,-0.06883244416624079,-0.10318597717814937,-0.12345015399265646,-0.1373022501801665
-0.04892296458561518,-0.015026120543144783,-0.05494554331692392,-0.05495290441567402,-0.06734164947575749
-0.08981380065717415,-0.06649152863069263,-0.09312018437433334,-0.10213182667352472,-0.11740756947894249
-0.07922599488864546,-0.04966041061151116,-0.08468457763649839,-0.10149438296445357,-0.12335124784933338
-0.07155896312522825,-0.038582350454489434,-0.07865990906620635,-0.1053408023960587,-0.12254476823835059
-0.06900328587075566,-0.03727386505859598,-0.074613363505729,-0.08606079021491686,-0.0937671979830319
-0.07447973713033962,-0.04314887387693733,-0.08155446327862959,-0.09813889242191354,-0.12140316463128387
-0.08871851040525736,-0.05920404728345774,-0.09494096680989261,-0.10411603683606441,-0.12231823618071225
-0.09127418765972983,-0.05860239424353608,-0.09817471007073908,-0.10746381490449286,-0.11846452368373317
-0.07228915662650603,-0.04313170130624222,-0.07867743393816395,-0.0920360885751792,-0.09951334531871969
-0.09127418765972983,-0.06005386687187375,-0.09695734115603327,-0.10427649279569184,-0.10945501296233329
-0.06097115735669956,-0.028098746217368964,-0.06988217677738096,-0.0841373139757311,-0.0897993947088882
-0.06827309236947798,-0.04032433215087239,-0.07522010981135119,-0.08908577045691468,-0.09796308729970127
-0.09273457466228552,-0.06367816802491899,-0.09887912118531905,-0.10992766442498925,-0.11384303343344349
-0.08178167214311793,-0.05364622887443771,-0.08752548206990296,-0.09538084701380778,-0.11167133933918327
-0.07374954362906172,-0.03861759596392289,-0.08388452711603878,-0.09356610063785165,-0.09256761390086476
-0.061701350857977344,-0.035993014851511074,-0.06784644451882271,-0.07742269430889936,-0.096749390573445
-0.09163928441036873,-0.06176175769848191,-0.09797423228510771,-0.11673755631838656,-0.13018706167126748
-0.08032128514056225,-0.05576499880094232,-0.0855604781534336,-0.10176626251273091,-0.11685537034330351
-0.06754289886820009,-0.04170344228839451,-0.07255786197854919,-0.07058729931762886,-0.07729867364959675
-0.06316173786053303,-0.03712143520005706,-0.06859790672094934,-0.08499747762059129,-0.10598753614576872
-0.09857612267250826,-0.06357749991420036,-0.1065886261705602,-0.1087321530984936,-0.11308490379478475
-0.08981380065717415,-0.05705498926519792,-0.09826433673786206,-0.11732838509686383,-0.11525662194818198
-0.07740051113545088,-0.0489878938345929,-0.08468330904927612,-0.09892897772740827,-0.1067209443754581
-0.09200438116100773,-0.05722382481700239,-0.09984388113181941,-0.1046649641446713,-0.11886636169090858
-0.06206644760861624,-0.033968813667808684,-0.06717332389989028,-0.0738230197514248,-0.09105230879869042
-0.07667031763417298,-0.04462085932060933,-0.0830758072755865,-0.10584368073339223,-0.12226359342295401
-0.09602044541803578,-0.06681510510254085,-0.10118144467878809,-0.10139976750969437,-0.11767002671310056
-0.08762322015334056,-0.05737427245473248,-0.09449887866747808,-0.09755747358666422,-0.10427361305896332
-0.07484483388097851,-0.04231441619752474,-0.08241249423362551,-0.10324281318700257,-0.11893826469861035
-0.07009857612267256,-0.0353950167328303,-0.07909274900054797,-0.09956750018886462,-0.12388064848805114
-0.06681270536692219,-0.03579271734763101,-0.07296073849306706,-0.0825112165396048,-0.09221785781433656
-0.0847024461482292,-0.049762138488257945,-0.09087265220734142,-0.10459584853035842,-0.12103993732470875
-0.08105147864184004,-0.049152437570115004,-0.08824367515223253,-0.10176497016285746,-0.11472968986089338
-0.08032128514056225,-0.04420726739449243,-0.09018508576446338,-0.10078853358891693,-0.10598292949653021
-0.0847024461482292,-0.05460756418304702,-0.09043854002371621,-0.0974459193733408,-0.10054851196474723
-0.06827309236947798,-0.0361291656523145,-0.07540869472593859,-0.08877548496177512,-0.11046738008530621
-0.0850675428988682,-0.04837969685304366,-0.092643306556774,-0.11349012188098984,-0.14469110684432196
-0.08141657539247904,-0.050884356561511135,-0.0866711297979802,-0.08230479445820471,-0.09245005964927944
-0.07265425337714504,-0.041746957125861406,-0.08079321655822569,-0.09735591597795401,-0.10562813159695528
-0.08871851040525736,-0.06103303222626,-0.09515416309132085,-0.10306730601964953,-0.10549973660326561
-0.07922599488864546,-0.04886016799453774,-0.08646580493348321,-0.09987536517894846,-0.10926327585136064
-0.0759401241328953,-0.04358018738007374,-0.08187972009876876,-0.09876326111338674,-0.11882377836602498
-0.08032128514056225,-0.04836519408475293,-0.08916323730065434,-0.0994484902087932,-0.10774697478017692
-0.06900328587075577,-0.03792590913554972,-0.07763322297805586,-0.09328273962243772,-0.09548678268932986
-0.06936838262139466,-0.03749520209420565,-0.0769951533946337,-0.084602907314554,-0.09563814889806788
-0.08068638189120114,-0.04611199632232643,-0.08889930096673382,-0.08875475157037716,-0.09100545105956215
-0.05841548010222708,-0.028800275437283807,-0.06433400015250434,-0.09105644104815247,-0.10733269646152399
-0.07009857612267256,-0.04614959002993946,-0.07490392431214055,-0.08548161470823334,-0.10147539476732326
-0.08360715589631251,-0.04651875592211552,-0.0922699262570067,-0.10449402535585939,-0.11360526585346664
-0.07886089813800656,-0.04816394843034866,-0.08333194482530792,-0.09134152930917339,-0.11119019158043808
-0.07046367287331146,-0.03878728610784765,-0.07671474473673834,-0.08804082859934903,-0.10100678424250886
-0.06389193136181093,-0.03235838037450656,-0.07225636882257147,-0.0836302558253923,-0.09375280180513079
-0.04892296458561518,-0.01848013167545559,-0.05537665948018988,-0.07895013997775391,-0.09482984377167214
-0.07886089813800656,-0.047256355639609615,-0.08679702707055159,-0.09937056051761739,-0.10742483379931245
-0.07667031763417309,-0.04562118023389117,-0.08216261675786463,-0.08392205314022616,-0.09255621895906663
-0.06024096385542177,-0.03337247181238834,-0.06650146383492372,-0.08864873312984967,-0.09981380225094605
-0.0839722526469514,-0.04849736516861558,-0.09401239818105256,-0.11507989729190693,-0.12037360851389645
-0.08616283315078499,-0.05906548967047187,-0.0910952881092113,-0.10987109165729936,-0.12896159173869748
-0.07959109163928446,-0.047351517995757986,-0.08653615892379862,-0.08876596571995721,-0.09329487561590599
-0.07813070463672867,-0.052274912717759636,-0.08339245842063747,-0.0966940325808604,-0.11112260839808363
-0.07849580138736767,-0.05107683193083701,-0.08469653697950086,-0.07932607733733377,-0.07716899659607279
-0.08360715589631251,-0.05331661517770314,-0.09092722055938507,-0.10181808881254817,-0.1114636114100207
-0.07411464037970061,-0.040990368282854295,-0.08423684619262284,-0.0927694140159726,-0.09584172520976542
-0.0759401241328953,-0.0484414278531925,-0.08022948707926214,-0.09042219471876523,-0.10381912266152893
-0.08032128514056225,-0.05333766732661571,-0.08667737030195599,-0.09448994321853688,-0.09868425126329194
-0.07411464037970061,-0.04353972221488678,-0.07948502062627849,-0.10110628951033973,-0.11459070711946595
-0.08141657539247904,-0.05106304989243238,-0.08956606183789595,-0.10491358879738544,-0.10852269551826255
-0.07009857612267245,-0.040737868781869246,-0.07666419743572261,-0.09421813332759799,-0.11524313978876255
-0.09054399415845205,-0.05900032101685593,-0.0969887914021238,-0.10344090778289827,-0.12228437260171043
-0.0847024461482293,-0.055115602492418425,-0.0903742802215205,-0.09893840332938719,-0.10626094154803256
-0.09090909090909094,-0.056293757463513394,-0.09717175352619001,-0.09693787812000954,-0.1045508072001462
-0.06352683461117192,-0.03520437286715816,-0.06992608386473975,-0.08756004665743866,-0.0962472372695733
-0.07411464037970072,-0.04517220325903204,-0.07858293284543649,-0.08612991128552538,-0.09629801143068273
-0.061701350857977344,-0.03211402344614023,-0.06874104433789852,-0.08318062622161182,-0.08623966292983343
-0.06498722161372761,-0.037239005331963004,-0.0701125005538753,-0.07750330017064311,-0.09393500879448369
-0.08251186564439572,-0.0486546891671763,-0.08858519050468161,-0.09904097515156307,-0.11948444254242452
-0.0664476086162833,-0.03525705649823074,-0.07175574875757185,-0.08508390631150042,-0.10524939283576251
-0.07667031763417309,-0.045039904770110106,-0.08401543123019573,-0.09229343734233697,-0.09617168960237121
-0.07301935012778393,-0.04322566576131881,-0.07926138848610775,-0.08663435297863564,-0.09112964068721296
-0.07484483388097851,-0.041363535096682114,-0.08412608901392682,-0.10412773299544398,-0.1171468614313429
-0.08141657539247893,-0.049545391927262705,-0.08708817835737426,-0.10257295771447927,-0.11871669935766893
-0.06498722161372761,-0.03912452788230669,-0.07233874308509392,-0.07973430116579816,-0.08907647475085934
-0.1036874771814531,-0.0728602911954912,-0.10952193986349434,-0.11068179986568161,-0.11258256453802673
-0.06900328587075577,-0.04041472618425157,-0.07472762483348927,-0.08609280224819138,-0.1048879057941915
-0.08068638189120114,-0.04812618296529969,-0.08831604318282782,-0.09487401832813447,-0.10494263953576477
-0.06133625410733845,-0.03159130400729393,-0.0698127245467729,-0.0743910367709183,-0.07732379793107846
-0.0755750273822563,-0.045636393433140854,-0.08175986731364415,-0.09029860053174854,-0.09206478192813605
-0.08141657539247904,-0.052688718347622565,-0.08629381527753621,-0.10381388425036664,-0.11592469758672574
-0.0934647681635633,-0.06505472379459021,-0.09898436667202981,-0.10672145483539441,-0.12739272303460225
-0.0470974808324206,-0.016067084038470125,-0.05254648110461202,-0.0760010602296094,-0.09714614604840166
-0.08214676889375694,-0.05238579853760472,-0.08777093229293886,-0.08313003341329672,-0.08516271919640739
-0.0664476086162833,-0.03501404502288297,-0.07202108755540848,-0.06694308544200411,-0.07850023236308734
-0.06097115735669956,-0.03208401905528324,-0.06680620800259751,-0.07551747450515056,-0.09091609660316213
-0.07995618838992335,-0.047978027983619054,-0.0864003045044257,-0.10001263420482465,-0.12336728719921419
-0.0660825118656444,-0.035306570721703845,-0.07186879963443937,-0.08822888204174173,-0.09522703718774561
-0.08652792990142388,-0.0610008042241128,-0.09135094697627077,-0.09609411499363651,-0.11706408835005944
-0.09529025191675788,-0.06636907608012554,-0.10194452428142764,-0.11227566384089405,-0.12150787235021265
-0.0657174151150055,-0.03556070682659107,-0.0731287862318033,-0.08980064377358321,-0.0991943926290183
-0.06462212486308871,-0.03538556865548381,-0.07272717866549028,-0.08914946182498373,-0.09686152262245407
-0.0850675428988682,-0.05223668407733961,-0.09029687442439827,-0.10370448815250533,-0.13077050793192901
-0.06243154435925524,-0.03130024948391297,-0.06922175161500865,-0.074801164854849,-0.09070524794011903
-0.0763052208835342,-0.04690066671233939,-0.08271401884991414,-0.09378397122627058,-0.1012154372682953
-0.08360715589631251,-0.05548288391661893,-0.09007524674847112,-0.10409278752772821,-0.11910839591463462
-0.06389193136181093,-0.038459449614820285,-0.06769478384360106,-0.07868146279733723,-0.09429816386991241
-0.06973347937203356,-0.03899830337028842,-0.07618894829177836,-0.08488151827003443,-0.09352315612732598
-0.05841548010222708,-0.03213291579679889,-0.06397572256462059,-0.0752335216572505,-0.08021977925386492
-0.07667031763417298,-0.044552221281771276,-0.0822085066522723,-0.09168497253850139,-0.09690543397784235
-0.06498722161372761,-0.035423052585303316,-0.07190016701536162,-0.09372388726739123,-0.11139954487178294
-0.07484483388097851,-0.041319281748019354,-0.08184327348621379,-0.09696959913909053,-0.10992305184111639
-0.09200438116100773,-0.057591541299231275,-0.0990489392036209,-0.1092500233482081,-0.11698259223022778
-0.05549470609711571,-0.022730320238220858,-0.06204191104126022,-0.08137372087808081,-0.0963865920615603
-0.05366922234392113,-0.025231061671402655,-0.0611955947741637,-0.08009744709806055,-0.09174634417684024
-0.08908360715589636,-0.05879737304974675,-0.09373494175482111,-0.10249969536766435,-0.12203318044294464
-0.07082876962395035,-0.04313398956256098,-0.076945628111451,-0.08760229132569541,-0.09655355114474595
-0.08251186564439583,-0.051996091844289216,-0.08959348505730735,-0.10618860723225054,-0.1130348723155663
-0.06827309236947787,-0.04374834205794109,-0.07343063230312308,-0.08120319866876213,-0.09349057439930275
-0.0847024461482293,-0.0549012334229807,-0.09157558118938414,-0.09817022959663346,-0.11163317146481255
-0.09309967141292441,-0.06637104093341517,-0.09904764585826398,-0.11106343060157275,-0.12270739455811441
-0.05184373859072655,-0.02061702378806407,-0.05765901834028786,-0.09305888622435377,-0.11962675346043794
-0.0763052208835342,-0.04255071217657913,-0.0830148672488985,-0.09632699448149129,-0.10955953769317861
-0.10332238043081421,-0.07009874687050255,-0.11044427085308117,-0.10715254786257966,-0.1237959193491448
-0.08725812340270178,-0.05501398970469529,-0.09557505266707333,-0.10934349808625454,-0.11711362023463501
-0.07374954362906172,-0.04232716814924997,-0.08388964358769979,-0.09709099801321042,-0.10365661692269412
-0.06352683461117203,-0.032220176108599174,-0.07164900612516723,-0.08809120106509671,-0.0981677569645798
-0.09017889740781304,-0.06254192581979223,-0.09553412080463297,-0.1120688913619673,-0.12766117214897055
-0.07374954362906172,-0.042734582921800435,-0.07918367644185886,-0.09013205828779591,-0.1074190902765424
-0.09054399415845205,-0.05831851695645973,-0.09563308071487076,-0.10487686226491222,-0.11696671481533416
-0.07009857612267245,-0.03981468928410514,-0.07571251529493894,-0.08878367929897657,-0.10401561138336035
-0.08689302665206278,-0.056505195173764844,-0.0936363527561378,-0.11034238324083723,-0.12004714518466997
-0.0653523183643665,-0.03339960264839403,-0.0728581328332818,-0.08106249064841609,-0.0926873696055891
-0.06206644760861635,-0.03156263284740757,-0.06894894324648293,-0.0844369099210649,-0.09746296394914811
-0.06717780211756108,-0.03700475959570382,-0.07383113001819375,-0.10125416847904889,-0.12208590026705046
-0.06060606060606055,-0.03217891975567444,-0.06656739810015222,-0.07804473088357022,-0.09792411719282557
-0.08835341365461846,-0.05582098889350551,-0.09345431531944515,-0.09758169123882376,-0.11411227226910203
-0.07155896312522814,-0.04285741667145837,-0.07615148147554951,-0.08852013156669458,-0.09545824135822012
-0.0653523183643665,-0.03391726885321211,-0.07190523081712463,-0.09018785537697549,-0.10019349051954818
-0.08324205914567362,-0.0538783149442289,-0.09054170116639315,-0.10065918951860597,-0.11173617254004276
-0.08032128514056225,-0.04698254308044114,-0.08886794852680469,-0.09738554956528511,-0.10260639585326259
-0.06425702811244982,-0.039946212085727684,-0.0687046046788018,-0.09273340059678414,-0.10637711574638598
-0.0755750273822563,-0.04551924964991538,-0.08200752457107385,-0.09547229705179805,-0.10921300660204991
-0.07959109163928446,-0.04544790899374307,-0.0861645225085288,-0.09126877279553736,-0.11444726882307188
-0.06973347937203356,-0.03744446599610218,-0.07732797564038407,-0.0910191383342791,-0.11040366654145617
-0.0839722526469514,-0.05213015079087502,-0.08967248294924501,-0.10226998354936634,-0.11225801921622369
-0.07667031763417298,-0.0417830769028974,-0.08213548817239502,-0.10226209675258913,-0.11606408275211544
-0.06024096385542166,-0.031977942108315505,-0.06871373268834224,-0.09036547350549884,-0.0987588038916638
-0.08798831690397957,-0.06235322770855767,-0.09436000200794048,-0.11349043763920186,-0.12455164986032474
-0.08543263964950709,-0.05397667455363675,-0.09207636674419062,-0.09581091695538957,-0.10348042391461298
-0.05001825483753186,-0.019924372893049824,-0.056842867150678544,-0.07650689866543359,-0.09080478484841659
-0.09309967141292441,-0.06282630482694607,-0.09913309175149565,-0.1095864045203574,-0.12107750177033061
-0.05549470609711571,-0.026259267359700855,-0.061812646573922825,-0.0785415810421739,-0.09868978114404625
-0.07338444687842283,-0.04427178669276466,-0.07870433026384549,-0.09242546731555645,-0.10589530434494432
-0.08141657539247893,-0.055158525460210495,-0.0867154406731172,-0.08777975639673752,-0.10181626381491227
-0.07776560788608988,-0.04622872600830441,-0.08499476966774244,-0.10338115603339992,-0.11843323989428356
-0.06498722161372761,-0.035631829945060645,-0.07078367559150034,-0.08318789259595594,-0.07915821332445594
-0.0752099306316174,-0.04206690790796275,-0.08136000187594927,-0.09594350906838245,-0.11770306949674858
-0.07886089813800656,-0.04652986210704246,-0.08797205295751742,-0.10373342705953559,-0.11112836078375399
-0.08397225264695152,-0.048332476749016084,-0.08944668472390194,-0.09130367260381089,-0.09703065895846708
-0.05439941584519892,-0.02394269823983186,-0.06252782870091955,-0.07270019732818056,-0.08853185320038381
-0.05914567360350498,-0.030866212221528078,-0.06722196017390902,-0.09321477523345134,-0.09849405108450038
-0.08287696239503473,-0.049641601454653794,-0.09176827219601336,-0.11373981630148611,-0.13108794792703193
-0.07046367287331134,-0.035441326604181644,-0.07666137728424127,-0.08870893407587477,-0.10836961072733087
-0.0660825118656444,-0.03628831287573864,-0.07398567895452135,-0.09270360581870174,-0.09766494966320138
-0.08433734939759041,-0.05266889024762411,-0.0923785478511121,-0.10348589991258272,-0.1105272966334333
-0.07630522088353409,-0.05245754460503527,-0.08172050350981452,-0.09164231506738318,-0.09616795478537732
-0.06863818912011677,-0.03849428497897445,-0.07294417729300784,-0.08933726045719592,-0.11186712478461447
-0.04381161007667034,-0.015094113218867333,-0.049554828362253,-0.06045222287505925,-0.06979264858344658
-0.058050383351588186,-0.027599264505088428,-0.06590702972851681,-0.0834933967105086,-0.09316211615065517
-0.07995618838992324,-0.0431667591511401,-0.0871984546311354,-0.10345146741154154,-0.11080343413269267
-0.0748448338809784,-0.0461097107252495,-0.08190130307125632,-0.09497607422824794,-0.09308059189623519
-0.06754289886820009,-0.03848533583654523,-0.07407195641397146,-0.09144447125535371,-0.09503686516823684
-0.07046367287331146,-0.03884414595780683,-0.07925248540703245,-0.08789281075207545,-0.08829940803472192
-0.09273457466228552,-0.060091241819742014,-0.09971108153521091,-0.10606514788169474,-0.11360301621499802
-0.07301935012778393,-0.04812263027364816,-0.07794990522518364,-0.0767491521165683,-0.0945672631175547
-0.08105147864184015,-0.05385465341169682,-0.08744294348491755,-0.1045968253075511,-0.1169459077103705
-0.0941949616648412,-0.06372985755925864,-0.10060186130689885,-0.10566865190869612,-0.11337997099168118
-0.0752099306316174,-0.04751470173892314,-0.08054827182205782,-0.09889940650589746,-0.11809621211127641
-0.07338444687842272,-0.039653687368202184,-0.07971832040961768,-0.09563196926280093,-0.12183572537876908
-0.08798831690397946,-0.055598129112385375,-0.09636620211180746,-0.11030783481264661,-0.11496971240717113
-0.06316173786053303,-0.03509632247794303,-0.06884459260206244,-0.08195542524509158,-0.08813083776486796
-0.08360715589631251,-0.05881094362069306,-0.08788941422452146,-0.09195229752073208,-0.10271742297330255
-0.06425702811244982,-0.03517998489484875,-0.07219182896706922,-0.08872986099589075,-0.11122736394394017
-0.0843373493975903,-0.05849615761089155,-0.09020684360267528,-0.10037665351539682,-0.10741201972732761
-0.07192405987586714,-0.04748566944243304,-0.07882111526260849,-0.08807937951742406,-0.08454189980265969
-0.08360715589631251,-0.05672845888044231,-0.08933507359017012,-0.10332275140254576,-0.12213915956989052
-0.08141657539247893,-0.05433109148367232,-0.08790105216796085,-0.09703841692431747,-0.11295125159852504
-0.10113179992698063,-0.07105009751128943,-0.10592685899448118,-0.1117480422163023,-0.11388710029618554
-0.07265425337714493,-0.04287500491123941,-0.07769433410836268,-0.09190798189090821,-0.11391426353601719
-0.08251186564439572,-0.05666569935895527,-0.08733656913368426,-0.1074073277484433,-0.11726160806101327
-0.07630522088353409,-0.04062422748333627,-0.08336102883938001,-0.10708614753332757,-0.11868726276634745
-0.0755750273822563,-0.04636082974527356,-0.08387159849441517,-0.09571556205328124,-0.10361185007159857
-0.08543263964950709,-0.056961994139404504,-0.09191911672414776,-0.10500674416072142,-0.11591700279821593
-0.06973347937203356,-0.04038712185670623,-0.07790146324363478,-0.0861131134836518,-0.08694809593125619
-0.08068638189120114,-0.04934344927692058,-0.08715669321243436,-0.10305653326800934,-0.1197489273869271
-0.08616283315078499,-0.05638742196127311,-0.09157215300513133,-0.10944513866170402,-0.12246465296059206
-0.08324205914567362,-0.05083100127633877,-0.08986184396621666,-0.10721588347680489,-0.1152583865378839
-0.05184373859072655,-0.026814093460472033,-0.05680756061515979,-0.0728898041703856,-0.08614166405723833
-0.07959109163928446,-0.047534242766068324,-0.08703815949659832,-0.10010080482572858,-0.1108086743532215
-0.08908360715589636,-0.06169381500689708,-0.09435233062704973,-0.09427601482347514,-0.09551018975305559
-0.08178167214311782,-0.049111990816026685,-0.08786777249480426,-0.10044569394788905,-0.11437223247562156
-0.06717780211756119,-0.03736451859359846,-0.07430976782211363,-0.08758883016265528,-0.09727555940485288
-0.07155896312522814,-0.04224697854379178,-0.07744062973048127,-0.0888663782925101,-0.1030056656950703
-0.09784592917123036,-0.06422417637341526,-0.10409088910783915,-0.10958226566718454,-0.12208636991743915
-0.05732018985031029,-0.02519730830870126,-0.06426811780431274,-0.07336405138069746,-0.09063124283768298
-0.08032128514056225,-0.045031651071522294,-0.08835182616678039,-0.09058926930134736,-0.10479452910850429
-0.07228915662650603,-0.04323983437959622,-0.07765440885497465,-0.08841063934275051,-0.10777966946104045
-0.07265425337714493,-0.03985672071358082,-0.08096026142812607,-0.09686895510916738,-0.09831173179980157
-0.0949251551661191,-0.06255122539172353,-0.10168895839356851,-0.11494492024322189,-0.1405741848191635
-0.07776560788608977,-0.047436756498751675,-0.08309983461463277,-0.09271798826826372,-0.11219201350885966
-0.06352683461117192,-0.03797994522232784,-0.06881268398840701,-0.0727633965463581,-0.08388287509059023
-0.07922599488864557,-0.03976662139688081,-0.08779300283843372,-0.103235345557395,-0.11871088864397039
-0.07630522088353409,-0.04040471262358225,-0.08366814816833812,-0.09825644506938613,-0.11513543896913758
-0.0755750273822563,-0.04598282927996644,-0.07932609822142322,-0.08446099355190273,-0.1147505722384855
-0.0850675428988682,-0.05640280985807755,-0.0902161375082875,-0.0956107167613286,-0.09980462047270755
-0.07849580138736767,-0.0475371815076161,-0.08650380239226918,-0.10156300664502105,-0.11236600037075406
-0.09163928441036884,-0.06181288357101866,-0.09776274885239244,-0.1087456716976627,-0.10585550381033448
-0.08944870390653525,-0.05534745087552162,-0.09673430304013131,-0.10605352541074942,-0.12705307933692156
-0.06352683461117203,-0.03126237361349071,-0.07182218489847458,-0.08295367050060354,-0.08665754372098378
-0.048192771084337394,-0.016580015617025823,-0.05474768943476083,-0.06329432886169539,-0.07585136922641855
-0.0664476086162833,-0.03443804450154231,-0.07312602963587711,-0.08308304542161249,-0.09522975037108061
-0.061701350857977344,-0.03212929047433288,-0.0668826604342665,-0.08729435727315116,-0.10326320297460401
-0.08689302665206278,-0.049782493589011434,-0.0944684716551294,-0.11225930060322453,-0.12346968199051611
-0.07301935012778382,-0.04088855183745688,-0.08078460408574817,-0.08217938160331284,-0.09929054989559405
-0.0752099306316174,-0.04178024887089071,-0.08140031881030674,-0.10125743582931535,-0.12651180778308468
-0.07082876962395035,-0.04102369289213237,-0.07735453158024419,-0.0971393330671313,-0.10860465767779537
-0.07082876962395035,-0.042114412136535995,-0.0778725784230625,-0.09139308806365254,-0.10145896673942734
-0.0752099306316174,-0.04502651877158559,-0.08401571434711064,-0.09151887800553593,-0.1051818226148421
-0.0850675428988682,-0.06021888370786932,-0.08990169183790453,-0.10003070155193128,-0.11050928224926304
-0.08981380065717415,-0.06302000088304127,-0.09549926190691016,-0.10341565778853923,-0.1055915055139729
-0.07228915662650603,-0.041579988432250414,-0.07933692614253629,-0.09184355130085042,-0.10275854889048341
-0.07703541438481198,-0.042758616183297904,-0.08557095906427581,-0.08970457372913576,-0.09155544281608718
-0.0752099306316174,-0.04606274619829431,-0.08205698715045939,-0.09511696048697948,-0.10084298899521349
-0.07886089813800656,-0.05062379276211182,-0.08351895436263468,-0.09427879038230214,-0.11534853231122244
-0.0752099306316174,-0.041496024511156415,-0.08207139060186819,-0.09093622004935598,-0.10155955071567668
-0.06462212486308871,-0.03826245780100379,-0.06849262491779717,-0.08497941021612865,-0.09583186072555716
-0.06462212486308871,-0.03723223393403596,-0.07213119287944736,-0.08888937595247981,-0.09519717183963206
-0.06060606060606055,-0.026730519408885378,-0.06838952630088924,-0.07623079073868944,-0.08633529795863226
-0.07922599488864557,-0.05209470188333154,-0.08442416253586871,-0.08953463602826872,-0.10424211475554579
-0.08908360715589625,-0.05621399578381492,-0.09556248213646668,-0.10888052291730554,-0.11134479077804216
-0.08214676889375694,-0.049579900806009713,-0.08715677179914683,-0.09884547335431926,-0.114297686955386
-0.07740051113545088,-0.04876549841328304,-0.08272434738463164,-0.09517910809292918,-0.11188087228583399
-0.09967141292442505,-0.06805172252832792,-0.10507776031884353,-0.10959520657105637,-0.12618967153287508
-0.07667031763417298,-0.04741695155577219,-0.08324113414301704,-0.09813059468162855,-0.1187792207424736
-0.0850675428988682,-0.05346685984492672,-0.0937157259649245,-0.11014030349599124,-0.11584707974786579
-0.05439941584519903,-0.02541079208260444,-0.06338476207713772,-0.08693011881858648,-0.10790672082420805
-0.06717780211756119,-0.041199945974883634,-0.07260779567323061,-0.08443099838346324,-0.100571673744703
-0.06936838262139466,-0.04178810122645504,-0.07694505060335355,-0.08470639471583064,-0.09156421944899185
-0.07740051113545099,-0.04376702344763306,-0.08458694257032517,-0.09974415008429904,-0.10462071023398378
-0.0470974808324206,-0.014595692807801708,-0.05573961180686482,-0.07442039456127669,-0.08562348264326425
-0.07155896312522814,-0.035791218472390085,-0.08070180436608676,-0.10010902459759319,-0.12585498885255741
-0.0847024461482293,-0.05322485518414666,-0.09166190578013655,-0.10713447415467325,-0.1142659570004364
-0.08287696239503461,-0.056544049047047906,-0.08916785204884692,-0.08920088647381141,-0.08876313594581386
-0.07447973713033951,-0.049351391508086206,-0.07885456173603111,-0.0891414921670991,-0.10371413423162401
-0.08068638189120114,-0.050781114483835044,-0.08729905924965564,-0.10339514977066411,-0.11295397497040782
-0.07922599488864557,-0.048362929562322576,-0.08655351512569331,-0.10825819943408743,-0.1123484585147474
-0.06863818912011688,-0.041254806726467974,-0.07459169845380897,-0.0819575560433512,-0.08927389786680939
-0.10076670317634173,-0.06995089186790027,-0.1073510928858683,-0.11296795825922479,-0.119650306472455
-0.07301935012778382,-0.045720860691543574,-0.07838559939353806,-0.07912127985701067,-0.08900418111996256
-0.07776560788608977,-0.05071427941163498,-0.08204864177388116,-0.10281393292951124,-0.12138172767347111
-0.05951077035414387,-0.032495101804879245,-0.064170071190634,-0.08034712856204751,-0.0959912583712994
-0.04417670682730923,-0.014467108371975623,-0.049939962674305116,-0.07285375225190915,-0.0854704177165233
-0.06462212486308871,-0.03772922146945523,-0.0710199823935781,-0.08133411383207656,-0.0960687944123596
-0.06863818912011677,-0.035956292575221815,-0.07555385463705355,-0.08179879113498989,-0.09667553828696307
-0.07703541438481198,-0.04161149287607724,-0.08432681813317666,-0.09061797111316028,-0.10373089974523608
-0.06973347937203356,-0.03537397125790098,-0.07933816085183754,-0.10778340234569783,-0.12277917792564386
-0.08908360715589625,-0.05983176115919475,-0.09604963822815105,-0.10310991218690246,-0.11100996325929358
-0.056955093099671394,-0.028489313019699813,-0.06397220755420974,-0.07199879715420088,-0.08539241212395055
-0.06498722161372761,-0.031381904776836556,-0.0734904299772483,-0.10055913514679327,-0.10836348449119215
-0.047462577583059495,-0.02467453102254935,-0.05348663068470838,-0.07708361700610133,-0.09391052230265051
-0.07849580138736767,-0.04919764488570766,-0.0862246501721059,-0.09607572833379285,-0.11358030946807873
-0.07594012413289519,-0.04673459113287182,-0.08055836559130758,-0.09612927402278915,-0.11549612663859943
-0.08652792990142388,-0.05707427160526091,-0.09348219096897525,-0.0909318037103789,-0.09295171887184106
-0.0660825118656444,-0.03214274346326085,-0.07493465927359388,-0.08847464062806742,-0.09634805953342362
-0.07192405987586714,-0.041722420601474575,-0.07765326423188723,-0.08979325179358066,-0.10412901810277864
-0.0843373493975903,-0.055764714882293176,-0.0895141553674268,-0.10232427943855149,-0.1155679912098656
-0.08068638189120114,-0.05068866791304272,-0.08654336422635978,-0.09600815068566704,-0.11223893264816542
-0.08433734939759041,-0.05624399615754083,-0.09019375342217528,-0.10465566256578385,-0.11134808429901077
-0.07265425337714493,-0.04279796718761808,-0.07823756635495371,-0.08909234934838584,-0.10217292494987318
-0.05841548010222708,-0.026003912486997627,-0.06745706134943008,-0.08175838172023742,-0.09023151032180565
-0.07703541438481198,-0.044356902951065535,-0.08390822284253674,-0.10333876789248142,-0.12598571287283933
-0.06206644760861624,-0.037823955120129926,-0.06745548258006229,-0.07782725967322524,-0.09895391972955292
-0.07959109163928435,-0.04886405818336603,-0.0848580001039555,-0.0947175228839029,-0.09979161096327605
-0.09163928441036873,-0.06358809721479985,-0.09788897431068821,-0.09373189827029405,-0.10315592855689515
-0.07813070463672878,-0.04738571074125497,-0.08434750627846632,-0.097105647490899,-0.1193393169151199
-0.08725812340270178,-0.05408744026372436,-0.09441307256195963,-0.10827292706648539,-0.12229485110724247
-0.07849580138736756,-0.04711536866458821,-0.08550413631819442,-0.10314107491597169,-0.11620542792724375
-0.0660825118656444,-0.039887167693215986,-0.07196200614246573,-0.08844804200535417,-0.1021251531761278
-0.07192405987586714,-0.04274138703203012,-0.07895074025007476,-0.09918974502541134,-0.10298837903135805
-0.07155896312522825,-0.0397901623035819,-0.07870966448889627,-0.09070148452023552,-0.10156549794989644
-0.07740051113545088,-0.05323132072633441,-0.08235520726783385,-0.08557568474881316,-0.09243859592995207
-0.07374954362906172,-0.04437192412223212,-0.08078235073621831,-0.08808541740276987,-0.09738573895216318
-0.0857977364001461,-0.058422730014302426,-0.09095927049367347,-0.10318540468828574,-0.12268513301157324
-0.08543263964950709,-0.05274276387570631,-0.09264289964655914,-0.10212608933667489,-0.1144379193092494
-0.07849580138736767,-0.046498312605634196,-0.0858834252991234,-0.08529827718516148,-0.09666284341524123
-0.08798831690397957,-0.057568969508194456,-0.09520348541606172,-0.10989227747872832,-0.11217876999849075
-0.07338444687842272,-0.04385988497447002,-0.081347648963765,-0.09398372970277713,-0.08943964332272547
-0.06206644760861624,-0.032384669593971904,-0.06795904772782102,-0.08210261920752182,-0.10331580002704555
-0.058050383351588186,-0.02562266431465532,-0.06403439997293203,-0.08779899705864014,-0.10723593025999145
-0.05951077035414387,-0.03256415464282125,-0.06528859822666566,-0.08652629258667888,-0.10304904822088601
-0.07265425337714493,-0.04608547372357463,-0.0793310553383264,-0.1003694414866303,-0.10902940488672874
-0.06133625410733845,-0.02993120940377514,-0.06747140788646866,-0.08227382457135968,-0.09260685871774621
-0.07155896312522814,-0.045139324835266725,-0.07702489285284275,-0.09592566395273594,-0.11049641954869682
-0.11062431544359264,-0.07580641455681658,-0.11670958452294511,-0.11475560032361609,-0.13895441845572742
-0.06790799561883898,-0.03872394050753292,-0.07428170320390182,-0.08856710232021503,-0.10076229649886548
-0.08652792990142388,-0.05213797002508691,-0.09418176663822209,-0.10016713124886367,-0.10767659433996046
-0.06462212486308871,-0.03237858032378582,-0.07561663292496901,-0.0785847330151127,-0.08585499870643531
-0.08287696239503473,-0.053367524082920115,-0.08837848740983534,-0.10062978983749438,-0.11594026815764846
-0.061701350857977455,-0.03500799895980611,-0.07032857022274563,-0.09265211256727057,-0.10177754737352773
-0.07667031763417309,-0.05216569040292707,-0.08155567939131614,-0.09808077772715562,-0.11755966896612924
-0.07594012413289519,-0.04353945149058114,-0.08326550711370895,-0.0990859719730397,-0.11132965691612318
-0.08287696239503473,-0.0485321370917422,-0.0903843990613431,-0.09524773811800258,-0.10408373819493044
-0.08689302665206289,-0.05881337626363814,-0.09145755858653759,-0.08757079968221015,-0.10344458620757846
-0.07447973713033951,-0.046202234785574725,-0.08112741769309273,-0.09778179171272205,-0.09800372065213703
-0.059875867104782765,-0.032048877543644716,-0.06677430385379146,-0.08977940961352804,-0.09871325484567484
-0.08214676889375683,-0.05656249388015122,-0.08634603384438111,-0.08886147749046747,-0.10721079587134608
-0.07886089813800656,-0.052543732458700365,-0.08521669656332709,-0.08797158532194882,-0.09455713501456064
-0.07009857612267256,-0.04410434458722434,-0.07783689210030331,-0.08543305241404575,-0.08504559225607489
-0.07228915662650592,-0.03766443773203998,-0.08254594457049047,-0.09702171437725138,-0.10431577121927049
-0.08214676889375683,-0.055967552838959045,-0.08738968968568683,-0.10093930527098804,-0.10826760344199116
-0.07338444687842283,-0.04357895921237698,-0.07937199030917652,-0.0880057004182595,-0.10791870105215173
-0.06754289886820009,-0.033358628708405114,-0.07633220209062341,-0.09938324459556203,-0.11611159159795859
-0.08543263964950709,-0.04880743130155607,-0.09488308145386437,-0.10799918043718615,-0.12958108129970436
-0.09017889740781315,-0.052261064488041575,-0.09904953170355935,-0.10295987981714116,-0.09678207411126771
-0.06535231836436661,-0.036275056502545255,-0.07375774683909486,-0.0935609219804383,-0.10879233631578034
-0.08543263964950709,-0.053503873270725144,-0.09460347287983462,-0.10336798787091195,-0.10849558350973132
-0.05147864184008766,-0.021486727369080305,-0.058276327681831,-0.0665432888268771,-0.07824144356861695
-0.08068638189120114,-0.05317303572734777,-0.08571405980423996,-0.09220966455945445,-0.10503653699787496
-0.07813070463672878,-0.0468160775321248,-0.08603639221699588,-0.1013754017348032,-0.11497547935917818
-0.07411464037970061,-0.042347352264406224,-0.08206772876937507,-0.0980460613647891,-0.10890141360785655
-0.08543263964950709,-0.05126029857486114,-0.09159860109655171,-0.10522840456744798,-0.12206770643494036
-0.07155896312522814,-0.04141227953968618,-0.07864249022190484,-0.09200510895586378,-0.11086226206382543
-0.07228915662650603,-0.04085451297112774,-0.08093182812341615,-0.09312079719984645,-0.103277896803465
-0.08616283315078499,-0.05340363058994235,-0.0942470564249428,-0.10796512981720818,-0.12046436972669772
-0.06936838262139466,-0.03776016735808252,-0.07646970991855306,-0.08877088699841862,-0.10048223123926592
-0.08689302665206278,-0.059363167961708596,-0.09289824138752678,-0.0901441118391334,-0.09521915550782367
-0.08287696239503461,-0.055103777669477605,-0.09022212965794774,-0.10661849066569695,-0.11317642459185029
-0.07374954362906172,-0.04443034404963342,-0.08040101112189313,-0.10670102369707113,-0.12174996800878446
-0.06425702811244982,-0.03583344885659723,-0.07199466674105215,-0.07875810383727655,-0.08679918329439007
-0.059875867104782765,-0.03405169402456254,-0.06587786440547871,-0.08897874326765942,-0.10444231411981064
-0.07046367287331146,-0.04152732005658366,-0.07717372467737538,-0.0825973619446484,-0.09892112661933394
-0.06900328587075577,-0.04050750890696175,-0.07644072641301447,-0.09531528859892702,-0.09940100944040908
-0.0763052208835342,-0.0472995683702232,-0.08259352990283997,-0.08939649246800707,-0.10350128350932775
-0.08944870390653514,-0.061992537556582406,-0.0938951059352976,-0.1008898746020026,-0.12766167564026454
-0.08725812340270167,-0.05750815166704837,-0.09142600034210335,-0.10712715015649665,-0.12471450101767956
-0.08032128514056225,-0.049314398528290004,-0.08663556643924786,-0.09594017599342974,-0.11008436151230727
-0.06498722161372772,-0.0392786841418743,-0.07147455579443562,-0.08363344438254972,-0.088882649989113
-0.08981380065717415,-0.05716815928132413,-0.0952603099250765,-0.1108109222900513,-0.12283641879865392
-0.08105147864184004,-0.05047706860448997,-0.08665488361690432,-0.10525644536808809,-0.11952671523662595
-0.06097115735669956,-0.033387938492818514,-0.06742596936206957,-0.08287301587301588,-0.09407024608934911
-0.06790799561883898,-0.0409987985401129,-0.07300003196949745,-0.09025108423713202,-0.10341815930705356
-0.0941949616648412,-0.06209384971958509,-0.1011903642972064,-0.12299611859479609,-0.14123061459989783
-0.06973347937203356,-0.045380561348926096,-0.07388113784177464,-0.077849236171329,-0.09605059210069666
-0.09017889740781304,-0.05931304742380161,-0.09553092340822478,-0.09452718233816215,-0.10569419217026232
-0.060971157356699446,-0.027855263149380804,-0.06984190677704516,-0.08923164177492116,-0.09560602297308618
-0.08287696239503461,-0.052558583492556155,-0.08710013775562997,-0.09256212902452199,-0.10698535847904977
-0.07009857612267245,-0.04338388716130881,-0.07737304380455656,-0.09608828683184056,-0.10123591977595792
-0.06498722161372761,-0.035871019267245674,-0.07144050663857249,-0.0874280655157148,-0.11088657735489316
-0.07703541438481198,-0.04838961246807638,-0.08255563898273832,-0.09458188602953033,-0.09837117303672516
-0.07922599488864546,-0.04815945454761417,-0.08711370785633132,-0.08807537810368549,-0.08922708694071935
-0.06243154435925524,-0.03315300331049753,-0.06991165160201973,-0.07829378787633057,-0.07865126500035324
-0.06863818912011688,-0.036678509236737766,-0.0736887931994733,-0.08629890000738538,-0.09973832400766824
-0.0763052208835342,-0.044465679057661966,-0.08337813730802957,-0.09918916212881679,-0.11716640015525703
-0.08616283315078488,-0.05602343731449877,-0.09160608990045249,-0.10484718806713844,-0.11991568577021794
-0.07995618838992335,-0.05595923486889731,-0.0850439296052441,-0.09807987893342418,-0.1090112694053168
-0.0843373493975903,-0.05044917348248312,-0.09120367669729379,-0.10733438341951118,-0.11659423825771353
-0.06827309236947798,-0.04148955018209255,-0.07455142690915983,-0.08307263201537829,-0.10193934338884392
-0.0755750273822563,-0.04509687408117158,-0.08115837777980417,-0.09455698787217703,-0.11203095968347032
-0.07265425337714493,-0.04561791503598411,-0.07886859845034588,-0.08333737412920861,-0.09545216930376954
-0.07301935012778393,-0.04201202025494244,-0.08185824970180644,-0.1042825819869897,-0.11114478385615723
-0.07995618838992335,-0.04747937759782972,-0.08785956088576752,-0.10192658722680215,-0.11661000221703399
-0.09273457466228552,-0.0593751320738769,-0.1003399022065159,-0.10264420131102847,-0.11313294360923509
-0.059875867104782765,-0.03445497432471922,-0.06396996370110097,-0.07484008357441341,-0.07955621562425075
-0.06206644760861635,-0.0317067411681472,-0.06916177981659688,-0.0909260306916595,-0.10267144372417647
-0.07374954362906172,-0.043878946529403384,-0.08253455135646193,-0.09547088191767905,-0.10363120480335941
-0.1036874771814531,-0.06880267371585214,-0.1101359705402698,-0.12455947030161574,-0.132981807069819
-0.08762322015334068,-0.05614564274346223,-0.09358954508469608,-0.09636367147519453,-0.10645778148312357
-0.07009857612267256,-0.04200368889020123,-0.07657230287314565,-0.08912272542294064,-0.10396940059828863
-0.0752099306316174,-0.047725305911441085,-0.08032640024742876,-0.08581283672488926,-0.10019104716532634
-0.09857612267250826,-0.06847007262320526,-0.10485749732588656,-0.12305857297977396,-0.13249611828927133
-0.07338444687842283,-0.03997830639601929,-0.08172072556923282,-0.09696813821737138,-0.10876532958955942
-0.07411464037970061,-0.04214309463533383,-0.0818387705250816,-0.09888022525449425,-0.11149209382807568
-0.05951077035414387,-0.030853007697062895,-0.06875889966284388,-0.08966286919877076,-0.11066691966872444
-0.05147864184008755,-0.02308033111810659,-0.05783646185534952,-0.08009954718028545,-0.09303236451842822
-0.0752099306316173,-0.044518674009959236,-0.08140090552511414,-0.09729830864446765,-0.11770116906728989
-0.06462212486308871,-0.03261478782015348,-0.07400073543530516,-0.09044778322663549,-0.10051243710468072
-0.08433734939759041,-0.05290385189768898,-0.09256325287886513,-0.11485710178511976,-0.11774349514743376
-0.06352683461117192,-0.02567592596989965,-0.07515752495607975,-0.08852678474646092,-0.09066125596529473
-0.10697334793720337,-0.07700085617125263,-0.11207626268565529,-0.11636410169095857,-0.13582193921688746
-0.09309967141292441,-0.0634970218456159,-0.09992886841355741,-0.10958905216000692,-0.11240880217264182
-0.0748448338809784,-0.04261943398029422,-0.08165766838039124,-0.0921208054123297,-0.1103441019112017
-0.08105147864184015,-0.04703466775679155,-0.08997971665699445,-0.10810338502150252,-0.1211107486265166
-0.06316173786053303,-0.034477328265001383,-0.07031511482402975,-0.07948014170689666,-0.08943982752635893
-0.09529025191675788,-0.0627395513262492,-0.1023907620945097,-0.10317515840274494,-0.11072229206714013
-0.07009857612267245,-0.04024833866383504,-0.07881028720081551,-0.0957626705653023,-0.10143397935836185
-0.09748083242059147,-0.06577039999045597,-0.1050987855201232,-0.12547942737356332,-0.13020074943591653
-0.07155896312522814,-0.03636385220359106,-0.08093878263693788,-0.09109433656520927,-0.09149289199107868
-0.06827309236947798,-0.039090884189084574,-0.07392352525169521,-0.08542488972688345,-0.09555404574640758
-0.0941949616648412,-0.06377776856749884,-0.10004369069702301,-0.10224926645602439,-0.11285293646998362
-0.07849580138736767,-0.04609858727525873,-0.08568977171532033,-0.09566850235057078,-0.10618361187505976
-0.08287696239503473,-0.052014027336788615,-0.08903593491431194,-0.10011302508116127,-0.10920931658852773
-0.08287696239503473,-0.053820483068562575,-0.08864118906184526,-0.10645133220606284,-0.12021072300677693
-0.05841548010222708,-0.03255826742065271,-0.06298724523543742,-0.06976390935957211,-0.08753152901691674
-0.06243154435925524,-0.0376570805163835,-0.06850661272064473,-0.08176223294800378,-0.0904589572055613
-0.06462212486308871,-0.03158968722448885,-0.07067548491611086,-0.09027664001353541,-0.10133519398901103
-0.06498722161372761,-0.035966268942527524,-0.07224599970824885,-0.07996236505678733,-0.08737243940567496
-0.08214676889375683,-0.04906629252282391,-0.0902184004501887,-0.1063736777876958,-0.10902392122173465
-0.0565899963490325,-0.028521736447740365,-0.06200717443758663,-0.08703079812287107,-0.09491138653036857
-0.10587805768528658,-0.07580230000664734,-0.11074099450663755,-0.12778026291570166,-0.1472755713913082
-0.05914567360350498,-0.03273536604004279,-0.06570991018326011,-0.07459744870978535,-0.0916239942153192
-0.07228915662650603,-0.044819267658292805,-0.07651534698522033,-0.08814969037513587,-0.101644470865206
-0.06973347937203356,-0.038899248935563624,-0.07836721645683431,-0.10007779934054772,-0.099069787828719
-0.06863818912011688,-0.03651545485724317,-0.0772461547498906,-0.09001186207640255,-0.1020382272581678
-0.08944870390653525,-0.06016806402758568,-0.09490706377843694,-0.09275038574646632,-0.09152020706084141
-0.07922599488864546,-0.048392541773267905,-0.08418423051971957,-0.09360909100645831,-0.11355263792187675
-0.07703541438481198,-0.04386776214830379,-0.08478331804096018,-0.10785927177257959,-0.11239878673358505
-0.08871851040525747,-0.05647365809310878,-0.09566576195030052,-0.10916826384701517,-0.12174494552363468
-0.09163928441036873,-0.06163018356602046,-0.0982046563776775,-0.10626648970182861,-0.11824152045384373
-0.0934647681635633,-0.059906253373590124,-0.10158793353665563,-0.10792052244440142,-0.11453659304883301
-0.07959109163928435,-0.05087413347394598,-0.08514741088897448,-0.09865576755227767,-0.10553675119632444
-0.08871851040525736,-0.05275457956513818,-0.09521812249003747,-0.10025556762774368,-0.11046817747938409
-0.08360715589631251,-0.052076074827379526,-0.08875547542867446,-0.10087512395182474,-0.12051999193022966
-0.05732018985031029,-0.028487772366172393,-0.06421318042352497,-0.08759418802495489,-0.1046342456210192
-0.11135450894487042,-0.07323475213411557,-0.11775555875963573,-0.1292279181842575,-0.15439699652175853
-0.07776560788608977,-0.04453102992749325,-0.08549027667138476,-0.10554027101384256,-0.12238228278308039
-0.09638554216867468,-0.06663312152395873,-0.10337573514762344,-0.09677069588849574,-0.09708282663071877
-0.06790799561883898,-0.030370190622556525,-0.07592254005647336,-0.08852043552885658,-0.1016933441986102
-0.07703541438481198,-0.047009126993695305,-0.08229499471698931,-0.08524244232619904,-0.09712476510457768
-0.06024096385542177,-0.03347882074960784,-0.06595184119643016,-0.0879069849983437,-0.11000194472234814
-0.0945600584154801,-0.0650366963366854,-0.10016342038768689,-0.110110304008609,-0.1361770332481066
-0.0755750273822563,-0.041439697636345585,-0.08267059315199643,-0.09729044980951207,-0.10893264706161032
-0.10076670317634173,-0.07149748208114415,-0.10640073249782356,-0.11859452103235624,-0.12268812544281626
-0.07374954362906172,-0.04574491357847332,-0.08029807046855864,-0.09391295249149434,-0.1017983894578054
-0.08068638189120114,-0.05641869773817687,-0.08599545304460898,-0.0948221072225719,-0.10013508658545534
-0.06754289886820009,-0.034300541087871395,-0.07579472110297358,-0.096601499287849,-0.11929240153041731
-0.07995618838992324,-0.04822512149883462,-0.08644604087712848,-0.09600385839538805,-0.10705869411621849
-0.06936838262139466,-0.03867716691800249,-0.07552962129927066,-0.08629668866219042,-0.1128894989087903
-0.09309967141292452,-0.062282318385761704,-0.10000107449405249,-0.10506273608181238,-0.12471916385237691
-0.08287696239503461,-0.049579423144452295,-0.09167257647604576,-0.11325753062617117,-0.12612203711057535
-0.07594012413289519,-0.0485935357124645,-0.08151476902513932,-0.10217420898389351,-0.12126712000796902
-0.0755750273822563,-0.04963230868204249,-0.08060284617375268,-0.09526167451418865,-0.1042510892134213
-0.08981380065717415,-0.06312009667785223,-0.09534822409654153,-0.09655324849440616,-0.11369612834368903
-0.06754289886820009,-0.04004774093353658,-0.07416660587838586,-0.08597482917870747,-0.0988142435521926
-0.07813070463672867,-0.04863004488260392,-0.08267170860686957,-0.09567368203803295,-0.11422698637577433
-0.06863818912011677,-0.03535469303051786,-0.07764887323450154,-0.09673382775929162,-0.09233346451523405
-0.06535231836436661,-0.03341889264477116,-0.07240941940374468,-0.08598421661498279,-0.10505517308191481
-0.08652792990142377,-0.05724949208095276,-0.09233420627977162,-0.09576466418571683,-0.10662229206320173
-0.06754289886820009,-0.040205815326032734,-0.07377086133097,-0.0941076959604572,-0.11085348627355873
-0.08835341365461846,-0.05643104560470069,-0.0963520566547662,-0.1090018881796071,-0.12860925295285464
-0.07301935012778382,-0.04394003424334536,-0.07853724197667122,-0.09555078521231708,-0.11657512448006269
-0.0755750273822563,-0.04538535311920999,-0.0818512433977745,-0.08329506715848112,-0.08852403834855005
-0.06936838262139466,-0.04334043149707223,-0.07393198896307906,-0.09188302111433477,-0.10607457474418913
-0.07995618838992335,-0.047614517217789976,-0.08828729371201038,-0.08934045395011747,-0.09611422690195881
-0.06754289886820009,-0.03857299109207757,-0.07465612380047604,-0.07824727445691837,-0.08342379422728619
-0.07082876962395035,-0.04095792993599601,-0.07754136893526287,-0.08900234963675147,-0.10641177488385489
-0.05914567360350487,-0.030964146595252817,-0.06508900971944831,-0.08205810809793124,-0.0983776776164923
-0.0558598028477546,-0.023682940645784023,-0.06107462869804192,-0.08501030593774372,-0.1047721808742842
-0.07119386637458924,-0.04207853634239478,-0.07701555944977478,-0.0898984739435057,-0.09894971865007929
-0.08105147864184004,-0.05444716234958691,-0.08688175185135028,-0.09957577052438726,-0.11005923200653467
-0.0763052208835342,-0.044755542353206335,-0.08544984488697471,-0.10474086705183538,-0.10945031156271501
-0.08178167214311793,-0.05280540754056007,-0.08931443159101937,-0.09919624645204461,-0.10071201886577719
-0.061701350857977344,-0.026859101302108113,-0.06795547585367112,-0.08780188205178852,-0.10918785965393296
-0.07374954362906172,-0.042045103406904816,-0.07991944553712482,-0.08068217934896993,-0.09449670675536781
-0.0653523183643665,-0.04195632490830681,-0.07020460064264789,-0.07162977000602988,-0.07497303478581097
-0.08141657539247904,-0.04686312286596783,-0.09033687937474744,-0.10722359609281973,-0.1215105092522677
-0.08835341365461846,-0.05402453388732131,-0.09391880435355371,-0.10249954822932617,-0.1113073341673756
-0.09711573566995246,-0.0679946035698018,-0.1017419122605151,-0.10817069012474612,-0.11955353613933495
-0.07411464037970061,-0.04280508373262326,-0.08235714282091244,-0.09712253150658878,-0.10178583424890286
-0.06973347937203367,-0.04026226047293213,-0.07661985144593908,-0.08541727199354321,-0.10593454469418706
-0.08360715589631251,-0.05011559289999079,-0.0911865388977191,-0.10673177293516278,-0.1255467747553325
-0.07301935012778393,-0.044447947057174586,-0.08157577211819511,-0.10018942268085929,-0.10613981728198207
-0.07301935012778382,-0.041115579112758094,-0.07785696237967976,-0.09613954558342841,-0.12499123404376378
-0.07119386637458924,-0.038657470206043376,-0.07725034538351583,-0.08792825490881251,-0.10496381641490515
-0.09346476816356342,-0.06582986290885351,-0.09872170796756341,-0.09290743313054928,-0.10281037751375532
-0.07046367287331146,-0.03812051529380833,-0.07772576155755406,-0.09925565716681983,-0.11187575027430008
-0.08032128514056225,-0.052422603901611464,-0.08644549435904536,-0.08353255962782835,-0.09146915259113897
-0.07922599488864546,-0.046428627649210186,-0.08713923187001105,-0.09430272876575685,-0.10727145128238569
-0.0850675428988682,-0.05585894119566681,-0.09062526568341478,-0.0986329780954528,-0.11054298628726933
-0.06754289886819997,-0.03804331364531266,-0.07533201699001979,-0.08331055716099056,-0.08884189592094172
-0.07155896312522814,-0.04158117755425794,-0.07725579125091742,-0.08662075908156264,-0.09675804822479972
-0.07484483388097851,-0.03826716996749846,-0.08214802499423335,-0.08240965070049733,-0.09591517235145264
-0.07630522088353409,-0.04432467691933373,-0.08247246085199389,-0.09519988977218863,-0.11497404115038967
-0.0934647681635633,-0.05735736458358398,-0.10213403627930528,-0.10176758527488905,-0.09946976881353775
-0.07411464037970061,-0.04838759689922478,-0.08185917654650554,-0.08038129927813065,-0.07957117909506106
-0.06133625410733845,-0.03362115829940393,-0.06835331469763906,-0.08749205168244789,-0.1011807466779513
-0.07740051113545088,-0.0468573876722872,-0.08253422486598028,-0.0905862801663464,-0.10650840966694197
-0.06973347937203356,-0.04257447752088994,-0.07554856593282322,-0.08805244002880519,-0.10430435807123328
-0.0565899963490325,-0.03233156219201039,-0.06239526219288094,-0.08511661923942393,-0.10933226205918933
-0.07849580138736756,-0.05080594506337743,-0.08354051020753572,-0.09150305884073817,-0.10110810281253912
-0.05951077035414387,-0.029475674689402376,-0.06689991575406817,-0.08366532251097203,-0.08822538731553509
-0.0843373493975903,-0.055862114013239816,-0.09093980805955404,-0.09917641725314097,-0.1029849886879377
-0.08287696239503473,-0.052071959384380806,-0.08831515672546575,-0.0843278929856317,-0.09081686900086672
-0.059875867104782765,-0.027116954752737454,-0.06620189371922813,-0.0813265016726431,-0.09563531221356181
-0.07192405987586703,-0.04090658796157598,-0.07959522789309192,-0.09731646017279283,-0.11046653057308042
-0.07338444687842283,-0.045499952817042,-0.07977652337540075,-0.09424438634878851,-0.09896329617393085
-0.06206644760861635,-0.03114286684650447,-0.0693889613733708,-0.08065219284429537,-0.09722654066078984
-0.07667031763417309,-0.04647140225233537,-0.08331135553084923,-0.0917067527576001,-0.09879268028560606
-0.06790799561883898,-0.039481386303010235,-0.07305607277974946,-0.08809946238000044,-0.10789380234162971
-0.0857977364001461,-0.04937574268769018,-0.09592016592222752,-0.11096093402103757,-0.12097491008904293
-0.06790799561883898,-0.04185608013780773,-0.07354662407882862,-0.10024117245257902,-0.12071490986136912
-0.09602044541803567,-0.06394435699766066,-0.1040567991163045,-0.1012306071685416,-0.09545711966863935
-0.07411464037970061,-0.04454513466083099,-0.0805280550985088,-0.09607095072030769,-0.1152615260041232
-0.08287696239503461,-0.055453105801362645,-0.08774204846060729,-0.10523930403795367,-0.12285404894349106
-0.0664476086162833,-0.03535303918445687,-0.07361458265361509,-0.09232103105620881,-0.10138574552070778
-0.08141657539247904,-0.05406105920658,-0.08728752027494224,-0.09095509089695475,-0.10013200046730386
-0.09638554216867468,-0.06417906119925765,-0.10354625428002007,-0.10880452559771037,-0.12450233924093113
-0.06425702811244982,-0.03664214679530853,-0.07011622870127798,-0.0774303207873186,-0.08552600733725524
-0.08251186564439572,-0.05090514518364553,-0.09001524317056808,-0.10228437935304147,-0.11634448091020366
-0.07411464037970061,-0.04404659333026095,-0.08056537378305906,-0.101433671156412,-0.1115885501737447
-0.08433734939759041,-0.05546724038327455,-0.09054832000808188,-0.09795621575996094,-0.10345626830753762
-0.06754289886820009,-0.03622879369978227,-0.07361677465744698,-0.08708064194555987,-0.09791846484210143
-0.0857977364001461,-0.056964306475991155,-0.09164725787619854,-0.09194005126431204,-0.10105158992192209
-0.05622489959839361,-0.02498443364384295,-0.06309664200332255,-0.06952489004075735,-0.08242573795114061
-0.0752099306316173,-0.04346217969466337,-0.08258728419278216,-0.08714805355121547,-0.09298949823376168
-0.07265425337714504,-0.051449648721297536,-0.07693802152836737,-0.08877729563269876,-0.09511407311794917
-0.08981380065717415,-0.06056554052228902,-0.09508358388570382,-0.10033310946944252,-0.1098792649013548
-0.07338444687842283,-0.042291581072149476,-0.08000324817396642,-0.09765369342453822,-0.11825218173243102
-0.08981380065717415,-0.052182315184952754,-0.09914408019858434,-0.10223090840631055,-0.11034736302215764
-0.07192405987586714,-0.04317333861847661,-0.07907107609119002,-0.10122522849981441,-0.11411551469820236
-0.07667031763417309,-0.04409208131042497,-0.08353910287760025,-0.07900416403216559,-0.08891613149032618
-0.06243154435925524,-0.030780590630648863,-0.06836939142353193,-0.08364560007303234,-0.0966707769004147
-0.07301935012778382,-0.04376029522122604,-0.07859082536820039,-0.09908572804709848,-0.10581972101099857
-0.08360715589631251,-0.057451894607789655,-0.08923126118730629,-0.09985027123218448,-0.11355443247966679
-0.07886089813800656,-0.04648498246080324,-0.0846476072423572,-0.1011230295001565,-0.12244197896885123
-0.09273457466228552,-0.06099198501777425,-0.10004803157884301,-0.10690346101486703,-0.11341130548919087
-0.09492515516611899,-0.062168196319952296,-0.10118980979145897,-0.10994526329779253,-0.1231164508442526
-0.07886089813800656,-0.048924255820807616,-0.08511247500576369,-0.08790734205520023,-0.08861039586630926
-0.08689302665206289,-0.054881420996128694,-0.09315310656760323,-0.0968413534601732,-0.10904848792681254
-0.06316173786053303,-0.03188776326024867,-0.07046909730268358,-0.08312898888789622,-0.10078113808738753
-0.08214676889375683,-0.055557750737754485,-0.08646847820216852,-0.0955438645390565,-0.11178753360121518
-0.06717780211756108,-0.03771724764743467,-0.07284383628487356,-0.09041568613110429,-0.11074880451955171
-0.07119386637458935,-0.03859254303266224,-0.07720301979043642,-0.08283828948863448,-0.09481375774490008
-0.06863818912011677,-0.042558148066622614,-0.07318110627610364,-0.08394069999946396,-0.09995836482621179
-0.08981380065717415,-0.05924412489273956,-0.09731100824767569,-0.10233828406414525,-0.11152182546190648
-0.07192405987586714,-0.04586630032500627,-0.07727044077886347,-0.08790867913187217,-0.11370062918911839
-0.0653523183643665,-0.03280753429966665,-0.07100976414709881,-0.08274249905498643,-0.10042988259863572
-0.056955093099671394,-0.025708466197919333,-0.06299246473928455,-0.07475452983786257,-0.0841923794631192
-0.06279664110989414,-0.030477521856832168,-0.06837324637662257,-0.07287501339333546,-0.08826153465180575
-0.0755750273822563,-0.04651600287135815,-0.08138259546331539,-0.0782502656234908,-0.09051942304061278
-0.08324205914567362,-0.05123765848848605,-0.09036363574007766,-0.10392711481786798,-0.12689098598895898
-0.09602044541803578,-0.06344399357639019,-0.10352830516669786,-0.11035370693932156,-0.12682670987213962
-0.07265425337714493,-0.03979218756653835,-0.07934598216164801,-0.08645964378293225,-0.108993488640729
-0.07849580138736767,-0.05075388036255879,-0.08509355874784141,-0.10048281324934394,-0.1049097679859442
-0.07995618838992324,-0.04102359872969197,-0.08773885998210718,-0.10114976850514035,-0.11065827307023757
-0.0657174151150055,-0.030094331675466046,-0.07555438563229178,-0.0857191317973044,-0.0973166801387233
-0.05074844833880976,-0.01642281051012573,-0.06128220474450963,-0.09413205517035139,-0.1109085068627258
-0.08360715589631251,-0.05046078567847723,-0.08991140345759208,-0.09950821025633316,-0.11152533904291573
-0.08214676889375683,-0.04857327831092362,-0.0877415661936225,-0.10684787437312349,-0.12525088856131417
-0.06097115735669956,-0.02935305213711581,-0.0678341787903518,-0.07236249841544717,-0.08778547875410625
-0.06973347937203356,-0.0429880081263323,-0.07583913443550339,-0.08269423815897425,-0.08872051846731399
-0.08287696239503461,-0.05119591970607773,-0.08844367700193301,-0.09573638264679518,-0.10540433350735423
-0.08871851040525736,-0.06380038361774287,-0.09335298681996151,-0.10392098914030556,-0.10504294880550435
-0.08251186564439583,-0.05115293012646338,-0.08904093058249174,-0.11196129770073426,-0.11743781638093709
-0.10478276743336978,-0.07484040025176297,-0.10931730121085148,-0.11512043789361748,-0.1229625156912395
-0.09602044541803578,-0.06613052636147487,-0.10168243956097711,-0.11442861562723594,-0.13149252377862064
-0.07740051113545099,-0.05054094647758456,-0.08222846559515529,-0.08949776123486708,-0.10326578671528075
-0.06535231836436661,-0.04016497937757779,-0.07189091991667207,-0.09427677481863295,-0.10447992165406328
-0.08105147864184015,-0.048276529439280624,-0.0880221518646449,-0.10012871324298378,-0.11227054371008582
-0.07447973713033951,-0.04443799627079026,-0.0819299868296085,-0.0881944039197633,-0.09300726438370854
-0.07886089813800656,-0.04833577712609971,-0.08429961193007751,-0.09397355851610689,-0.09780112522729656
-0.06900328587075577,-0.033948900989821174,-0.08031427818589831,-0.09920066053590515,-0.10378685068529381
-0.08981380065717415,-0.06192040184397185,-0.09554339030897951,-0.11042230921240392,-0.11166913270996404
-0.07301935012778382,-0.043216896719963094,-0.07825807409769303,-0.09356311280756402,-0.10505310505081433
-0.09017889740781315,-0.05816623395938403,-0.09696168612926814,-0.12659255578526207,-0.1323713672840935
-0.07009857612267256,-0.043575528210575976,-0.07454334062492829,-0.0833834244080146,-0.10355627841299264
-0.04381161007667034,-0.01551525463322112,-0.05098072619188332,-0.07933552056465099,-0.08951785530040923
-0.07703541438481198,-0.04574915545401814,-0.08403083908251785,-0.10002803763513335,-0.11058983291644808
-0.0668127053669223,-0.03319366312158534,-0.07501484041476958,-0.09239329606770763,-0.11980550134441381
-0.06498722161372772,-0.035020538559104475,-0.07341687220340742,-0.09523398611083966,-0.09838590419791449
-0.07155896312522814,-0.04381458475394129,-0.07711734818515592,-0.08731658831430489,-0.10253382117661247
-0.06206644760861635,-0.033063773295081145,-0.06885813958995879,-0.08242164272356711,-0.10294668360917136
-0.07813070463672878,-0.05315388464605342,-0.08301444075645492,-0.0969715495373834,-0.10581850500996282
-0.06827309236947787,-0.0390158102599637,-0.07455706705060394,-0.0998468099312394,-0.11718868320191844
-0.08616283315078499,-0.0531121686812146,-0.09270113641493416,-0.10678613994246589,-0.12778559787130706
-0.07447973713033951,-0.04469200189368727,-0.08077102760612842,-0.08608780918823111,-0.09661548473261183
-0.08652792990142388,-0.050514263470682774,-0.09419783437698936,-0.09506223447464746,-0.11129703885244813
-0.07155896312522814,-0.040893492362418904,-0.08079214668572865,-0.08873171864790164,-0.09683936805954851
-0.06936838262139466,-0.03662159553750499,-0.07722097326873789,-0.0821464076109727,-0.08141432138911886
-0.05439941584519903,-0.02746778402223693,-0.06048355324545729,-0.06835006567079405,-0.07726298408452692
-0.08908360715589625,-0.05795843021479541,-0.09448221811040058,-0.10205903311705355,-0.11996947392522439
-0.09017889740781304,-0.06104400783834274,-0.09536202963922191,-0.09455776440410424,-0.102858107594346
-0.0847024461482293,-0.05622218220402564,-0.09092500391592562,-0.09964800959856535,-0.10555109536944474
-0.0565899963490325,-0.030336049451730518,-0.06346535478078486,-0.07504989287071906,-0.08618773177067174
-0.061701350857977344,-0.0307806941399017,-0.06754624793664998,-0.08447538552978573,-0.10039999003636424
-0.09602044541803578,-0.0591396646757083,-0.10335151138528198,-0.12185695425369769,-0.1288170248411118
-0.07009857612267256,-0.036074675799865896,-0.07742214449444385,-0.09871654437137067,-0.11072497534478043
-0.06717780211756119,-0.040671658501195695,-0.07257008336272996,-0.09114727075525397,-0.11012120326581254
-0.0763052208835342,-0.04109038275972987,-0.0823781093317697,-0.09064642512600873,-0.10810650483283657
-0.11683096020445416,-0.08081966478646285,-0.12491894260753811,-0.1206416025547975,-0.1249023562143905
-0.07922599488864546,-0.050091007717949165,-0.0850350489105034,-0.08660278270505217,-0.11094505247972997
-0.0941949616648412,-0.06443417197373003,-0.10105677328607254,-0.12084000064652745,-0.13051676195241335
-0.10003650967506394,-0.0742466639118261,-0.10510176706693264,-0.11084300877084874,-0.12264832168391016
-0.08433734939759041,-0.05215351877366303,-0.09155522577442654,-0.10238406956634172,-0.11535825557968993
-0.08214676889375683,-0.054709739307450156,-0.08806442093066846,-0.1012796744072636,-0.12221213387647378
-0.06389193136181093,-0.03476603586880489,-0.07021950564666835,-0.08587324872757207,-0.09903647612268651
-0.055859802847754714,-0.02693307632948161,-0.06256477430113783,-0.08562670160503505,-0.09817360073981529
-0.10624315443592558,-0.07363683123383624,-0.11138309960663684,-0.11353293220674987,-0.13240327485437475
-0.06243154435925524,-0.033049864708156185,-0.06990980980804962,-0.08110898387586807,-0.08440360567228788
-0.07776560788608988,-0.042784081447087785,-0.08413916737475713,-0.10142276618951551,-0.12903464253737573
-0.08360715589631251,-0.05381520382131033,-0.08928328269206975,-0.10398596531178483,-0.11595030461698974
-0.06717780211756108,-0.0375109888551739,-0.07379743079640855,-0.09016422539120095,-0.0976815140457884
-0.10186199342825841,-0.07496067589187971,-0.10694656469787767,-0.11392603914803667,-0.11193560388655222
-0.0850675428988682,-0.0531432916069281,-0.09033508216947084,-0.1012015861236667,-0.1251581689908765
-0.07959109163928435,-0.05109746592508968,-0.08580327234141483,-0.09558791059067318,-0.09665932771241559
-0.0850675428988682,-0.052161422053596085,-0.09117110998667177,-0.10188732938864498,-0.11609262889653937
-0.08981380065717415,-0.05613033373836507,-0.09905323027115187,-0.0999436013125512,-0.10924485641416526
-0.11135450894487042,-0.08344661143623766,-0.1169192657504542,-0.12347249631589385,-0.12693690173525995
-0.07082876962395035,-0.04324195962777955,-0.07577544861915009,-0.09580715100389514,-0.11135542670395526
-0.0752099306316174,-0.04266701040894583,-0.0816616698332625,-0.09158002272827248,-0.10578014232557542
-0.07447973713033962,-0.045754054897067964,-0.08242492255397327,-0.09812532588858947,-0.09957475886414913
-0.0657174151150054,-0.03964598616208714,-0.07288461871993845,-0.09369689944252202,-0.09922186195229732
-0.06316173786053314,-0.03573381283183097,-0.06830812293450139,-0.08951783992285456,-0.10286983595606003
-0.07776560788608977,-0.0462978301560697,-0.08550959201012454,-0.09244361932499023,-0.09655443576499567
-0.06389193136181093,-0.03302782805277482,-0.06897660974508657,-0.0826205208658839,-0.10562897641239999
-0.07265425337714493,-0.04389539007903631,-0.07779922564708408,-0.08887151658101544,-0.10008236832309969
-0.06900328587075577,-0.03861004767391307,-0.07356752145952239,-0.09853394822134676,-0.11191213332478034
-0.06462212486308871,-0.039020396612019614,-0.06974199937854397,-0.0927959987940391,-0.10220192170378262
-0.08944870390653525,-0.054869695964582466,-0.09747004889661803,-0.10037478269376954,-0.11398362667690587
-0.09309967141292441,-0.06702641346584493,-0.09778715411486738,-0.09717362154044207,-0.10001294650554016
-0.06279664110989414,-0.03299428884001476,-0.0705826893981496,-0.07985193019566361,-0.09158691374611783
-0.07447973713033951,-0.04482609072773003,-0.08013061196133386,-0.09673974744824188,-0.11547918982502459
-0.06827309236947787,-0.036923214405588656,-0.07688484543111862,-0.08063986874487283,-0.08869999873051615
-0.07082876962395035,-0.03974808243683681,-0.07735896665361741,-0.09333908592872164,-0.11631185683646639
-0.08032128514056225,-0.04783629515894716,-0.08611894142264409,-0.09347171939878529,-0.10769815672683569
-0.06863818912011677,-0.03696179673833311,-0.07598875648911352,-0.09359845724428861,-0.10669198526193346
-0.07922599488864557,-0.049268914782971684,-0.086250328696997,-0.09413625186048036,-0.10531403956436414
-0.08616283315078488,-0.051951550901082943,-0.09354836072442863,-0.10500131648943312,-0.11512830578855737
-0.08251186564439572,-0.05152040036877226,-0.08994094036115863,-0.09950930585863649,-0.10284267605997444
-0.08762322015334068,-0.054146256871766885,-0.09436080886555787,-0.1073590052689033,-0.11457241904510085
-0.07667031763417298,-0.042530672572151595,-0.08379876011670162,-0.09296306245802566,-0.10358346024331677
-0.0748448338809784,-0.042938640677942286,-0.08105470381006996,-0.09808562863192616,-0.11737181769171678
-0.08178167214311793,-0.04711498320954166,-0.08715083340231278,-0.10065168984380868,-0.11826352654618344
-0.09492515516611899,-0.06435468480960993,-0.10235261171621257,-0.10025858763002105,-0.10604755699385171
-0.06425702811244982,-0.037485594688034474,-0.07098838334921664,-0.08159295007110179,-0.08399266817133488
-0.07301935012778393,-0.041445995214243636,-0.07918563102485188,-0.09611016849045873,-0.11867051701670217
-0.07228915662650603,-0.03957048302074406,-0.07765196492437121,-0.08969860893957271,-0.10185013657846909
-0.07922599488864546,-0.045508209853447834,-0.08606779455620306,-0.10410381114291245,-0.11646749198942996
-0.07046367287331146,-0.043421882801946254,-0.07542272082728618,-0.07351647138514839,-0.09015757181148154
-0.06681270536692219,-0.04154730378638127,-0.0713059977597561,-0.09103385716684897,-0.10672432634054685
-0.07886089813800656,-0.045884205667532485,-0.08533964105513892,-0.09746475337598337,-0.10783243354334748
-0.08835341365461846,-0.060337540646221766,-0.09494541303220128,-0.10567773290733451,-0.11665298635083832
-0.08360715589631251,-0.056340176809474896,-0.08990507956418892,-0.10807230999573014,-0.11707794333779986
-0.06754289886820009,-0.037478116987617494,-0.07413827878396306,-0.08226466831943513,-0.09139731252146177
-0.0850675428988682,-0.05628660593302337,-0.09121823202166157,-0.09972779888253724,-0.10504198993167801
-0.08324205914567351,-0.05332517113784352,-0.09003112844081507,-0.09998852066388297,-0.10878519591004687
-0.08287696239503461,-0.05142336883718546,-0.08987370333572176,-0.1009582803043727,-0.11266334011604295
-0.11391018619934279,-0.07391411202224119,-0.12202812182629952,-0.12484335050358342,-0.13717759650389338
-0.08178167214311782,-0.05152653922928074,-0.08626374124786695,-0.09310136593916352,-0.11500561619253047
-0.10697334793720337,-0.07401688296279729,-0.11427520315574324,-0.12825047996186079,-0.1420338231439029
-0.06936838262139466,-0.04402688599604687,-0.07467564109169356,-0.08817381554873793,-0.10101352731914492
-0.06973347937203367,-0.0418435564179338,-0.07561065853541749,-0.08036936475574818,-0.08536417786902839
-0.059875867104782765,-0.03470763135476551,-0.06405262507175724,-0.06544430175012506,-0.07781420132214867
-0.08068638189120114,-0.05515879574456983,-0.0858354079945961,-0.0942987029460517,-0.09652375540934521
-0.07995618838992324,-0.051533950473949486,-0.08714693791304906,-0.0999153333102949,-0.1075454049691923
-0.09236947791164651,-0.06649268839980482,-0.09729088507907369,-0.12056866238756647,-0.12627721009052517
-0.06754289886820009,-0.040644324192967485,-0.0741243161973375,-0.08789323416739536,-0.09969032500157227
-0.07374954362906172,-0.041870636768361114,-0.08201209531614795,-0.08727643624820225,-0.08028569542006792
-0.09930631617378605,-0.07111726862324586,-0.10393364451777232,-0.104415642063717,-0.1236524497613466
-0.05074844833880976,-0.02288224779106196,-0.057362076055153866,-0.08170600396244299,-0.10113011556150708
-0.07667031763417309,-0.046386304073022244,-0.08340688796762141,-0.09950465776795503,-0.11282767324222587
-0.058050383351588186,-0.028909865014264735,-0.064193945235131,-0.08826917368278409,-0.10940301909468286
-0.0748448338809784,-0.05275108306626519,-0.07979879922088184,-0.08313216249203415,-0.08654458138811216
-0.0847024461482293,-0.05232741380771144,-0.09313654010782013,-0.10505425245497357,-0.11077490772929188
-0.07813070463672878,-0.05021636469931845,-0.08400028261789882,-0.09068766413235385,-0.10857500058777003
-0.07046367287331146,-0.03837525215500792,-0.07823913719833409,-0.09454522868168713,-0.10652343575238199
-0.06900328587075566,-0.03859107426818431,-0.07674898534284447,-0.07420368750202533,-0.0842319279748508
-0.07374954362906172,-0.04166141897565068,-0.08148386178234579,-0.09787128311772486,-0.09910041364507793
-0.06316173786053303,-0.03708218131914198,-0.06821677958007566,-0.09162113861279864,-0.10961239554195967
-0.07849580138736767,-0.04830733908234519,-0.08350241248138546,-0.09999554765935625,-0.10988142216193608
-0.08616283315078499,-0.05767450044343814,-0.0921433058682003,-0.10388265806737884,-0.11893577512487641
-0.07776560788608977,-0.04985016056308578,-0.08335936506769182,-0.09256557340968852,-0.11125418065655535
-0.07411464037970061,-0.04660584131161161,-0.08133290431644147,-0.08752088651343537,-0.09736360182979353
-0.07703541438481198,-0.04620417797505538,-0.08468184325232486,-0.08830911400081365,-0.09488631989161056
-0.0752099306316174,-0.04359776201472776,-0.0832647150121304,-0.09908661247197992,-0.10449471397006915
-0.09675063891931357,-0.06855376835007376,-0.10191692394646945,-0.10783472204776057,-0.12159335322285048
-0.08324205914567362,-0.057989991797913865,-0.0904894375271279,-0.09949812005198333,-0.10285758403158407
-0.0850675428988682,-0.05459145503073437,-0.0903403874675186,-0.09536935216267317,-0.11000948553577083
-0.06316173786053303,-0.03840623327982884,-0.06832648606012337,-0.07632174621224763,-0.08791235053243729
-0.11756115370573195,-0.07893237637475081,-0.1258472183589232,-0.1290273600340549,-0.13205441757507552
-0.07228915662650603,-0.041651564677691044,-0.08014142976210847,-0.07712819649159164,-0.09295186884681017
-0.07484483388097851,-0.04384006267662777,-0.08452400548510886,-0.09072040102105794,-0.09814995862585629
-0.08251186564439572,-0.05052153313061314,-0.08969083153042112,-0.10575890544337929,-0.12370253733227732
-0.0664476086162833,-0.037356098406748695,-0.072579443813658,-0.08480764382540351,-0.10541761287913454
-0.07776560788608988,-0.04557529729987497,-0.08488341846588354,-0.10419909866391819,-0.11453480147748829
-0.07411464037970061,-0.04809439662798798,-0.07931863041604648,-0.09786455665489457,-0.09809082236794342
-0.07192405987586703,-0.041743245623145686,-0.07786995256734186,-0.09560671591672254,-0.10506809585361865
-0.06097115735669956,-0.03377110651716242,-0.06624209395783842,-0.06498658623785647,-0.08079689046937277
-0.06754289886820009,-0.031854646658194485,-0.07623982885438951,-0.10050293098854246,-0.11237270884014028
-0.08725812340270167,-0.05603374831545438,-0.09301080003336959,-0.09812207781618587,-0.10431582130119266
-0.07192405987586703,-0.04188577321914655,-0.07894942255728576,-0.09355616946088274,-0.10401230817633866
-0.07411464037970061,-0.04461604374906536,-0.08008789099324265,-0.09028010359848582,-0.10706910592373664
-0.0657174151150055,-0.03922288006909713,-0.07128788594867363,-0.08873506925924124,-0.10611170489048039
-0.08543263964950709,-0.04655336306749858,-0.09213797471821272,-0.09761866495231963,-0.1054325007858039
-0.0839722526469514,-0.05007792541653944,-0.09151409200093341,-0.10903686785173672,-0.11346271889488202
-0.06462212486308871,-0.03576589904128025,-0.07245206695279494,-0.0878837997388271,-0.10605985970011544
-0.0573201898503104,-0.02601865101594214,-0.0649861083074117,-0.08752211005414268,-0.1078239519642018
-0.06535231836436661,-0.035115503321591635,-0.07010567992300987,-0.08434594608493307,-0.09875175828657257
-0.08543263964950709,-0.0505609245584101,-0.09445706493598394,-0.1050837655211001,-0.11694923478151098
-0.06316173786053303,-0.03450043305798112,-0.06966225614973331,-0.0886488521456601,-0.0990954679705458
-0.06462212486308871,-0.03555561526925233,-0.07131587569867037,-0.08099906403044221,-0.08281800634744596
-0.05951077035414387,-0.03036247848889384,-0.06503876368703354,-0.08019680124180262,-0.08021547018549413
-0.07046367287331134,-0.04054980428565236,-0.07616002455337223,-0.09424451614221108,-0.11035913366708383
-0.0755750273822563,-0.04342531429243912,-0.08442388255655242,-0.09791152263374481,-0.11806695850703974
-0.08141657539247893,-0.05167457099241635,-0.08800720266612538,-0.10237426979912867,-0.11012901253381646
-0.0763052208835342,-0.043322402921885605,-0.0846673929527656,-0.10278719397363467,-0.11758409274749371
-0.08798831690397957,-0.05531742664414363,-0.09555710791079886,-0.10465443603183844,-0.10973824731998483
-0.059875867104782765,-0.035134474084575706,-0.0657285247412801,-0.08006421555196486,-0.0930240696751724
-0.09309967141292441,-0.06331751065451763,-0.09915759614039787,-0.10612445768518353,-0.12039134680567176
-0.08689302665206289,-0.0554997488699146,-0.09435987171885074,-0.10421924090607027,-0.12065136550757305
-0.07155896312522825,-0.03977664408777204,-0.07986637520099116,-0.09377949440634525,-0.10132846298098008
-0.09054399415845193,-0.06474541304496106,-0.0966357494332103,-0.10699066152405146,-0.1178936331651812
-0.06936838262139466,-0.04134837072004227,-0.07454539793278947,-0.07972337601624935,-0.10629894040546306
-0.08689302665206278,-0.05260998465453737,-0.09420712003612663,-0.10389835311051587,-0.11016686420008093
-0.07995618838992335,-0.05008945400931464,-0.08713071466142375,-0.09564104444928667,-0.10218360130416126
-0.08214676889375683,-0.052895971971140265,-0.0873877852891316,-0.10361544042550241,-0.10873123667970341
-0.09054399415845205,-0.057733623322051564,-0.09683908384032747,-0.10790954597970182,-0.11888372079980436
-0.06717780211756119,-0.033479407318016796,-0.07672068074504379,-0.0959151400707473,-0.09980412591081644
-0.08579773640014599,-0.05703494182968227,-0.08984716051050534,-0.1126595521291116,-0.13334447120470372
-0.07703541438481198,-0.04502354609929071,-0.08319731384942486,-0.10134368187626863,-0.11455888629906352
-0.08397225264695152,-0.05280634912378801,-0.09166246024915115,-0.10515393222903113,-0.09679195702312948
-0.07155896312522814,-0.04240851369113219,-0.07804844042964465,-0.09282812171635813,-0.10233763537877749
-0.06754289886820009,-0.03554066986504223,-0.0742607129183207,-0.0852221156438544,-0.0924535278806985
-0.08105147864184004,-0.047819252095312126,-0.0901115953535051,-0.10225079346262245,-0.11476313836954366
-0.06279664110989414,-0.0384974029735391,-0.06621519171928858,-0.08244267246457537,-0.10867613971400258
-0.08725812340270167,-0.05812985078901389,-0.09234558298576778,-0.09459690312266322,-0.1020162803415472
-0.08579773640014599,-0.05713931343998413,-0.09209864528432443,-0.10212040471701078,-0.10048096189849587
-0.07849580138736767,-0.04275326278448244,-0.08832544594785141,-0.1054378277655521,-0.10955780546709948
-0.08689302665206278,-0.05712279789489816,-0.09435350680894516,-0.10920225625366442,-0.11404068373873644
-0.06535231836436661,-0.03451213977762657,-0.07131588726712657,-0.08712881279141793,-0.0992716997728903
-0.08105147864184015,-0.050865392736663684,-0.08727541996596488,-0.09990808240205595,-0.10644752431506332
-0.08981380065717415,-0.06410262418923551,-0.0928118543475871,-0.09797338066419103,-0.10717491166342075
-0.05841548010222708,-0.0275901090060382,-0.06552917629662536,-0.0811450301842972,-0.09618514890817187
-0.0755750273822563,-0.0471963926618334,-0.08164357913926423,-0.09979122420442921,-0.10396981219326529
-0.08652792990142388,-0.05830876259852391,-0.09368075127099795,-0.10726343042770892,-0.11754396788721744
-0.06024096385542166,-0.03413522720326323,-0.06589632672439127,-0.08468162979998584,-0.10438370871152103
-0.06425702811244982,-0.03617253435469636,-0.07042758029156237,-0.07839361804031564,-0.09834831604534178
-0.0850675428988682,-0.056979771571782356,-0.09178301191928984,-0.09927173872043704,-0.09755979343784793
-0.07009857612267256,-0.03742672600955277,-0.07660796795163938,-0.08375779689982277,-0.09368180006588223
-0.10624315443592558,-0.07039953469643412,-0.11498462687086575,-0.12148222743832959,-0.1251888796335684
-0.07995618838992324,-0.053830416429406225,-0.08455016288426676,-0.09301951619560145,-0.10490185419209974
-0.08543263964950709,-0.05814158747100717,-0.0902973812183725,-0.10631445717871302,-0.12150002589633357
-0.07630522088353409,-0.04682045976762117,-0.08276531259502828,-0.10211534859084415,-0.12386449461383675
-0.07703541438481198,-0.04349001210167247,-0.08305245436774533,-0.09493798292316069,-0.10593589191510011
-0.06936838262139466,-0.04201480681617309,-0.07464508091576871,-0.09670298906021191,-0.10810203805421648
-0.07922599488864546,-0.04447320467381266,-0.08837129886644213,-0.1174277318846989,-0.13698805215244692
-0.06681270536692219,-0.03695850513855237,-0.07279863736903658,-0.0915479415853262,-0.10950333254807487
-0.08287696239503461,-0.04601637852982332,-0.0931001663092732,-0.10593659205491068,-0.11186718047331168
-0.07447973713033962,-0.046735360172946105,-0.08006029827339034,-0.08803878671616938,-0.10686805538304933
-0.06316173786053303,-0.03509479291795059,-0.06772383883575017,-0.07353503242838755,-0.09454079587989717
-0.10186199342825852,-0.07566255900296648,-0.10571672025374257,-0.10672790783092345,-0.11428395068058572
-0.06243154435925524,-0.03360167448077689,-0.06873638131441151,-0.0816748800275452,-0.09724709205941284
-0.056955093099671505,-0.027695861602749394,-0.06277492119706574,-0.06375498715783334,-0.08044446057562582
-0.07667031763417309,-0.046898511993772485,-0.08107515704437318,-0.08053476364998258,-0.09896434257858067
-0.07740051113545088,-0.049644416162700766,-0.08041088485163739,-0.09506984673264796,-0.11783198803736539
-0.08835341365461846,-0.05275264358746268,-0.09421419663116437,-0.10640245044273822,-0.12868405822829154
-0.07667031763417298,-0.0437346473679211,-0.08293042557645125,-0.09709671217073634,-0.11025289241426917
-0.07155896312522814,-0.04325639896369671,-0.078444485597429,-0.09893144761674966,-0.11324569321566902
-0.07484483388097851,-0.0409704920137941,-0.08346030361293955,-0.10042020199844948,-0.11174151262831988
-0.08287696239503473,-0.05444009576309494,-0.08932634022039798,-0.09875428719342538,-0.10086463899873321
-0.08324205914567362,-0.05516162509968425,-0.08971238544964066,-0.09974307049331776,-0.10316646800042162
-0.06790799561883909,-0.04100592175301632,-0.07237234756017497,-0.07738088855625158,-0.09668969198229527
-0.07922599488864546,-0.054064094053224876,-0.08350431050935292,-0.0878579656035271,-0.09937388671611957
-0.09017889740781304,-0.06210210695504814,-0.09655868584500293,-0.10971207505459246,-0.10485475576754733
-0.05841548010222708,-0.028631054134374945,-0.06506919984249682,-0.08444367794500429,-0.09543198294360566
-0.05001825483753197,-0.024669904238098006,-0.05644668794476071,-0.06734353275952554,-0.07936743019251113
-0.08616283315078488,-0.05616384256442164,-0.09193559642280502,-0.10322362379778649,-0.12104935795479754
-0.06900328587075577,-0.04140131519215551,-0.07411070303153267,-0.08946106466042669,-0.1042987272552085
-0.06279664110989414,-0.036429018136335256,-0.07015746027040126,-0.08740493188705134,-0.09554043552217473
-0.08652792990142388,-0.052522524168358786,-0.09328514774318775,-0.11036651095939642,-0.13346784523495558
-0.08141657539247893,-0.05199599179491432,-0.08646575055567629,-0.08303058515482209,-0.1009000351007836
-0.06352683461117192,-0.03372462503942564,-0.06967472209429015,-0.08908189652855059,-0.10753627541164901
-0.07703541438481198,-0.04584753731832569,-0.08422931596613359,-0.09399193396404215,-0.10863067485384681
-0.06973347937203356,-0.04279274259903243,-0.07540467316784438,-0.08437270113921169,-0.09622340296594112
-0.09236947791164662,-0.057987044203958726,-0.0983218628726481,-0.10756241294331936,-0.12924469747983125
-0.08324205914567362,-0.05136634690173714,-0.09130811618252288,-0.1057086363606945,-0.11755354206537849
-0.08433734939759041,-0.05582695108301883,-0.09066990031937949,-0.10766015359191206,-0.11361850741816959
-0.0839722526469514,-0.04981358543951053,-0.090994057977145,-0.10456085874219656,-0.1195195730662133
-0.05951077035414376,-0.03555691055619603,-0.0661331192280018,-0.08958397819157315,-0.11466541148837761
-0.07046367287331146,-0.043403055574070315,-0.07702659611971774,-0.09073680945318485,-0.10087376084308808
-0.08324205914567362,-0.05009016860583937,-0.08997659115223477,-0.10056906914012587,-0.11803764941636008
-0.07667031763417298,-0.04540081634697757,-0.0832250493847233,-0.08966441101223155,-0.11680152817481948
-0.07740051113545088,-0.0464211608511369,-0.08550377911598561,-0.0926121056748066,-0.10755292300660091
-0.06535231836436661,-0.03590722523677392,-0.0719939043005029,-0.08378423459779394,-0.09468780924376885
-0.07703541438481198,-0.04527937139381588,-0.08456102252264719,-0.09484360875652875,-0.10931533535635363
-0.0657174151150055,-0.036877897140097704,-0.07203682592080418,-0.08084607217655926,-0.0866583570982622
-0.07082876962395024,-0.04235385144738901,-0.07646989729246356,-0.08620735893585074,-0.09893590508309558
-0.06827309236947787,-0.04158083628872977,-0.07413892221430163,-0.08403685768092539,-0.09534927876774169
-0.08871851040525747,-0.061008210724305845,-0.09503339516606335,-0.08975604368369727,-0.08907337901743329
-0.06024096385542166,-0.03189929218168919,-0.06662241172658712,-0.07113745163264085,-0.07532311745486531
-0.08214676889375683,-0.05172446122306118,-0.08851082432889779,-0.09855920135554075,-0.10608464843162468
-0.0755750273822563,-0.04437571311579003,-0.08347996766174304,-0.09393261030025801,-0.106712857891895
-0.09346476816356342,-0.06292365875228567,-0.10126193998118538,-0.11261042759122497,-0.1253025561559754
-0.0752099306316173,-0.044032475311952424,-0.08070567695918807,-0.09131577168280425,-0.10026195920183634
-0.09748083242059147,-0.06658668693107406,-0.10505776994335025,-0.11230241622878812,-0.1151486318846704
-0.08725812340270167,-0.05966480674459329,-0.09240136559468315,-0.09828138113581086,-0.10704087218921798
-0.0843373493975903,-0.05274605541705224,-0.09250181778479682,-0.10621688125276552,-0.1154245686598303
-0.06900328587075566,-0.036058230683090664,-0.07555939862135974,-0.07622916306382854,-0.09715725165113964
-0.06425702811244971,-0.029722614107171696,-0.07380939800167674,-0.10348829031577478,-0.11190834619320822
-0.058780576852866084,-0.027619442247304282,-0.06627216803824765,-0.07529034831047587,-0.08396593993388546
-0.08798831690397957,-0.05898780640558543,-0.09475521397426001,-0.11312740999967585,-0.11830095994886425
-0.05732018985031029,-0.027277748253281997,-0.0640755627352968,-0.08153407625238629,-0.09682204236514169
-0.06389193136181093,-0.037108371688267305,-0.07078795298837681,-0.09087123711206835,-0.09647849800086006
-0.07265425337714493,-0.045562686992464574,-0.07894212348519747,-0.10964549521291134,-0.12201267290843176
-0.07630522088353409,-0.04953155639479989,-0.08116844107859833,-0.09819102376793931,-0.09952576760980181
-0.09017889740781304,-0.05965508906170558,-0.094205521368937,-0.10398942647888276,-0.13381702545124974
-0.08871851040525747,-0.06017936920996947,-0.09491035518413327,-0.11086954418820605,-0.12081467757938802
-0.08178167214311793,-0.050166526044186366,-0.08915477206869415,-0.10023533546353436,-0.09822923791988691
-0.08871851040525736,-0.055057084129488065,-0.09741869400230341,-0.10498771694931519,-0.11810751330683977
-0.08068638189120114,-0.04860625824986409,-0.08786411911191627,-0.09669240430988935,-0.10640103769772813
-0.06717780211756119,-0.04047903899919336,-0.07147450448166315,-0.09229682478770806,-0.10776885974352868
-0.09565534866739689,-0.06347552626325947,-0.10308624459247073,-0.10778453078415406,-0.1136816004453236
-0.07594012413289519,-0.04716535592682014,-0.08180614389850471,-0.08997336958626057,-0.10967247177752526
-0.0748448338809784,-0.04836671610865151,-0.0798332692313668,-0.09706175079820123,-0.12057826133995031
-0.07155896312522814,-0.0412843463413306,-0.07975992847295821,-0.08790242741294141,-0.09593471837031786
-0.07813070463672878,-0.04992690567351199,-0.08402490336383261,-0.09875887803392247,-0.11192906314314088
-0.05147864184008755,-0.020868483698426643,-0.05870663625216066,-0.057616818800604874,-0.07099163806782338
-0.0748448338809784,-0.046119007167169546,-0.07958798653078258,-0.0932161884960101,-0.10601420781165782
-0.07228915662650603,-0.044533559903844,-0.07970335038061838,-0.08004107383680814,-0.10367873445494247
-0.08324205914567362,-0.05365634343126602,-0.08923711623772079,-0.09700111159441316,-0.10063563168396095
-0.0664476086162833,-0.03526661179144397,-0.07425944683904784,-0.09504559703311855,-0.10235401437794978
-0.08178167214311793,-0.05459529935931762,-0.08840282269293576,-0.10351690741956665,-0.11235798276532805
-0.0755750273822563,-0.04503095764551823,-0.08221925447162093,-0.08745225176022076,-0.10275286947246287
-0.06790799561883898,-0.037697981122414514,-0.07603168623430245,-0.0937327110954902,-0.104723941947788
-0.09127418765972983,-0.06094536369890291,-0.09703191721372573,-0.09835111089159088,-0.11228518210050997
-0.09821102592186925,-0.06906313363778027,-0.10288480500189623,-0.10719529866711253,-0.12304942887929315
-0.09821102592186937,-0.06597594928497241,-0.10492089090529944,-0.11300248552798642,-0.11271433311464085
-0.08214676889375683,-0.04864581535796764,-0.08786851760531578,-0.09961392649074707,-0.11858770984510292
-0.07959109163928446,-0.050247601991669666,-0.08522757646834611,-0.09771001601671925,-0.12034072676696805
-0.09675063891931368,-0.06523958911983152,-0.10227172584311517,-0.10997820855930074,-0.13268088828922375
-0.08616283315078499,-0.05514757967619133,-0.09329757313681797,-0.1001725662762355,-0.11323016853181522
-0.0752099306316174,-0.046827059506862834,-0.07969683294980956,-0.08584547530828535,-0.1006964438734258
-0.06425702811244982,-0.03858116947816215,-0.07059081252705324,-0.08994579128026337,-0.10551492071904411
-0.08068638189120114,-0.048030597376817585,-0.08704888257696419,-0.08337697276148515,-0.08779461352626805
-0.07192405987586714,-0.04116733107255155,-0.0795831968458105,-0.09137560590191263,-0.11069459995737807
-0.06827309236947798,-0.03971508764274989,-0.07666923513351542,-0.09561436015460179,-0.10662890137208958
-0.0934647681635633,-0.06105751955554328,-0.10030010556256785,-0.11002941208099892,-0.11767195339795933
-0.07849580138736767,-0.04570397552536021,-0.08559862499232973,-0.09716964793785099,-0.10820011712849209
-0.06827309236947787,-0.04276560836928689,-0.07349776784010342,-0.09322625773473214,-0.10340986621053161
-0.07009857612267245,-0.03823285574735735,-0.07678340628533797,-0.09018591097993056,-0.10720059046729047
-0.08214676889375683,-0.04940924648510481,-0.08805556671038373,-0.09341898101042134,-0.10573951635494605
-0.08871851040525736,-0.05549305164182228,-0.09426298747803774,-0.0936276217685178,-0.1075860957503918
-0.09529025191675788,-0.055792331722084754,-0.10310342788640758,-0.10579975991835944,-0.1199470192196741
-0.08287696239503461,-0.04804612940083075,-0.09063314429693181,-0.09311985521944255,-0.09866148195302149
-0.08105147864184004,-0.051997695199238136,-0.08668236476371916,-0.0973868844146607,-0.11106730152478317
-0.08762322015334068,-0.056192472796246395,-0.09444448192919297,-0.10918909624343764,-0.11308269518503289
-0.08616283315078499,-0.05267369415144019,-0.09186894343946439,-0.10716821789283149,-0.11357380684397489
-0.08141657539247893,-0.04898213350722713,-0.08746676140024989,-0.08899411169035731,-0.09553045321849674
-0.05476451259583792,-0.025078119794300857,-0.06232957392761329,-0.07815940589784565,-0.08446382949158648
-0.07265425337714493,-0.04307443876688288,-0.07876704010218882,-0.08814008255971706,-0.10495959479790995
-0.08287696239503461,-0.05600212355978629,-0.08801725526861937,-0.09649116686293469,-0.11750098646780593
-0.05768528660094929,-0.030250884634182795,-0.062454848896407844,-0.07045626593638954,-0.0869636595615777
-0.08543263964950709,-0.05159784766310682,-0.09179869452634815,-0.09928136501436302,-0.11350491355444059
-0.07667031763417309,-0.04793293123045139,-0.08154283898107273,-0.08594685488448794,-0.10298348242202171
-0.07411464037970072,-0.04158712806454834,-0.07968304052955621,-0.10016054313612477,-0.12549722492838278
-0.07740051113545099,-0.04801959502275244,-0.08378636621191049,-0.09683150010093167,-0.11487157514811264
-0.07411464037970061,-0.040656732624833936,-0.08120321087389737,-0.09319082228413222,-0.10828437783264055
-0.08178167214311793,-0.04863310630555051,-0.08950978524397812,-0.11415450839803865,-0.1237113226269887
-0.07228915662650603,-0.044745556274502385,-0.0764093751731425,-0.08744350796778622,-0.10559512668194027
-0.055859802847754714,-0.023669047143792143,-0.06339220539233126,-0.07698722736578523,-0.10029334774347709
-0.07886089813800656,-0.049575711564909364,-0.08788540989948068,-0.10448611421379272,-0.11385965631937411
-0.0657174151150055,-0.03329563273674374,-0.07406929235402404,-0.09198016321839331,-0.09638817050622861
-0.07082876962395035,-0.04112226684317999,-0.07739029430992961,-0.08322758605856617,-0.10219980625662628
-0.08616283315078488,-0.05565560553834725,-0.09301832450434366,-0.10871912832929786,-0.12157117128543193
-0.06206644760861635,-0.0395228771395576,-0.06664696120748848,-0.08598705223198433,-0.09494761872893998
-0.07886089813800656,-0.050479676653371275,-0.08494773646902487,-0.09733280533600586,-0.11343895512712976
-0.0748448338809784,-0.04695647251252,-0.08040797461883109,-0.09461803878639574,-0.10178846529711416
-0.08360715589631251,-0.05116105392189774,-0.08970783335750399,-0.09852152036649386,-0.12359693186630427
-0.08287696239503473,-0.052686638904260064,-0.08896596783178778,-0.10271420353435168,-0.10716048660415611
-0.0653523183643665,-0.03494389651640528,-0.07067962297110841,-0.08624424136338738,-0.10140842170846864
-0.10149689667761952,-0.06953069111722299,-0.10793251885429878,-0.10857984070593263,-0.10890992383386677
-0.08068638189120114,-0.04729878297237666,-0.08854098702022384,-0.10380777906085759,-0.1158016533267967
-0.08068638189120114,-0.05052016464730946,-0.08803257932585096,-0.10372520480231318,-0.11582840490576307
-0.08141657539247904,-0.052769764132946095,-0.0859658333112483,-0.08406795427179337,-0.09705385157342905
-0.0755750273822563,-0.04609206473027716,-0.082102317815959,-0.0932299320808676,-0.10954048698832863
-0.07082876962395035,-0.042901026732762304,-0.07680778912796449,-0.09483448099919611,-0.10853948442476846
-0.08543263964950709,-0.0551338962782274,-0.0908041538890656,-0.10019680270635878,-0.10978045240642553
-0.07813070463672878,-0.04684727307825565,-0.08474636179147099,-0.10540134630218734,-0.13422674641333776
-0.07155896312522814,-0.041388541542196844,-0.07777414290829754,-0.08404763006676219,-0.0927298241771376
-0.07411464037970061,-0.045330065345935644,-0.08294809812009896,-0.09937767785869056,-0.10828109136444641
-0.05768528660094929,-0.030064555612000943,-0.06412972415587193,-0.08400560118283162,-0.09837893446660961
-0.06863818912011677,-0.036709910670161605,-0.07405950562756902,-0.0869074854935411,-0.100540797337345
-0.05147864184008766,-0.019855607622518034,-0.05744456494321659,-0.07608898729121116,-0.09228234557377435
-0.08324205914567362,-0.04806073709349923,-0.09166557486632554,-0.0989752757235014,-0.11279338953570905
-0.07374954362906172,-0.04578094843238445,-0.07874818856074772,-0.09166461059858388,-0.10126377670944287
-0.07959109163928446,-0.04712833453303822,-0.0882691923630784,-0.08897004068681924,-0.08691403631173333
-0.06425702811244971,-0.03506174075481405,-0.06974629402591459,-0.09024410409266803,-0.10720736469384307
-0.05439941584519903,-0.029549830277645905,-0.05960533147164215,-0.06768966146448263,-0.08230733276550284
-0.07922599488864557,-0.05109506421144283,-0.08676219034254684,-0.08109834318127851,-0.09048851238115874
-0.0938298649142022,-0.06384969994777978,-0.10144985682209895,-0.1123675695564188,-0.12567187671194513
-0.09163928441036873,-0.05949013142704085,-0.09702909459680542,-0.09689173501104753,-0.1144952495540883
-0.08141657539247904,-0.05610660918202559,-0.0864162677292557,-0.10176111676065447,-0.11428962534537312
-0.08944870390653525,-0.059032219403771125,-0.09625501685810334,-0.10401412443995983,-0.11188769237202323
-0.08725812340270167,-0.05393108138534852,-0.0929886746124351,-0.10098426417870865,-0.11224154037725331
-0.08105147864184015,-0.04789896509511671,-0.08744706361417975,-0.0986516580592407,-0.10477142726692767
-0.07703541438481198,-0.046323460432603936,-0.08469841592842453,-0.08098689221974087,-0.0913700861133726
-0.06827309236947787,-0.035622881602421,-0.07510771556380136,-0.09689436324781742,-0.11080540492340585
-0.06790799561883898,-0.040054103828318866,-0.07479795856244587,-0.08319865312600139,-0.09148264873512757
-0.07740051113545088,-0.049842689911128724,-0.0829309349413494,-0.09573422707854773,-0.10353588152049664
-0.08251186564439583,-0.05205267862234819,-0.09067495152866833,-0.09483318363327453,-0.09549436351375584
-0.08543263964950709,-0.05250591665686011,-0.09340575625255088,-0.09595883856392406,-0.10772229950390477
-0.08068638189120114,-0.04419656765140123,-0.08812826249528216,-0.10149737490624677,-0.1128647601823295
-0.06316173786053303,-0.038550116285665625,-0.068337906464912,-0.08790068260748085,-0.11348773223376807
-0.0748448338809784,-0.04707316109739379,-0.08177482667042069,-0.09384341414106512,-0.10366626463552997
-0.06352683461117203,-0.035027489167578474,-0.07131200017844186,-0.09762630480843715,-0.11809697311193135
-0.05184373859072655,-0.023466620457391008,-0.057735473879364285,-0.07765125312903964,-0.09269681073628788
-0.08214676889375683,-0.05508852113554752,-0.08654769305526377,-0.09841029727139128,-0.10723885307299974
-0.07411464037970061,-0.04068934989636508,-0.08177902242722301,-0.09843762659680799,-0.10539949292891393
-0.07228915662650603,-0.04039249077298679,-0.07986950225199874,-0.0975301642461257,-0.1152528649301734
-0.07959109163928446,-0.05121419502851032,-0.08415085787383525,-0.09530453403307193,-0.1094817786825979
-0.05732018985031029,-0.02955506883109693,-0.06281194452024152,-0.0752251381437985,-0.09944505766321676
-0.06936838262139466,-0.03934818001419016,-0.07692669420676035,-0.08915999697568655,-0.10023951779177787
-0.07046367287331146,-0.040074572523615015,-0.07637496257527077,-0.08527596009440042,-0.10514032049371624
-0.07046367287331134,-0.04078685741338317,-0.07773601859819135,-0.08688626721218284,-0.09786496339372219
-0.08944870390653525,-0.05797080960647816,-0.09700359293763694,-0.1006029055690072,-0.11012649609216729
-0.07265425337714504,-0.04084011419240652,-0.08023801310496226,-0.0985171732654031,-0.10488534773248659
-0.08944870390653525,-0.05393500676736929,-0.09758088305353696,-0.10761936878214651,-0.11974642588569318
-0.06717780211756108,-0.03743159496508097,-0.07517604040018644,-0.09815836790398924,-0.11214325321094609
-0.05257393209200434,-0.025581000848176494,-0.05884006650248541,-0.07557873493130718,-0.09121741187620014
-0.058780576852866084,-0.03188946822687777,-0.06542819563573532,-0.0950273078920294,-0.10998572593619871
-0.08324205914567362,-0.05250352794026081,-0.09096145530018496,-0.10561452411039618,-0.11051714684828395
-0.07922599488864546,-0.05089442755273166,-0.08446724022079466,-0.08164066559041527,-0.08403793400260662
-0.08762322015334068,-0.056967939859255856,-0.09359571344243,-0.09977856643382932,-0.12182554885707642
-0.10113179992698063,-0.06764859642837995,-0.10824162721167152,-0.10780638887810856,-0.10731825440003018
-0.06900328587075577,-0.04237021642816785,-0.07393084703044694,-0.09335883953050039,-0.11141040516658662
-0.06206644760861624,-0.02949817675670341,-0.06911624929489779,-0.07824336166620971,-0.09478431992099212
-0.0949251551661191,-0.06116567330377032,-0.10176739308441995,-0.11235150860170462,-0.11553406821281098
-0.08068638189120125,-0.05520789876234189,-0.08811551867628853,-0.09674030806658351,-0.09569336081242596
-0.055859802847754714,-0.024161376639490584,-0.06591360841219485,-0.08584460955888118,-0.08354747450859146
-0.09200438116100773,-0.06039495624612412,-0.09904713981842361,-0.1107361372870076,-0.12313383888641816
-0.06243154435925524,-0.03758083565459602,-0.0676699038217291,-0.07753477950145349,-0.09185124131523958
-0.06863818912011677,-0.03404307438633658,-0.07699324780139027,-0.0958275765295109,-0.09758769586937888
-0.07374954362906172,-0.04469159262171707,-0.07921388110523642,-0.08541127411769511,-0.10436452849473088
-0.0755750273822563,-0.04772148334704185,-0.0816097897796666,-0.08845502491895285,-0.10730044922329207
-0.07922599488864546,-0.050133128360668744,-0.0840808338010628,-0.09460407948950134,-0.10000347596518744
-0.08251186564439583,-0.05128903731125334,-0.09073406752359081,-0.10643025991969257,-0.11138182310209332
-0.11135450894487042,-0.07312517830421017,-0.11778651252651096,-0.12587037455417216,-0.13132568601816397
-0.09236947791164651,-0.05767639328246865,-0.10153465766391345,-0.10694264780927976,-0.11731908271145375
-0.07667031763417309,-0.046502969813090544,-0.08363344319005794,-0.08614374230055621,-0.09863283449649385
-0.0752099306316174,-0.04857000880034679,-0.0815880273617604,-0.08828517655687118,-0.09884854654811714
-0.06389193136181082,-0.03840724927362926,-0.07021184111099732,-0.10097580467252931,-0.11324031027203463
-0.06754289886820009,-0.03269478563825956,-0.07729632244428764,-0.08946134819567308,-0.09715885706884775
-0.09054399415845205,-0.05985048968790252,-0.09780984812049298,-0.10396255735593207,-0.10470110071367023
-0.055859802847754714,-0.026292841476627027,-0.06383737680006907,-0.06986755719121285,-0.0818914405733181
-0.07082876962395035,-0.04483287007340886,-0.07625021852074043,-0.08911758212764576,-0.1094055949788657
-0.07886089813800656,-0.046064996596208,-0.0845682374644926,-0.08754336310120259,-0.10301380133913052
-0.07082876962395035,-0.04007549759780371,-0.07902255770837852,-0.098516334085194,-0.11122085508356427
-0.08543263964950709,-0.05616754453370598,-0.0914119022567198,-0.10567145735392858,-0.11913086612188817
-0.09273457466228552,-0.06405268768114225,-0.09770866613922502,-0.10868749129778177,-0.1330518965649774
-0.05878057685286597,-0.03298282851158785,-0.06478818950841736,-0.08458113109958143,-0.09410678739624567
-0.09200438116100762,-0.061507600742206625,-0.09866099407083684,-0.11219674991421402,-0.13327407953890635
-0.06425702811244982,-0.03512172259939028,-0.07039945282554216,-0.09156436472050966,-0.10783968110612963
-0.10259218692953642,-0.06888123715351879,-0.10961882368363673,-0.12029030199344626,-0.13995793366991371
-0.08725812340270178,-0.0572462347850663,-0.094910952784234,-0.10037733909665847,-0.10000094287966443
-0.07740051113545088,-0.04647402467197004,-0.08367630359890743,-0.09763331094694427,-0.10925565151634964
-0.0653523183643665,-0.03439844560008498,-0.0713729492746824,-0.07442317623199424,-0.08331209747555535
-0.07338444687842272,-0.04393423348234793,-0.08000346944863646,-0.0936277635882381,-0.1024761347394596
-0.08762322015334068,-0.05456636396082004,-0.09529271680438423,-0.10614616955582257,-0.11250592557567074
-0.0748448338809784,-0.04064090810258292,-0.08208005248857564,-0.09005477406772755,-0.10511042790059777
-0.0839722526469514,-0.049330861770453205,-0.09045549036451572,-0.09032081203706399,-0.09497658093003247
-0.08616283315078499,-0.04799099523171291,-0.0942917571852725,-0.11289898606552351,-0.11669305565561627
-0.06754289886820009,-0.04067366377106896,-0.07272613721282839,-0.08638449285456329,-0.08997240457660827
-0.0850675428988682,-0.05621895775616115,-0.09008170813190453,-0.08375550247946273,-0.09416866214603503
-0.07922599488864557,-0.04729235093837603,-0.0876463834797856,-0.10573127656170966,-0.1081243406950656
-0.09565534866739689,-0.06506954184933089,-0.10137857899804359,-0.10491848456718489,-0.11111103201645156
-0.07886089813800656,-0.05240287854629222,-0.08410316931022466,-0.0995535258562793,-0.11006115952034923
-0.0755750273822563,-0.04872717435058316,-0.08189980375572226,-0.10108833219061408,-0.10836072464699809
-0.10879883169039795,-0.07205107801902166,-0.11511356861405186,-0.12128685868298039,-0.1340151295214922
-0.06681270536692219,-0.039583315122673324,-0.07506625883193963,-0.0791325521727052,-0.08234272380840535
-0.04673238408178171,-0.020521276220398565,-0.051805967408704134,-0.06507392966893888,-0.08277376441963646
-0.08579773640014599,-0.05399458978621641,-0.09170662898507542,-0.09538379099466399,-0.11338518397497033
-0.055129609346476816,-0.028270584360399642,-0.06043887470246123,-0.07336080951341684,-0.07942166195478717
-0.05878057685286597,-0.026877985372094515,-0.06585801366268829,-0.07556323866263759,-0.09895269839200171
-0.06863818912011688,-0.03667719905034006,-0.07516241730083251,-0.09360651740000125,-0.11700698011176658
-0.11281489594742611,-0.08330281025476016,-0.11822533166411653,-0.11724023515644844,-0.12449977447978766
-0.06352683461117192,-0.03401285214199512,-0.07141416925476407,-0.08809868474356541,-0.1121248611209974
-0.07374954362906161,-0.043547143920446674,-0.08060021393389882,-0.09004332386746339,-0.10314088614659667
-0.07046367287331146,-0.03787152792185422,-0.07825348697265977,-0.09296424582691898,-0.10763258279064503
-0.07228915662650603,-0.045551190348428694,-0.0788707823727387,-0.10059128027472608,-0.12024549537242935
-0.06900328587075566,-0.03573587239355436,-0.07858875202993842,-0.10119363538879789,-0.10945389049767484
-0.05476451259583792,-0.02712083337568605,-0.06064163919354215,-0.06338898946578075,-0.08546460306369308
-0.09638554216867468,-0.061048588091011546,-0.10279754395667884,-0.10595915499755992,-0.12282316112102731
-0.06352683461117192,-0.028615102386618796,-0.06916072901545545,-0.0985293330191912,-0.11578197284687164
-0.08287696239503461,-0.049045475460738674,-0.08896520979237932,-0.09168369764983164,-0.0917989032537071
-0.06717780211756119,-0.04044686282913734,-0.07294419203955893,-0.09216068949398415,-0.10668538499171198
-0.06973347937203356,-0.040124479921251344,-0.07654407770448723,-0.09621065375302651,-0.10571583641039906
-0.07849580138736756,-0.04650416072181873,-0.08518709064076113,-0.0910437313527378,-0.09950868824626058
-0.07630522088353409,-0.048059665978927524,-0.08400569197262753,-0.09016388995882407,-0.09669310575910361
-0.08360715589631251,-0.055023296053151594,-0.09052977924144812,-0.09953137734311324,-0.10019451085323605
-0.07740051113545088,-0.04443442983190682,-0.08405176546484872,-0.103644793750309,-0.11412713995891766
-0.07447973713033951,-0.049122493291843816,-0.07914175230976517,-0.08276787008844422,-0.10431882865331121
-0.0850675428988682,-0.05855317303762464,-0.09024403801147263,-0.1017018124622785,-0.10953636369999242
-0.06498722161372761,-0.03709301820353461,-0.06967326561380593,-0.07884759252828477,-0.09664900881541472
-0.0839722526469514,-0.053955569414179116,-0.0896678751442247,-0.11153004937199462,-0.13333395526661385
-0.08798831690397957,-0.056112522807921006,-0.09457137831354101,-0.10627678008991015,-0.12875639071792433
-0.07667031763417309,-0.04960492794755644,-0.0809938724561311,-0.09465143135316456,-0.10939010881626654
-0.06060606060606055,-0.030285352058779913,-0.06710025827467114,-0.08588517389504458,-0.10081708058416505
-0.06790799561883898,-0.03952999928037215,-0.07391816675981189,-0.08080147264023374,-0.09216871274055383
-0.08360715589631251,-0.057649480538535136,-0.08947254253808501,-0.0949341320847995,-0.10260666206917368
-0.08032128514056225,-0.04888520256003548,-0.08694933110865455,-0.10230740580869269,-0.11529993450861264
-0.06024096385542166,-0.03307750571081047,-0.06469144468646204,-0.06491508783500222,-0.08370632642665976
-0.09236947791164662,-0.06007966366694695,-0.09931006080904281,-0.10216978952289346,-0.11997473216318633
-0.08287696239503461,-0.054783195243666594,-0.08772610519085045,-0.08543691556497301,-0.10476341639152376
-0.06717780211756119,-0.03833716249214525,-0.07407303884479466,-0.07917103271626502,-0.08140523776761888
-0.04965315808689297,-0.019869950779852097,-0.056581135940108496,-0.06885243158452714,-0.08227375665697889
-0.08689302665206278,-0.056458301746645456,-0.0945000092867212,-0.11456372322425112,-0.12745134936679015
-0.08287696239503473,-0.04881496898313342,-0.08987330912838465,-0.11323523395495949,-0.11808474946101577
-0.09017889740781304,-0.05531118032858007,-0.09711794157047138,-0.10579671761307452,-0.12060965191846562
-0.06498722161372761,-0.03677697287789494,-0.07072410273892527,-0.07986618495400633,-0.10062684007552913
-0.08543263964950709,-0.050653482254754745,-0.0927806786118548,-0.11194538606403004,-0.12263143119468034
-0.07849580138736767,-0.04394538582975094,-0.08578237266282707,-0.10135454804492394,-0.11911720394426273
-0.08105147864184004,-0.050437817709548805,-0.08962305414927108,-0.10086012641727227,-0.1088395913590432
-0.06097115735669956,-0.03439423178470957,-0.06819702085024693,-0.07661112787876245,-0.087661636563095
-0.08214676889375683,-0.04954532720540916,-0.09042976530340174,-0.10104681805559901,-0.10667015875417918
-0.07484483388097851,-0.050532265244691676,-0.08025470131651857,-0.09267257435994891,-0.10017702456620858
-0.08178167214311793,-0.053020750634349856,-0.08610022999803402,-0.10043832403311648,-0.1166358955409803
-0.08360715589631251,-0.052431289544852655,-0.08960453478276609,-0.10653562635118885,-0.1300003108250981
-0.07740051113545088,-0.044767077614390804,-0.08403094052624793,-0.09895426864287349,-0.11812694204790863
-0.07995618838992335,-0.05048509832089354,-0.08714258912827022,-0.10404901194295424,-0.11666556195049005
-0.08360715589631251,-0.05432915489558632,-0.08764724498820953,-0.09488556831656048,-0.11655955505863747
-0.08433734939759041,-0.05477942185289375,-0.09108340881333077,-0.0914922389780558,-0.08956759113567225
-0.07886089813800656,-0.04309361639596343,-0.08826572962167767,-0.10952822423381847,-0.12455669322643215
-0.07009857612267256,-0.03913385218604182,-0.07603546582507881,-0.0842221600177604,-0.09747673519492828
-0.03943044906900328,-0.011761339247388758,-0.04670701265421373,-0.052393846047461,-0.0649356594948356
-0.07228915662650592,-0.04603083092320259,-0.07705817786963376,-0.0777769068551869,-0.09462957895595925
-0.07703541438481198,-0.047709907141567975,-0.08336190231823914,-0.09953029930617541,-0.1104551583437049
-0.09200438116100762,-0.06053967210720412,-0.10093430751594579,-0.115712854667533,-0.11471451121113163
-0.09967141292442494,-0.06270567287516449,-0.10821734341008704,-0.1111775908808057,-0.11692397652365816
-0.0668127053669223,-0.03822972116700285,-0.07363769081069615,-0.09417215298835113,-0.10231816603312394
-0.07995618838992324,-0.04549447475556845,-0.08614795700660727,-0.09524958569321273,-0.09883767343654604
-0.08433734939759041,-0.04903427428628704,-0.09080320500271011,-0.10794724435505365,-0.12180247636996355
-0.07192405987586714,-0.04281512222323436,-0.07822842723077672,-0.09319319437950213,-0.09778510716412836
-0.07265425337714493,-0.04366630889742262,-0.07827698794698934,-0.094720997395632,-0.11143650356031554
-0.09163928441036873,-0.058920498262299836,-0.0996181049812519,-0.11243362951359814,-0.11051395899713845
-0.06097115735669956,-0.03357698724275515,-0.06794125016156705,-0.0863076245833162,-0.09458822032360725
-0.056955093099671505,-0.02984906610316118,-0.06297419474769839,-0.09033656174334137,-0.10361357767928303
-0.054034319094560024,-0.02548229037944827,-0.06027812806543098,-0.0859418023099161,-0.1087439645475351
-0.09017889740781304,-0.060412027492986686,-0.09529427828092574,-0.11150295579163805,-0.13518834192429585
-0.07886089813800656,-0.05066046726055773,-0.08443723476884446,-0.09053722044195744,-0.10937340324315226
-0.08287696239503461,-0.057352110009553425,-0.08934095831845856,-0.11116943438766891,-0.11871160187657703
-0.07119386637458935,-0.042364301741638966,-0.07736040039701764,-0.0969977296692418,-0.10960683121483239
-0.06243154435925513,-0.03451461865468419,-0.06745888971760172,-0.08335472127661858,-0.10268224579218499
-0.07594012413289519,-0.044567546133541636,-0.08220880697643551,-0.0872257600326456,-0.10447463376768817
-0.0657174151150055,-0.03900402604771813,-0.07100875431892995,-0.08657761539487452,-0.09570224935680982
-0.06206644760861635,-0.03227018045048635,-0.06948859908566218,-0.08317017356671386,-0.09165912087178629
-0.06462212486308871,-0.034913396124994445,-0.07010756702507326,-0.08161862772764006,-0.09012458574805071
-0.07192405987586714,-0.04101595622199372,-0.0779284388459941,-0.0883053247683302,-0.09378891686899049
-0.07192405987586714,-0.04102507542089728,-0.07980393065427116,-0.09847820089046622,-0.11146807304484063
-0.07703541438481198,-0.0426162999113916,-0.08676373356157796,-0.09942396313364066,-0.10505354711018422
-0.09565534866739689,-0.06595727938611795,-0.10169149483223194,-0.10715002145462349,-0.12512207450538726
-0.054034319094560135,-0.022133255112071204,-0.06327186881625657,-0.08203892949304015,-0.09511877347668074
-0.09273457466228552,-0.06105885812436096,-0.09792569671661466,-0.11719185864095816,-0.13518800603988068
-0.06462212486308883,-0.03613732267152647,-0.07079295022255128,-0.08435229750342554,-0.08878587580303143
-0.06900328587075577,-0.03710959193225094,-0.07533126217210084,-0.09496714665175454,-0.11963201552279279
-0.08360715589631251,-0.05144265364270861,-0.0900647504052976,-0.09771509992915872,-0.11281169841410554
-0.05841548010222708,-0.023858790139233532,-0.06425118625033499,-0.07304851869132878,-0.08258694242215625
-0.06425702811244982,-0.033130060401852846,-0.07165363173349348,-0.10290882806642587,-0.11785996523041076
-0.08068638189120125,-0.04701309115737995,-0.09010220884930087,-0.10122177351778883,-0.11803853733648184
-0.07776560788608977,-0.047538955437306796,-0.08308808864373218,-0.09069820211266255,-0.10357873287420882
-0.0755750273822563,-0.04762362236441198,-0.08260436448580899,-0.10235245529842374,-0.10511019861204263
-0.06827309236947798,-0.037998320864003454,-0.07642309406177772,-0.08751118294156535,-0.0994292834912619
-0.0565899963490325,-0.03399679383554266,-0.06107778067208636,-0.07963179474296156,-0.0972644534728625
-0.07886089813800656,-0.05176913486367429,-0.0860718600798438,-0.09596710190147961,-0.10018885666928201
-0.09711573566995246,-0.06452123065856907,-0.10480759423170993,-0.11841819277367693,-0.13788807024384186
-0.06279664110989414,-0.035540090324499785,-0.06958029846772429,-0.09196732147049058,-0.10018977409913643
-0.04855786783497629,-0.020141348035919715,-0.055965632043804225,-0.08415436337346893,-0.0959408155457242
-0.06462212486308871,-0.04216862415251266,-0.0687329543991001,-0.08393786608611498,-0.10408030812366353
-0.06681270536692219,-0.03981611473196911,-0.07302275986149198,-0.08297886459941783,-0.09149810049147455
-0.07046367287331146,-0.03691485667178418,-0.07708392944597287,-0.09386068952192861,-0.10366765533288647
-0.09054399415845193,-0.056976874386621246,-0.09834560743870935,-0.10317282383045501,-0.10441719382245174
-0.06462212486308871,-0.03753404773011859,-0.07117637148992007,-0.08487088344491556,-0.10187305769768706
-0.0755750273822563,-0.049542168992969926,-0.08133442507554767,-0.09364463933565437,-0.1120041830978542
-0.09054399415845205,-0.05730691781808828,-0.09884294631534796,-0.1026222053890038,-0.10001470125943968
-0.08214676889375683,-0.050047335466897325,-0.08822035458094524,-0.08810791841020993,-0.09964331593706566
-0.08725812340270167,-0.050522076888473655,-0.09674471850351352,-0.11015817777820858,-0.12502372636168657
-0.08105147864184004,-0.052771715922475315,-0.08670989659276829,-0.09677945898347307,-0.10165267274038903
-0.07338444687842272,-0.04404952328011291,-0.08102997452811944,-0.08410793791622262,-0.10046873633140585
-0.07594012413289519,-0.04410693473193472,-0.08194708526854366,-0.10292015179719427,-0.12943951268455134
-0.09054399415845193,-0.0613918535593555,-0.09689189006692667,-0.09545537526444103,-0.10730833204897616
-0.06681270536692219,-0.03222812932359431,-0.07525556440713599,-0.09143086317867133,-0.10273493389800414
-0.113179992698065,-0.08007205898435521,-0.11951194982365665,-0.1315220460428349,-0.1411784311953631
-0.08944870390653525,-0.05871004771246513,-0.0978552156715996,-0.10614979209339437,-0.11011164279273156
-0.056955093099671394,-0.024537163908324278,-0.06546038117640629,-0.0929875488548435,-0.1079451646847609
-0.10624315443592558,-0.07520431333847044,-0.11262069208846903,-0.12248650418021623,-0.1364503243781705
-0.06973347937203367,-0.04006106838064827,-0.07504829852305794,-0.08355744940344856,-0.09077504080075627
-0.06827309236947787,-0.0396438451450688,-0.07356571601841333,-0.09607331444722722,-0.11975603409620628
-0.0755750273822563,-0.04626556324367748,-0.0820135350007617,-0.08587733706812428,-0.09291366473193075
-0.07338444687842272,-0.04710663806852555,-0.07924700343892521,-0.09178146820154753,-0.09692853421389158
-0.07192405987586714,-0.04290483371487819,-0.07815388276937707,-0.0853131383540029,-0.09805283036273105
-0.06790799561883898,-0.03689624885923404,-0.07493555812473451,-0.08699849771426427,-0.10268639092756116
-0.0752099306316173,-0.04416270736117256,-0.08223461038556712,-0.10134773602740577,-0.11131084456850604
-0.07922599488864546,-0.04901337674549988,-0.08633943542212141,-0.09658992262691068,-0.096901586118888
-0.05951077035414376,-0.033111079238446584,-0.06393601722731868,-0.07714531417583803,-0.07696848337334816
-0.06717780211756119,-0.03831972667414274,-0.0741766128689022,-0.07930615470705749,-0.08759180093790409
-0.07082876962395035,-0.03700344187784599,-0.07830985096428889,-0.09508124831853648,-0.11299053555033711
-0.07740051113545088,-0.0495168740228068,-0.08415725831888743,-0.08963725837761205,-0.09979663598575161
-0.06863818912011688,-0.04177332981232673,-0.07402606843371085,-0.08787594741377369,-0.09454967041309337
-0.06973347937203356,-0.03527448409731515,-0.07814645051620617,-0.07983708957489566,-0.09518969356774876
-0.07813070463672878,-0.05070033275478958,-0.08407290452936866,-0.09809572963876911,-0.10817039453940835
-0.09857612267250826,-0.06699939915736819,-0.10444933816599644,-0.11346347029999015,-0.1280072518442199
-0.061701350857977455,-0.03515664307701105,-0.06780932797961992,-0.08719983961265598,-0.092221828229891
-0.08141657539247893,-0.05051506129082384,-0.08829993186613005,-0.10767859799041546,-0.1272740698948981
-0.10259218692953642,-0.0687192713230298,-0.11072918171073498,-0.11777722746102182,-0.11884289290204086
-0.06389193136181082,-0.03717737853973335,-0.07009275516167579,-0.0828828385550715,-0.08738564658879189
-0.08725812340270178,-0.05645231500476788,-0.09299050412970389,-0.0935863277186707,-0.11411988477887636
-0.08689302665206278,-0.05568581379041426,-0.09340780518843417,-0.10812840338739993,-0.11618973255092802
-0.08835341365461846,-0.05164435124147204,-0.09525090795524838,-0.10433178068534499,-0.12114431061790443
-0.0759401241328953,-0.047889981142772875,-0.08190734736353045,-0.09591485708938019,-0.100031515448883
-0.06279664110989414,-0.03150118706430949,-0.067239274896986,-0.07858500946920088,-0.09685514443419063
-0.07411464037970072,-0.041140166140166134,-0.08155470514257124,-0.10234436331178953,-0.12275720369354104
-0.08287696239503461,-0.04836859227094892,-0.08845208796467885,-0.09645789367795166,-0.12284627152399052
-0.09967141292442494,-0.06337369587134267,-0.10864620932899494,-0.11856277846241348,-0.12354746192971988
-0.06462212486308871,-0.0365225024935365,-0.07059180786090302,-0.0843752417420901,-0.09347500144724696
-0.08214676889375683,-0.05547374201277955,-0.08650342699522273,-0.08289117766664134,-0.1006973758684524
-0.08689302665206289,-0.050394387851260714,-0.09551371719960611,-0.10586154120830671,-0.10560867954261954
-0.09711573566995246,-0.06539934830127658,-0.1047760232483349,-0.1201870770576473,-0.1243117886848768
-0.0850675428988682,-0.05155249387629168,-0.09039170304670108,-0.09888808528876025,-0.11300180013310979
-0.06462212486308871,-0.03543663806219399,-0.0702698479008611,-0.09035474520603715,-0.1107535592046851
-0.07338444687842272,-0.04309763258863586,-0.0798436834738957,-0.09744650657132836,-0.10755744013407298
-0.07046367287331146,-0.04056915960291685,-0.07591686882034532,-0.08827823093152343,-0.10532659565029368
-0.06717780211756119,-0.0379381927827267,-0.07502872622721479,-0.08554838361195882,-0.09818669818098558
-0.07009857612267245,-0.044261516501353015,-0.07627003197320126,-0.07614792298586781,-0.08345959161132654
-0.07849580138736767,-0.0464945576967043,-0.08536493997591421,-0.09295149491077037,-0.10748333107630947
-0.06827309236947787,-0.0441611246144078,-0.07447088929739454,-0.09534319952002335,-0.11148488555222036
-0.08141657539247893,-0.05072780961099277,-0.08891864428968677,-0.10575594392479037,-0.1229016066017321
-0.08178167214311793,-0.0530370731908516,-0.08909845806841821,-0.10204220550847676,-0.1059115716937713
-0.07192405987586703,-0.03930689793240627,-0.0779371357222971,-0.090158539976402,-0.10165426102818897
-0.06425702811244982,-0.0326786447304227,-0.07273547797199398,-0.07919488459004353,-0.0871966919599324
-0.07338444687842272,-0.04719971423487457,-0.07903438782427397,-0.08496004012165925,-0.08524493336998418
-0.07959109163928446,-0.04653552323242871,-0.08666287091686142,-0.10069905037505555,-0.11113334205507086
-0.07630522088353409,-0.043772173168826645,-0.08252175218152713,-0.08554354592877222,-0.09520506445291554
-0.05439941584519903,-0.027814917081179225,-0.05939650288066911,-0.06827074307956071,-0.08696415603423158
-0.07959109163928446,-0.051959715661887285,-0.08587050244490069,-0.10511417248537458,-0.13254729790646413
-0.0657174151150055,-0.03592178793075451,-0.0715279474433379,-0.07625574210879771,-0.0825980111036505
-0.07046367287331146,-0.04278834354850525,-0.07800723806060983,-0.08990269608189116,-0.1022056231509153
-0.07301935012778382,-0.041270203097195424,-0.07863692761369201,-0.08862557591342546,-0.10261825383329626
-0.08835341365461846,-0.056230968439625495,-0.09279843701871449,-0.08875422785437592,-0.10645437806577529
-0.0839722526469514,-0.05133202117682978,-0.09138721489643542,-0.1042229150999705,-0.11518448920549784
-0.05841548010222708,-0.02643479882512001,-0.06691428971083746,-0.08277015188647807,-0.09413753172888639
-0.07155896312522814,-0.037950387090133764,-0.07970191677928429,-0.0943070109397498,-0.10958279998875908
-0.07703541438481187,-0.04371164424941976,-0.08466258390054371,-0.09650301264827665,-0.10760294688388328
-0.08652792990142388,-0.0590767411062032,-0.0911043381689195,-0.10940868848422558,-0.11917319400209714
-0.0763052208835342,-0.0448965005734101,-0.08506624149612141,-0.10041244824072659,-0.11130049516754792
-0.0565899963490325,-0.031019949857260753,-0.06050766161318677,-0.0810552290415475,-0.10855352119677275
-0.08068638189120114,-0.047775178142580255,-0.08969496991620751,-0.10967101706946991,-0.11693987565335873
-0.09346476816356342,-0.05965182149022896,-0.1018188265048452,-0.1126937349923599,-0.11943887261184905
-0.07922599488864546,-0.04797303560069388,-0.08656506789805751,-0.1064456643445656,-0.10967000326525167
-0.07959109163928435,-0.05043782060392732,-0.08552150063278963,-0.09129796924799738,-0.10633015554765002
-0.08287696239503461,-0.048245471376287874,-0.09168939765023598,-0.09406000718998064,-0.10396820742496782
-0.07155896312522814,-0.04536055165862385,-0.07623470157561918,-0.09111029516757452,-0.11005225228935511
-0.06936838262139466,-0.03993848106828113,-0.07599715947287777,-0.09615977176693169,-0.11052460114132612
-0.08652792990142377,-0.05406561877367366,-0.09518571989465197,-0.08661786766531043,-0.08830823490669815
-0.08689302665206278,-0.05410975938275919,-0.09351211415202698,-0.11297251596051539,-0.11962300542610638
-0.06790799561883898,-0.043040215338143284,-0.07380149180004403,-0.0854069373833024,-0.09981617477949578
-0.06206644760861624,-0.03064791579534365,-0.06994003812061789,-0.0823676757586489,-0.09355106362468091
-0.058050383351588075,-0.02627386580952551,-0.0653955071830501,-0.08721126276564894,-0.09645339033845368
-0.06900328587075566,-0.042198371705444826,-0.07546042060530267,-0.08703471869974866,-0.09781234638974345
-0.07667031763417298,-0.04965220809406623,-0.08368961598528202,-0.08991864659487003,-0.08741785590593343
-0.08616283315078499,-0.05306452995421329,-0.09316675682144138,-0.09666856002851842,-0.11114686190940615
-0.07301935012778382,-0.039427595931801895,-0.07979115257980429,-0.0811839629468808,-0.08088088279907013
-0.07886089813800656,-0.05179673726641987,-0.08583077241995674,-0.09598792389777089,-0.09900831472906191
-0.07338444687842272,-0.038403608567741054,-0.08230552884383047,-0.09004834310098042,-0.0990880146285047
-0.06827309236947787,-0.03717341696923682,-0.07634230304363565,-0.0940560277357343,-0.10135375856779938
-0.0763052208835342,-0.04976117209126918,-0.08117464031597188,-0.08870221319326033,-0.10486672767403249
-0.07046367287331146,-0.04384974498634675,-0.07534203524901606,-0.0793136974887364,-0.0868615961623933
-0.08178167214311793,-0.04856866989219932,-0.08930459310136918,-0.10612384150436527,-0.11975550455400719
-0.08105147864184015,-0.05533288068277231,-0.08557676987243812,-0.0849344297590241,-0.10005932534153117
-0.0748448338809784,-0.04562585112776152,-0.08142124570816045,-0.08567145735392878,-0.09465757406713782
-0.08981380065717426,-0.058395385412692846,-0.0960416700605008,-0.10886414957319135,-0.11063362390551235
-0.06717780211756108,-0.03831889303209768,-0.07244995321547565,-0.09133287292817682,-0.10262752816799725
-0.0843373493975903,-0.05705580971221913,-0.09113585268281965,-0.10196044949667438,-0.1181887094445292
-0.0839722526469514,-0.05374337440243648,-0.09099423718983313,-0.09757292319352662,-0.10257652162467812
-0.06717780211756108,-0.03881791163938564,-0.0727925810127874,-0.08331630622976904,-0.09068493796492771
-0.04527199707922602,-0.016091103376101534,-0.05474527612752034,-0.07788854505333798,-0.09975362682750977
-0.0664476086162833,-0.03566193586188826,-0.07413251520106878,-0.08144741161834346,-0.08490301206544881
-0.0653523183643665,-0.035491883370607935,-0.07143040445636006,-0.09704855210569552,-0.11228898975630175
-0.05768528660094929,-0.024857138165903403,-0.06611792867233635,-0.09041701787327228,-0.10328482993466626
-0.08981380065717415,-0.05846056153868784,-0.09596796038500455,-0.1003909487997734,-0.11497752815321594
-0.06754289886820009,-0.043316800192130245,-0.07249156894075659,-0.08791790906505581,-0.10451997583575667
-0.06754289886820009,-0.03090921048480233,-0.07589773427598523,-0.08641436498534838,-0.1004593838980169
-0.07009857612267245,-0.040258337117219045,-0.0755791820331354,-0.08470543462530078,-0.10048627585133696
-0.05841548010222708,-0.028360185932069903,-0.06394558927081806,-0.07754232249618898,-0.09463929201796306
-0.07922599488864557,-0.046022273643756995,-0.08805554361894186,-0.10434110291531906,-0.11570275156040977
-0.08616283315078499,-0.05406199352478436,-0.09367250419517803,-0.0998554251899395,-0.11597604091828884
-0.08032128514056225,-0.051280736099119206,-0.08842360567194785,-0.08781188506321957,-0.08508273557325685
-0.07849580138736756,-0.052378718996690665,-0.08429638851720611,-0.09046565346919366,-0.10249120079170748
-0.07922599488864557,-0.0456332875076958,-0.086930859856447,-0.1037180821690723,-0.11829423892321467
-0.05841548010222708,-0.025407051885720233,-0.06711948035881443,-0.0877497851455874,-0.10530374648810681
-0.08141657539247904,-0.053401588738755223,-0.08869700428011051,-0.10480208961221626,-0.10751995068113362
-0.07740051113545088,-0.05180150303949094,-0.08279164353630775,-0.10220893685179477,-0.1172197113986656
-0.07703541438481198,-0.04725294712039585,-0.08257447397021989,-0.08722015476401457,-0.09768197438112336
-0.08944870390653525,-0.059092514200324686,-0.09704668172854025,-0.10497254340743634,-0.11050628501332327
-0.0759401241328953,-0.04450577006366041,-0.08511547401609065,-0.09821976256998377,-0.10087305713731132
-0.07886089813800656,-0.054047456303095376,-0.08452220893987794,-0.09059589593186423,-0.09733538917405671
-0.07886089813800656,-0.053414676966292096,-0.08327694109259198,-0.09845402657294455,-0.10870240714465262
-0.08652792990142388,-0.05977726364129077,-0.09057972479164345,-0.09922123220514256,-0.11255124565686869
-0.0660825118656444,-0.04114715694296189,-0.07086093617608402,-0.08816938425230647,-0.10356644470821486
-0.0660825118656444,-0.03624741492761796,-0.07519277392900481,-0.09006389828569561,-0.09622972327351065
-0.06863818912011688,-0.042843975196916406,-0.07267058194237697,-0.07263750856751205,-0.09247894213448182
-0.0938298649142022,-0.06003363657212746,-0.10183959913809837,-0.12555341903167982,-0.13406492634595524
-0.06425702811244982,-0.03448573625478102,-0.07066904994355416,-0.07848495447964954,-0.08377643409142399
-0.09638554216867468,-0.06387928169655499,-0.10376392068886287,-0.11021241909608293,-0.12332851055958383
-0.0847024461482293,-0.054829361510483676,-0.09012130963834131,-0.10761749144102084,-0.12156755080039605
-0.07776560788608988,-0.04870067978545356,-0.08534386248314241,-0.1085489058296254,-0.1248383796249547
-0.07009857612267245,-0.04233867152759818,-0.07563027978056969,-0.08734689663183348,-0.09877016118192639
-0.07594012413289519,-0.0463074501341334,-0.08259479225428468,-0.08862391926964386,-0.09949037957918438
-0.07922599488864546,-0.04605935302630382,-0.08619906202817851,-0.09547933648932572,-0.12458229238924678
-0.07374954362906172,-0.04402272805300922,-0.08154325991246647,-0.10059277639922792,-0.10519905303816734
-0.09346476816356342,-0.06263796159398027,-0.09870936780820272,-0.10276252261510943,-0.11613824274328877
-0.0847024461482293,-0.05269774471863842,-0.09278780331553593,-0.121820386301838,-0.13605868937895993
-0.08652792990142388,-0.05523325265603585,-0.09291221807220473,-0.08960134092848093,-0.10276703485618865
-0.05878057685286597,-0.035419203952373635,-0.06354155811976137,-0.07258415593160716,-0.08649452288988879
-0.054034319094560135,-0.02518202776280065,-0.06146878184383331,-0.07540662503922846,-0.08497413948668764
-0.0763052208835342,-0.04509617322496895,-0.08435743915740235,-0.09543356746221465,-0.10681358737259583
-0.08762322015334068,-0.062298323167888414,-0.09277216227082474,-0.10104996749077111,-0.1112083881719188
-0.1036874771814531,-0.06981302453502913,-0.10952581956997309,-0.1024401271060239,-0.10541235576643015
-0.07046367287331146,-0.043098607242339826,-0.07621767981276273,-0.085863332665844,-0.09295128245539697
-0.07301935012778382,-0.036514104225571886,-0.08238037408560395,-0.09518389186992482,-0.10446087091475231
-0.08105147864184015,-0.05213603242201259,-0.08693415017569017,-0.10132213153072789,-0.11076541007738328
-0.08835341365461846,-0.05712715241112287,-0.09451944532172707,-0.11601563632186818,-0.12697300514145138
-0.08287696239503473,-0.051810505047262256,-0.09270830685625953,-0.10036778127094304,-0.10144633812789794
-0.0934647681635633,-0.058976620516226985,-0.09910685860593138,-0.10502137473100825,-0.10551300602887315
-0.0854326396495072,-0.0511615120027924,-0.09247167470075168,-0.10885513780151634,-0.11766457935041519
-0.06900328587075577,-0.04339997057629108,-0.0739087394968998,-0.08188054160909031,-0.09692865115311067
-0.09163928441036873,-0.05846521552227435,-0.09972228103612646,-0.11231920037994891,-0.12336814553079467
-0.05111354508944865,-0.02313636105574346,-0.05770876408224834,-0.0689487230571244,-0.07633156785609974
-0.08251186564439572,-0.056366757501930986,-0.08845853366280987,-0.10948974355657326,-0.12129002817850332
-0.07119386637458924,-0.04398965134392796,-0.0766400881113054,-0.08776468184408914,-0.09341310508174194
-0.0854326396495072,-0.05627578068736927,-0.09019427187277251,-0.09255404258974886,-0.10874959318759991
-0.06754289886820009,-0.040213731518079276,-0.07292928193387638,-0.07806228135770954,-0.09095325181514402
-0.06900328587075566,-0.03960227901086155,-0.07390852635261114,-0.0915273914737712,-0.11450278681993797
-0.061701350857977344,-0.032675163210498015,-0.06865854288375106,-0.08099237052813213,-0.09469640603438834
-0.07374954362906161,-0.04069978281641251,-0.07955204712375297,-0.08069605680260461,-0.10275122281276783
-0.059875867104782765,-0.030722506282939932,-0.06855070945233699,-0.09577237525028326,-0.09853658818581201
-0.08579773640014599,-0.056951173327166704,-0.09092101230241223,-0.09698308471378791,-0.109368843739854
-0.0660825118656444,-0.03529206597693968,-0.07458061751648037,-0.08435577025861185,-0.09354366121233104
-0.07995618838992324,-0.051721833780532744,-0.08612062025591016,-0.09810987612996824,-0.11278906606252015
-0.07046367287331146,-0.044457517686311454,-0.07530355660232124,-0.09138014928371108,-0.09871985764257851
-0.07155896312522814,-0.042461579680809436,-0.07859245521609426,-0.09150172605971418,-0.09735765294932786
-0.06133625410733845,-0.032366809100497496,-0.0667605788011465,-0.08926261250089929,-0.10910357749801713
-0.06754289886820009,-0.03773060777563364,-0.07362858705682884,-0.08938395698287938,-0.10406069615359859
-0.08068638189120114,-0.04649971011866627,-0.08915001265566125,-0.09735888867074993,-0.10201169753813866
-0.05622489959839361,-0.028196723106965194,-0.06143653380403624,-0.08250012892911474,-0.10345413111038859
-0.08105147864184015,-0.04959150862346051,-0.08995785410453794,-0.0947312187698982,-0.11139277465076347
-0.0945600584154801,-0.06326153995950112,-0.1020226302914673,-0.12752297986151084,-0.138904939430482
-0.07192405987586714,-0.042648048867238275,-0.07792047850365724,-0.08381386288818415,-0.09371961681927299
-0.08214676889375683,-0.050558047622130675,-0.08798715202965146,-0.09994457434924486,-0.11660588436863728
-0.06754289886820009,-0.03590050935925859,-0.07431299555262072,-0.08824800562332946,-0.08718965215597074
-0.07447973713033951,-0.043647975288600316,-0.07910134119317003,-0.08840077180697536,-0.09911517654829383
-0.06717780211756108,-0.03425320680114985,-0.07389002865456618,-0.08914893845394234,-0.09689224335077629
-0.08652792990142388,-0.062016049899549675,-0.09154001502620202,-0.09904573580844755,-0.11481177962963285
-0.06717780211756119,-0.03612814385575247,-0.0741577617476703,-0.09534305664141485,-0.11130510256605464
-0.06097115735669956,-0.0292493330624507,-0.06812168418090458,-0.07582038813553682,-0.0843268379336164
-0.07630522088353409,-0.05180602319715666,-0.08188051325286838,-0.10248827193558419,-0.11470807479203149
-0.0748448338809784,-0.042002978429605986,-0.08233408041130386,-0.08337177159053544,-0.09595474783415336
-0.06060606060606055,-0.03310027260532811,-0.06609923917675098,-0.08868492973810504,-0.11293333441082776
-0.06425702811244971,-0.02959963641619834,-0.07119688684954695,-0.09220201477501677,-0.10902213848526043
-0.0755750273822563,-0.04174143153780652,-0.0828327658790271,-0.09517549614740939,-0.10521056664944806
-0.06936838262139466,-0.03983278537124468,-0.07407823535921443,-0.08573148040968404,-0.10458980919489147
-0.05914567360350498,-0.03354106426919368,-0.06604166820862101,-0.08641826623811755,-0.10047626060689674
-0.07374954362906172,-0.04883005499931259,-0.0787425085272142,-0.09570394740384569,-0.10668522236483491
-0.07374954362906161,-0.04185301012196041,-0.08024972152705379,-0.09618205082713716,-0.0996227643741674
-0.08835341365461846,-0.05669208771983836,-0.09445752011070063,-0.0991284404161692,-0.11740054395657895
-0.09382986491420231,-0.06019792782568423,-0.10136781969142694,-0.11036133642083124,-0.123043583191913
-0.07338444687842283,-0.04285540407109634,-0.08099814241532688,-0.09591937843744647,-0.11526893918225645
-0.08543263964950709,-0.05425998675210031,-0.09277725892582867,-0.1142317908569832,-0.1245969055601246
-0.08543263964950709,-0.05858392597736184,-0.09117303241963437,-0.10311471036544373,-0.1103895710577476
-0.08397225264695152,-0.05360248784103849,-0.08984036664903805,-0.09915830267069936,-0.11463535076462006
-0.07703541438481198,-0.04741087836167923,-0.08170603406668042,-0.09482320797171329,-0.11542746102176726
-0.0748448338809784,-0.047213837382013346,-0.07983112858736585,-0.09454976531652282,-0.11074160240973907
-0.05549470609711571,-0.03007622348317529,-0.06037277528737128,-0.07197608499391872,-0.10382777867738968
-0.07667031763417309,-0.04244271998083671,-0.08401962116728634,-0.09707338289978829,-0.10556585731806445
-0.08579773640014599,-0.04958426139627703,-0.09354861517739699,-0.1000572962620242,-0.10810175800717658
-0.0854326396495072,-0.0549504429583374,-0.0921410047244895,-0.09768414609263432,-0.1056952905907158
-0.06133625410733845,-0.03373072005619948,-0.06695676262710926,-0.07120153976011157,-0.08707330346617026
-0.07338444687842283,-0.03939628273626161,-0.0829334527841703,-0.09179093856506237,-0.10951456182778274
-0.08251186564439583,-0.05051823360015306,-0.08810869208420669,-0.0961516755494689,-0.10277980455117874
-0.07922599488864546,-0.05058062219588044,-0.08581441913550636,-0.10313644083789397,-0.11139609392600769
-0.08287696239503461,-0.05387158225011213,-0.08819207737444912,-0.1053790098414844,-0.11551350762616219
-0.08105147864184004,-0.05197375553100092,-0.08742787095256388,-0.10147354356247329,-0.10817158722172171
-0.07886089813800656,-0.05044126850237063,-0.08328297824607711,-0.09495649337105505,-0.11125956171641194
-0.0755750273822563,-0.045851930570315336,-0.08095016387898468,-0.0933363626328757,-0.10071285453372492
-0.06206644760861635,-0.027684203998892487,-0.07068888077145918,-0.09702570484949391,-0.10929696755656071
-0.07594012413289519,-0.04814311150946338,-0.08305157859513845,-0.09099613851128618,-0.09708624269312471
-0.08214676889375683,-0.048837056340679585,-0.08858106534853816,-0.1078123993731619,-0.12820620999497712
-0.07046367287331146,-0.044546134858660325,-0.0763471727517887,-0.08623271455474835,-0.10099339485942505
-0.07155896312522814,-0.0439393046500125,-0.07730938546042099,-0.07859075826075756,-0.08422056409295609
-0.09748083242059147,-0.06123692993200902,-0.10548409813015636,-0.11565646790643158,-0.121349421663972
-0.0752099306316174,-0.04825885726672552,-0.07947958087346718,-0.08944908501695192,-0.10974119945261074
-0.0752099306316174,-0.044498659559551346,-0.079851285817231,-0.08903344012665237,-0.11248619624019018
-0.08433734939759041,-0.048130185886250065,-0.09271681250301933,-0.11426207218516482,-0.1215446325234627
-0.07594012413289519,-0.04343550475446356,-0.08196700236862109,-0.09958944250048318,-0.1142458398626367
-0.07228915662650592,-0.041196281793412504,-0.07859660482790898,-0.07651016595324744,-0.09333945814543665
-0.08689302665206278,-0.05742991835528444,-0.09309773698811696,-0.09523510981908678,-0.10533476389850904
-0.07338444687842283,-0.03918628305725069,-0.07902139416011267,-0.08370681520778833,-0.09214717404958206
-0.07411464037970061,-0.048707042536443645,-0.07792563809520914,-0.09272519273493107,-0.11017614342480131
-0.06827309236947787,-0.037694027351634185,-0.0742598703628623,-0.08448084561247404,-0.09199688809797679
-0.07374954362906172,-0.03986417711050316,-0.08153117649021735,-0.10104440525636971,-0.11885583876597794
-0.08981380065717415,-0.054108676777533615,-0.0950537123770625,-0.09801612980859231,-0.11070679837952557
-0.05476451259583792,-0.02239957762907585,-0.06371019656898946,-0.0831624114695062,-0.10117177838255886
-0.07374954362906161,-0.0441932442000168,-0.0788336696807086,-0.08843887281688634,-0.10722789245963227
-0.06863818912011688,-0.0344736467670792,-0.07655615675918492,-0.08116847153964446,-0.09334296694738986
-0.09602044541803578,-0.06117380420547314,-0.10234913875725904,-0.10628802201900955,-0.10945870494558774
-0.0565899963490325,-0.027124015307108063,-0.06068497076419532,-0.07248334580858373,-0.09104415635646523
-0.055129609346476816,-0.0292878213232195,-0.06164902387060345,-0.07447573724281364,-0.08504696819953728
-0.07703541438481198,-0.04558710202085503,-0.08226333606221758,-0.0956981584967933,-0.11304378144211802
-0.07813070463672878,-0.04457439488617143,-0.08596696313988128,-0.0969048561191802,-0.10249048529370708
-0.05878057685286597,-0.029495119767013023,-0.06662466408237577,-0.08259154534367952,-0.08738120750345624
-0.08981380065717415,-0.06221971332071197,-0.09527555486130423,-0.10959496887471454,-0.11836334658100078
-0.08762322015334056,-0.05407819860036012,-0.093768775540919,-0.10626220009985077,-0.1256280127527888
-0.06060606060606066,-0.03044376460398257,-0.06898890930815982,-0.08613527162002588,-0.10110121176425224
-0.06717780211756119,-0.031992434214285215,-0.07614834010094707,-0.10826909524818307,-0.11909575776177417
-0.06754289886820009,-0.03996954121785545,-0.07425694245385728,-0.09705166081987704,-0.108170359403292
-0.07995618838992335,-0.046491567755206686,-0.08992501491020022,-0.10696181598869026,-0.11064902163847323
-0.07703541438481198,-0.04722484165753238,-0.08360415836553159,-0.10134981899946682,-0.1124271587023925
-0.06827309236947798,-0.03817598377912634,-0.07544230353777237,-0.08752708289651256,-0.10747014893504603
-0.059875867104782765,-0.02650507753724174,-0.0656344303812817,-0.08779067150261732,-0.10707854362821356
-0.07886089813800656,-0.04749556360805607,-0.08486831043751586,-0.09344167914688017,-0.10265384523867105
-0.0847024461482293,-0.049089194392823665,-0.09159588250742412,-0.10963263053459393,-0.12748783324440316
-0.08178167214311793,-0.04768707926664817,-0.08968538973380091,-0.09241248797062407,-0.10613444775777325
-0.08725812340270167,-0.057100104716944045,-0.09390111409933422,-0.0905593539036782,-0.10157489961012145
-0.08360715589631251,-0.05141989092082777,-0.09094219313826846,-0.10355673577224833,-0.11969596959762341
-0.0664476086162833,-0.03408322860673141,-0.07409019884812462,-0.08712021841995332,-0.10609010400231977
-0.08725812340270167,-0.05716064757160655,-0.09542494753706965,-0.09696349335713628,-0.10580227625433936
-0.07338444687842283,-0.04554599579796559,-0.07906362718732574,-0.09597085719444864,-0.10555189777410112
-0.08652792990142388,-0.05533077957175769,-0.09293754927999787,-0.10856496451675968,-0.11596736340515312
-0.07630522088353409,-0.045827349825236396,-0.0822906846713074,-0.09041565709445287,-0.11088097143369735
-0.08324205914567362,-0.05236248885330186,-0.0912715401694909,-0.10073969374462854,-0.10901065148105493
-0.08725812340270178,-0.058943268424578976,-0.09440950785161784,-0.09750779826681155,-0.10653743657569881
-0.08944870390653525,-0.061267735027297654,-0.09520672160016808,-0.10120398305011913,-0.10541346239343863
-0.07886089813800656,-0.04595967809498469,-0.0857514228096421,-0.10173994050751178,-0.10820379127410229
-0.07922599488864557,-0.05161983021930394,-0.08526230306676497,-0.09801804271974102,-0.10223900809695252
-0.07046367287331146,-0.03738963023713904,-0.07860214635057927,-0.09148268220617206,-0.09423658111911914
-0.08287696239503473,-0.04851695460493366,-0.09090630493225682,-0.11748259205956624,-0.12057130963585472
-0.08944870390653525,-0.05585802693264086,-0.0954642041164615,-0.11573779755597946,-0.13419886455591423
-0.09054399415845205,-0.06156125155013703,-0.09735494392020816,-0.1089523169912694,-0.12615765500246445
-0.08068638189120114,-0.047506815030777805,-0.08575357069599443,-0.092946508075473,-0.10875729019924507
-0.07082876962395035,-0.03930623429764768,-0.07802553192616857,-0.08965492141374376,-0.09895927259451687
-0.07192405987586703,-0.04031278450877762,-0.07881879492402166,-0.09397285008576994,-0.10353738600672802
-0.06352683461117192,-0.03594671310286335,-0.07113318131927882,-0.08842866891240553,-0.10087847726373256
-0.0748448338809784,-0.04035554484637349,-0.08235785903382509,-0.0961142995065436,-0.11903116299165128
-0.06790799561883898,-0.03973034708557832,-0.07377985868290016,-0.08773942843155258,-0.1098843628647923
-0.06279664110989414,-0.031815418180525135,-0.0691666761010824,-0.0744067213230768,-0.09250943602861372
-0.0847024461482292,-0.05665721084971309,-0.08963765128505075,-0.10253601881009178,-0.11055757877041983
-0.0664476086162833,-0.03226529876993767,-0.07387092070016399,-0.0891746037543697,-0.11257922754732386
-0.0850675428988682,-0.04950736066629535,-0.0927678814237286,-0.10688934777944648,-0.12842058529517975
-0.05951077035414387,-0.03034894776044883,-0.06626653821274142,-0.07760844711922188,-0.0875512575827655
-0.06900328587075577,-0.03303393403939947,-0.076688424659768,-0.08933185479239414,-0.10330047453302416
-0.09675063891931357,-0.0663994866750276,-0.10331520202193967,-0.1047485778733076,-0.12492147715036483
-0.05549470609711571,-0.02699646927914634,-0.06150029659162359,-0.08677605400093436,-0.09991432907948572
-0.06717780211756119,-0.03810495140401071,-0.07095352749524975,-0.07797072461132837,-0.09020755068820507
-0.0755750273822563,-0.04447894289495291,-0.08199528229005881,-0.09563370808729366,-0.12213175860074477
-0.0653523183643665,-0.038040814848265714,-0.07062267095045782,-0.06829584770440567,-0.08343191887268187
-0.05732018985031029,-0.02730924164381643,-0.06506766496215499,-0.0833835390512625,-0.10982604669981255
-0.08105147864184015,-0.05246169609831208,-0.08709214277996369,-0.09309427984935914,-0.09337847711554736
-0.06717780211756119,-0.041148503968504446,-0.07267229364877614,-0.09052921122541902,-0.11229181043491143
-0.10295728368017532,-0.07067589324059798,-0.10954352738080086,-0.1137725178498099,-0.12509164196377298
-0.0755750273822563,-0.047123350003402065,-0.08325790958413515,-0.09486302703334115,-0.10732174502853298
-0.0843373493975903,-0.05108743586380948,-0.0908042812580061,-0.09903692666730357,-0.10857402194344168
-0.05147864184008766,-0.023624645962948332,-0.05867229251691497,-0.07958166488071727,-0.08827444485385338
-0.07886089813800656,-0.04930460489750199,-0.08621941608819284,-0.10902486799154631,-0.12048909843021627
-0.058050383351588186,-0.03105743084534185,-0.0645300814470724,-0.07787161000189169,-0.09288266637441189
-0.07740051113545099,-0.04994384498477822,-0.08477736608878195,-0.09740203326174468,-0.10014161165350333
-0.08433734939759041,-0.0547732211268076,-0.09167998280042222,-0.0945725276639201,-0.09561167108037316
-0.09309967141292452,-0.06301940584668564,-0.10075217515916313,-0.11235531985057601,-0.12563759664041563
-0.07155896312522814,-0.044765520090899735,-0.07491664007516474,-0.08071911132473497,-0.09816924654517634
-0.07228915662650603,-0.04385505431843251,-0.07902969628621326,-0.08143151186749475,-0.0803979187132221
-0.07922599488864546,-0.048170937269735425,-0.08431982301516139,-0.09969890043455254,-0.11490660634654037
-0.10259218692953631,-0.0700631460674157,-0.10902141530286025,-0.11528937595260069,-0.12847641961408296
-0.061701350857977344,-0.030838755469351886,-0.069055895909366,-0.08838995672303829,-0.10146939412815714
-0.0748448338809784,-0.04229101305997374,-0.0809216128116208,-0.0945714832058886,-0.10139141035488441
-0.0752099306316173,-0.04286898470189038,-0.08282895420075731,-0.09764722196542486,-0.10557317855562953
-0.06973347937203367,-0.03663610567018538,-0.0748061783919598,-0.0938613657762225,-0.12102551507886361
-0.0752099306316174,-0.041587091767875894,-0.0818482399290269,-0.08139349207863178,-0.10003995571331414
-0.0653523183643665,-0.039152697192083474,-0.07173143531654702,-0.08797859449856194,-0.0973499505519666
-0.08616283315078488,-0.05608940744269064,-0.093390988060984,-0.11239944407845448,-0.12267689415450245
-0.07301935012778393,-0.04141629919422696,-0.08107322145230844,-0.10486908540298212,-0.11604762490931853
-0.08543263964950709,-0.046560437509213126,-0.09462290924837324,-0.10373288414394399,-0.12028597511348726
-0.0763052208835342,-0.04628253112105518,-0.08208242130400889,-0.09749572296619657,-0.11077808948792223
-0.09309967141292441,-0.06316544302614324,-0.10091923809049286,-0.13299814174360802,-0.15187760093101144
-0.07155896312522814,-0.04380305537240037,-0.0767850213825102,-0.09010154055234887,-0.10374339638431107
-0.08068638189120114,-0.04917361049178426,-0.08807828666489781,-0.1110719954593472,-0.11967708031053881
-0.061701350857977344,-0.03809861025050898,-0.06606424262830224,-0.071763887844847,-0.09062549734980041
-0.0664476086162833,-0.03650014001819002,-0.07606785976650743,-0.08493247929412195,-0.08644744499755874
-0.06936838262139466,-0.038729636766728914,-0.07579123419375622,-0.08854257188652648,-0.0964719465918008
-0.06681270536692219,-0.037855364067030495,-0.07312735032986772,-0.08331577555570369,-0.0942639232632152
-0.09565534866739689,-0.062149492560096165,-0.10033429984502673,-0.1011479882277353,-0.10915490124512184
-0.07411464037970061,-0.043772643192043326,-0.07994866013089807,-0.09244438000418875,-0.10692648326039467
-0.07119386637458924,-0.040120833029191894,-0.07755858385857428,-0.09428361397525642,-0.10189467334768276
-0.06425702811244982,-0.03611504967985768,-0.07153462992031168,-0.07635803342270098,-0.08423772329600321
-0.09273457466228552,-0.06553523703535091,-0.09795611733449283,-0.11606600210619866,-0.12748526348747247
-0.05549470609711571,-0.025580337377810958,-0.06231363307508708,-0.08065984281146854,-0.09135247316032735
-0.07849580138736767,-0.047862726599897765,-0.08433637237029812,-0.09542106639571624,-0.10663848963976486
-0.08068638189120114,-0.050474645845216215,-0.08776198289044246,-0.1009156311314584,-0.10635335983060612
-0.05330412559328224,-0.022553023004612593,-0.05910926704786135,-0.08410901224677148,-0.10231206551642347
-0.08068638189120114,-0.05498874480114302,-0.08533945530735565,-0.09324987148732011,-0.10822106025218314
-0.05293902884264334,-0.025679476240343502,-0.06063631605050268,-0.08118572479621033,-0.09949118867073115
-0.08360715589631251,-0.05457760031861214,-0.09143470763261574,-0.10320346015894233,-0.10297659766764988
-0.09857612267250826,-0.06781081298847802,-0.10698460108283192,-0.10776192646727667,-0.10655549001323872
-0.07338444687842283,-0.046392758978309634,-0.07935904005505989,-0.08887290002679948,-0.1046655244900696
-0.0752099306316174,-0.04493038300936325,-0.08251356027778034,-0.09513099535399716,-0.09638984332543199
-0.056955093099671505,-0.01970765834111088,-0.06345702745394499,-0.08155866199735362,-0.10732743370241016
-0.06279664110989414,-0.03314338716007814,-0.06924486744942782,-0.09402663070053363,-0.11070135346639864
-0.09273457466228552,-0.06262664713198751,-0.0992099478997438,-0.10815424167845522,-0.1180545605995057
-0.07995618838992335,-0.04431164472479998,-0.08780734385179789,-0.10265428902664941,-0.10144722276446116
-0.06681270536692219,-0.03721762262665551,-0.07409187511167192,-0.0980649775983925,-0.10805273630272938
-0.07301935012778382,-0.04439483804536337,-0.08011023517054161,-0.09248458936655501,-0.10636742916583986
-0.09711573566995246,-0.06404171844963225,-0.10468654993548954,-0.11094113403393913,-0.10841741120441195
-0.07447973713033951,-0.04094490438807652,-0.08244731289594387,-0.10470486260659828,-0.11571148355236704
-0.05768528660094929,-0.03199414269039591,-0.06299384623685,-0.07623411408622671,-0.08088409752216386
-0.07265425337714493,-0.041953053065711954,-0.08089822677961589,-0.09887148655066702,-0.09314763215157762
-0.0752099306316174,-0.04380293420798498,-0.0827644093639085,-0.08108878973618072,-0.07752663061313236
-0.0755750273822563,-0.043291854557399034,-0.08248373412411092,-0.08900234564978793,-0.1053362312519226
-0.0847024461482292,-0.05209619613094285,-0.09279875903537782,-0.09583763583881078,-0.10221490289213919
-0.0657174151150055,-0.04079130100925776,-0.07057025022979257,-0.08113088473873242,-0.09122548453061885
-0.08981380065717415,-0.060815535870982984,-0.09662240326251392,-0.11113447964543677,-0.12137104695533485
-0.06863818912011688,-0.03745566834868297,-0.07633775783128538,-0.09631132314220026,-0.11436185636308593
-0.07594012413289519,-0.046849789933192,-0.0820376148376164,-0.09070617078985732,-0.10499026091221475
-0.08068638189120114,-0.050719107499730964,-0.08748562672901905,-0.09770483605587754,-0.11259762963996134
-0.07813070463672878,-0.05278444282234929,-0.08289851834476647,-0.08919395344344627,-0.10636886414749092
-0.06279664110989402,-0.029834824059716047,-0.07005176178131034,-0.09105338066050228,-0.10226574685673395
-0.0668127053669223,-0.041450975708146265,-0.0717579352828055,-0.09050696603561437,-0.1097379841724494
-0.07411464037970072,-0.043165549263207925,-0.08080591264519077,-0.08620210260859262,-0.09268105825950335
-0.0755750273822563,-0.041311422657779096,-0.08447936517203991,-0.10480163124206665,-0.10469350176071845
-0.09711573566995257,-0.06298841873822292,-0.10225024188673815,-0.10177505766997264,-0.12339726616639513
-0.07922599488864557,-0.05533410371570513,-0.08481430773599385,-0.10421511863637112,-0.11230475339319512
-0.0664476086162833,-0.0415029876200147,-0.0743545922529113,-0.0852681365692235,-0.093741305886615
-0.08835341365461846,-0.058203730040756296,-0.09358610579834992,-0.09379317742973603,-0.11195519141495858
-0.06790799561883898,-0.035811218560286684,-0.07525120886947079,-0.08394444271232593,-0.0899025283099053
-0.07703541438481187,-0.045325426411297776,-0.0837630701877139,-0.09743476886962799,-0.11854131527453893
-0.0763052208835342,-0.04771722120160571,-0.08169607126757239,-0.08895466946822261,-0.10375314780595524
-0.0755750273822563,-0.04626447690572466,-0.08223151180710842,-0.09975517159559089,-0.10931755350745365
-0.058050383351588186,-0.033110763554699996,-0.06332579357882362,-0.08571891181258051,-0.10524069355521515
-0.07009857612267256,-0.041189559264013687,-0.07585101193520416,-0.09710180321008188,-0.11956286996203447
-0.059875867104782765,-0.03045667103501115,-0.06610416015758869,-0.08074549367769701,-0.09302399938136219
-0.0850675428988682,-0.05503971739361235,-0.0919437273860777,-0.10143954089446061,-0.11395895727386118
-0.08981380065717415,-0.05954905907623309,-0.0948361715512629,-0.10857939174553044,-0.129956142602918
-0.08032128514056225,-0.04867559294052093,-0.08844536801314806,-0.10233222287923183,-0.10843341003023044
-0.06863818912011688,-0.04253107596760852,-0.07275918062523379,-0.07389192926786126,-0.08209057983464485
-0.05257393209200434,-0.027127627056695025,-0.05898915995396925,-0.07349406817872917,-0.08046820335160576
-0.08871851040525736,-0.052029448316071036,-0.09826304858902257,-0.10043573748907275,-0.10231240799955432
-0.059875867104782765,-0.030211013912454843,-0.06826165141068108,-0.0927586057658496,-0.09825584073839733
-0.06827309236947787,-0.0346287688900786,-0.07560321455492236,-0.08813988493048908,-0.09513096814113287
-0.06936838262139466,-0.03944680480294205,-0.07529653611552156,-0.08960271928797536,-0.10758555307699935
-0.095290251916758,-0.06592424475385872,-0.10071116893772825,-0.09794584500466841,-0.11046305851973226
-0.06790799561883898,-0.036359842536623166,-0.07630104912154412,-0.09206624105768368,-0.10541177938161062
-0.0763052208835342,-0.04661793614669518,-0.08474621015294903,-0.09748741213420398,-0.10182791075362319
-0.10514786418400879,-0.0741290152394819,-0.10970238223082251,-0.1201287845257093,-0.13418370274876545
-0.07338444687842272,-0.04131993546627233,-0.08002342717437672,-0.09215258562793827,-0.10252731861791653
-0.08214676889375683,-0.048394989034594604,-0.0886458003716486,-0.10419646411376982,-0.12186165269423954
-0.08908360715589636,-0.06116296793888565,-0.09521203344580187,-0.10446979899058606,-0.12277945536107959
-0.08798831690397957,-0.054653374688346856,-0.09613722854205586,-0.11106881744761787,-0.11292798278255167
-0.0839722526469514,-0.05635243025665415,-0.08901203464532659,-0.10821797784659248,-0.13136098295944243
-0.10259218692953631,-0.06958831823880307,-0.10827024367527549,-0.1129334791442188,-0.12224100420200046
-0.09638554216867479,-0.06308946192007847,-0.10265550995387707,-0.10766680716295096,-0.11709775878255801
-0.0660825118656444,-0.03848882429905698,-0.07141007259372678,-0.07941852763515389,-0.08328006824747414
-0.058050383351588186,-0.0326434705170312,-0.06399721216802556,-0.08087924053986817,-0.0934253533992474
-0.09054399415845193,-0.06152433140656699,-0.09553614155907031,-0.09998778277778908,-0.11586089837873736
-0.08214676889375683,-0.05086951857634958,-0.08994524879866439,-0.11616460953330976,-0.12959685434158186
-0.06863818912011677,-0.04193918238786254,-0.07433532392345765,-0.08839734463642446,-0.10061257881405128
-0.06206644760861624,-0.0356047503747261,-0.0691816200889428,-0.07928315315558199,-0.08988417935287785
-0.09090909090909094,-0.05686063783197948,-0.09942038324148594,-0.11818606437304358,-0.12610909863445863
-0.05330412559328224,-0.027190420360504897,-0.06034407566531108,-0.07414196445817,-0.07285703178283687
-0.0657174151150055,-0.04073679994794488,-0.07008136994621572,-0.09038779510873018,-0.1122153239522502
-0.08689302665206278,-0.059390971870001086,-0.09267314984724395,-0.10442926859741353,-0.10835936087771803
-0.08689302665206278,-0.054931674305574885,-0.09274714548432272,-0.10474952862806064,-0.11473986147801152
-0.07447973713033951,-0.04004079969748131,-0.08334275782811751,-0.09794562716697452,-0.10592154046170343
-0.07776560788608977,-0.043633696023475,-0.08499239583054141,-0.10114533608080489,-0.10985194064113668
-0.07886089813800667,-0.048130673183611195,-0.08570968596968287,-0.10496885045526239,-0.11463313676702314
-0.07886089813800656,-0.04876518218623482,-0.0848674459155232,-0.09562045166691702,-0.10843502300636554
-0.07922599488864557,-0.049075792467068946,-0.08682283097586341,-0.10589628359656411,-0.1226688199718089
-0.06900328587075577,-0.038494043947416956,-0.07564241704187236,-0.09776482605944936,-0.10832734286031853
-0.0938298649142022,-0.06349920628514538,-0.09987478348936318,-0.10926225566401204,-0.12074559459409362
-0.07119386637458924,-0.04263828176211204,-0.08069255533581843,-0.10005054200438568,-0.10683828043410393
-0.058780576852866084,-0.033671605934213034,-0.06427087775930485,-0.0712741458165187,-0.08703411353418888
-0.06352683461117203,-0.037694159917885384,-0.06850439109542927,-0.08263165627959401,-0.10090869179913187
-0.06863818912011688,-0.03934586110375915,-0.07650680729693193,-0.08858000864039395,-0.09203622353867813
-0.0763052208835342,-0.04455490421560904,-0.08318438003125928,-0.09972988792765514,-0.10858466228847885
-0.07667031763417298,-0.04559463195250546,-0.08197103000617412,-0.0922741278596696,-0.12391054635729593
-0.07228915662650592,-0.04217870238967436,-0.07743241698436876,-0.08440140248726047,-0.10226775842344715
-0.09346476816356342,-0.06038012319717767,-0.10028610058910348,-0.10222836467704122,-0.11922265283454969
-0.0763052208835342,-0.04581176399358222,-0.08400006716424269,-0.09707983241003071,-0.10586298980504205
-0.07484483388097851,-0.044636892008022566,-0.0807273443906733,-0.09144131998083505,-0.0988224181500712
-0.0847024461482293,-0.05213631398645335,-0.0902568467341116,-0.10126724903919238,-0.1112218835942358
-0.06863818912011688,-0.03741546246290084,-0.07573157703920352,-0.09364891041162227,-0.11165004936020517
-0.05257393209200445,-0.024333041223608465,-0.05821450251900151,-0.07668434750385644,-0.08843012640239722
-0.06024096385542166,-0.0358611847624869,-0.06681558495981854,-0.08701381774026562,-0.0957550556778024
-0.104052573932092,-0.06843510799775965,-0.11113925428318916,-0.11626334202494992,-0.12933151147168165
-0.08068638189120114,-0.04905006622563879,-0.08737323960796961,-0.10075383373688451,-0.11304781557807775
-0.048192771084337394,-0.024570159923981483,-0.05372673829245311,-0.06933694815229619,-0.08931941315009073
-0.08835341365461846,-0.051848757073649554,-0.09631642846515875,-0.10223667947811887,-0.11710200349894362
-0.0850675428988682,-0.05393700691506331,-0.09187539419437218,-0.09985885427308616,-0.11082324026534107
-0.08287696239503473,-0.053049077459994654,-0.08890265238855533,-0.09999041830040034,-0.11480561197841066
-0.06462212486308871,-0.03683272069034704,-0.06947704154258227,-0.08706077483164576,-0.09637906438007215
-0.07046367287331146,-0.04035856086333911,-0.0763648017840386,-0.09562906283856998,-0.11579606847368284
-0.08798831690397957,-0.05545133709135874,-0.09542603342913869,-0.10553975562778373,-0.12603531269622148
-0.0653523183643665,-0.036426826634054166,-0.0729616473165301,-0.09553593149418571,-0.11094400039191377
-0.08944870390653525,-0.05400257400257402,-0.09540114276398859,-0.11062748840751557,-0.1264410203052887
-0.0847024461482293,-0.05302950612020507,-0.09221414897176172,-0.0979058043296579,-0.10832913799413657
-0.08178167214311793,-0.05279985698176515,-0.08685764283502229,-0.09644469157500069,-0.11890833142304758
-0.05951077035414387,-0.02751050756165152,-0.06729981266274165,-0.08339618013381256,-0.10431935916200141
-0.0668127053669223,-0.038619403068700375,-0.07263228990871962,-0.09328308043761635,-0.1082440910712732
-0.06535231836436661,-0.03351958620235229,-0.07293639433594734,-0.08334464251671347,-0.08532445404941491
-0.08835341365461846,-0.06116272800790734,-0.09360568453747053,-0.08648771366086161,-0.09890670200115292
-0.08543263964950709,-0.053632636692520386,-0.09184661705519992,-0.09485841330031464,-0.10059927469146956
-0.06462212486308871,-0.037801294896814275,-0.0710184010297854,-0.08541770817924332,-0.10550076071729086
-0.06133625410733845,-0.027439838345594936,-0.06969073877517684,-0.07930307913718648,-0.08566745569405632
-0.06243154435925513,-0.032474939554222204,-0.06997406233685166,-0.08188253449332716,-0.0912551701018176
-0.08835341365461846,-0.05929526351150094,-0.09438320340376449,-0.10532291756395906,-0.12049865179626917
-0.07082876962395035,-0.04435375734753311,-0.0771292938522774,-0.09184378821919437,-0.09822810855529696
-0.052208835341365445,-0.02236004236919753,-0.058962215192887024,-0.07782206236566092,-0.07935825944105657
-0.09054399415845193,-0.0625681464551665,-0.0964664469974803,-0.09944716862434178,-0.09386803209846195
-0.08981380065717415,-0.056571193765497685,-0.09619777855090017,-0.1024180058305535,-0.11629428251867824
-0.0653523183643665,-0.04244567846113778,-0.07155195392924052,-0.09575506881287643,-0.1026565141101401
-0.07630522088353409,-0.044361535369556004,-0.08413226938259477,-0.1066006397571384,-0.12444934715111189
-0.07995618838992335,-0.049706519057526655,-0.08860699011071826,-0.0931290144384389,-0.09568922196410812
-0.07046367287331146,-0.04282577647971808,-0.07672210103231292,-0.08965211551376773,-0.1022199264019028
-0.07338444687842272,-0.04336067428866852,-0.08129436610841667,-0.1144504745311502,-0.11521353726484485
-0.07849580138736767,-0.04714903611452348,-0.08591474832590851,-0.10368726408499929,-0.10961259111247035
-0.08981380065717415,-0.05876902734274003,-0.09594782004744018,-0.10060717773699523,-0.12051964776110402
-0.05293902884264334,-0.019276781609195326,-0.059062888302776395,-0.0773440259181214,-0.09703876426397506
-0.08652792990142388,-0.058308047693702236,-0.09202251135467521,-0.10043567090420502,-0.11193766270878225
-0.07667031763417309,-0.050434410306938404,-0.08061710193361393,-0.08512526682395227,-0.10519910035780322
-0.04892296458561518,-0.01693891107963641,-0.0571556813976114,-0.06965939510383867,-0.06524194310518516
-0.07338444687842272,-0.04696445868112065,-0.07843504931891443,-0.10079980321790294,-0.1208340962523029
-0.07155896312522814,-0.043585724986801355,-0.07771330492030959,-0.09985831657507882,-0.11191686289415714
-0.06060606060606066,-0.03016866509870686,-0.06660157463615113,-0.0691018222357177,-0.09523639472840462
-0.08616283315078499,-0.05429154080652576,-0.0939286823474651,-0.1052948775464978,-0.10954619094006823
-0.05074844833880976,-0.021966707754784376,-0.05806440829692783,-0.07703312519614314,-0.09297194804809472
-0.07411464037970061,-0.044205049066160185,-0.08101439524266163,-0.09837386992036257,-0.11301819725146567
-0.09236947791164662,-0.058634903520003556,-0.09920154830749028,-0.09830185633575472,-0.10331120532150606
-0.07922599488864557,-0.04601806045266177,-0.08588117446972143,-0.09872666809697495,-0.11872489918818496
-0.07484483388097851,-0.04601324641599247,-0.08104805849206287,-0.09277152872381089,-0.10353417909003282
-0.08835341365461846,-0.05866897659797421,-0.09440515598736188,-0.1134099157983155,-0.12653333097828723
-0.07082876962395035,-0.041416643827711375,-0.07759362181460627,-0.08599919289749802,-0.09371443366326149
-0.09017889740781304,-0.057920997007156916,-0.0963372217527958,-0.10389898142356058,-0.11966609797759653
-0.07338444687842283,-0.04172973832329496,-0.08228297078774394,-0.10495904608616802,-0.104103329767962
-0.058050383351588186,-0.02863982342197613,-0.0630260087527722,-0.0756321697298632,-0.0872314907841415
-0.07740051113545088,-0.045638220218230385,-0.08561499288995245,-0.0867327708287341,-0.10416926015381145
-0.07119386637458924,-0.03780296722089416,-0.07831930057700032,-0.08844825459479455,-0.10540565936777013
-0.07886089813800667,-0.04281921571262359,-0.08720935199322377,-0.10426746291666933,-0.11956615122827663
-0.0653523183643665,-0.036008673872480634,-0.07144572621586087,-0.09710967784911861,-0.1026228457294206
-0.0664476086162833,-0.03410491281305128,-0.07303858767567573,-0.08868542451288941,-0.10183949284357341
-0.08689302665206278,-0.05212065031796009,-0.09528726450486791,-0.10691411731989298,-0.12493592687022059
-0.07776560788608988,-0.04472606783857125,-0.08431208937406043,-0.08694721289456009,-0.1013465277693536
-0.07411464037970061,-0.038882663839513554,-0.08175528335953275,-0.10053664808797258,-0.11263179538783585
-0.06316173786053303,-0.036978036214839305,-0.06847843833594269,-0.0812661836998152,-0.09164004980750873
-0.07374954362906172,-0.04651002839900609,-0.07958979144264511,-0.09574096536611565,-0.1151341263410357
-0.07082876962395035,-0.04386347480433195,-0.07590815686729047,-0.07862711689938173,-0.09032954599626575
-0.0660825118656444,-0.03826817932246429,-0.07357514241484897,-0.10264975898986717,-0.1102233698496039
-0.095290251916758,-0.057926948604170914,-0.10485318766929574,-0.11818100581653546,-0.11852312746369931
-0.07009857612267256,-0.037035358585965406,-0.07718562350488734,-0.09140807687391439,-0.11105074571998808
-0.08178167214311793,-0.05229209585164185,-0.08937997791857966,-0.10675853018372705,-0.10840875752465162
-0.07667031763417298,-0.04860058737237172,-0.08088040998124035,-0.09169866711189012,-0.09740163024804005
-0.06863818912011688,-0.03712267073327025,-0.07668616249842275,-0.08724546474255268,-0.09356202953126347
-0.07703541438481198,-0.046953309425619816,-0.0838472825586043,-0.1031068332552112,-0.1114289746839282
-0.0934647681635633,-0.05646507447354909,-0.10150952479947639,-0.11652204534335464,-0.13505966720276597
-0.06535231836436661,-0.03339938457780356,-0.07108979337663124,-0.07766893757068671,-0.09804818391675874
-0.07447973713033951,-0.04720696862302187,-0.08119970801564147,-0.09015796615873861,-0.10076825950821877
-0.05841548010222708,-0.027570615431198764,-0.06737842195660093,-0.08917471244703967,-0.10406188320329135
-0.07301935012778393,-0.04394016397537781,-0.07810245267663152,-0.09588492114160396,-0.11038505576244995
-0.07594012413289519,-0.046814305359892394,-0.08193401666778544,-0.08199919289749802,-0.0880148994269302
-0.09017889740781315,-0.059674003693984345,-0.09728309946761615,-0.10283786237169867,-0.10858938884914848
-0.09090909090909094,-0.05745802069852102,-0.09931799595444302,-0.1155538135899965,-0.12201832158243775
-0.08141657539247904,-0.051608658487946824,-0.08750168082863619,-0.10065133171912843,-0.10925203117355897
-0.0752099306316173,-0.04718421861112321,-0.08097376555022473,-0.0840861823838176,-0.09501608314617871
-0.08908360715589625,-0.057906791436064586,-0.0947776484390388,-0.11181761221844988,-0.1299323340642181
-0.08105147864184004,-0.05236281819460209,-0.08773347706281776,-0.09972476737638536,-0.10246035718873525
-0.07776560788608977,-0.048326727424879756,-0.08374203900771215,-0.09313985600104835,-0.10164290443357937
-0.07411464037970061,-0.04334808708975324,-0.08152200493665784,-0.10226097842627258,-0.11263888969148794
-0.07046367287331146,-0.03932356590735753,-0.07632796242545115,-0.0942191253740664,-0.10554623231126736
-0.06389193136181082,-0.03403769812507751,-0.07124988290879586,-0.08673662751839106,-0.08963454820453631
-0.09054399415845193,-0.0569064648233083,-0.0957516637222211,-0.10357104248302706,-0.12133389087027946
-0.07995618838992335,-0.047697998360602956,-0.0867002712945747,-0.10140703166560106,-0.11522343927695566
-0.07776560788608988,-0.04852129781240544,-0.08412684877220544,-0.08573033768272564,-0.09386386145714809
-0.08178167214311782,-0.0526223909400233,-0.08726330309011976,-0.08405346370993705,-0.10596416854914914
-0.056955093099671505,-0.012985239241409818,-0.06434149301794134,-0.08857030341671968,-0.1064958090491076
-0.0668127053669223,-0.04116673904902268,-0.0733329330318152,-0.08046768765435708,-0.08280332795228118
-0.08908360715589636,-0.05978913822056875,-0.0970098407103055,-0.11378007490506914,-0.1257735429574819
-0.08433734939759041,-0.05604107084742105,-0.09235811608809374,-0.10834357165396669,-0.11524378727009821
-0.07922599488864546,-0.0493464838734724,-0.08698719929570309,-0.10102076115216008,-0.10250406210775753
-0.05074844833880976,-0.023784346247095134,-0.05815386370744002,-0.08553191996653342,-0.10206859561672965
-0.06352683461117203,-0.03986086503539121,-0.06936029883905759,-0.08449876023775804,-0.09620425282599343
-0.06352683461117192,-0.03289293987024089,-0.07038762444168234,-0.08068679844010362,-0.08917655802943825
-0.0934647681635633,-0.05930784728775085,-0.1000085996386032,-0.11425188875800085,-0.12915351354180848
-0.06279664110989414,-0.033629737957177275,-0.07088556768060461,-0.08561890838206632,-0.09820024949577588
-0.09857612267250815,-0.0673347047925209,-0.10516199137918703,-0.10487206524779968,-0.11576501186334542
-0.06024096385542177,-0.03257561567631895,-0.06664595973724607,-0.0885068325981121,-0.09735951772183227
-0.0843373493975903,-0.05116645288542676,-0.09175986180273976,-0.11985197558320082,-0.12833465689317924
-0.05841548010222708,-0.03089591040110584,-0.06671478681746201,-0.08553025601114772,-0.08808801176917425
-0.08178167214311793,-0.04945657883041221,-0.09010292432039013,-0.11014023101967307,-0.11358245696582558
-0.05914567360350487,-0.027725846881290095,-0.0674670956617488,-0.08140860540868122,-0.09081942684108024
-0.06279664110989414,-0.03568398635476633,-0.06977126097800457,-0.08867159939450175,-0.09646103152686925
-0.0755750273822563,-0.045786590022502516,-0.08206449456493625,-0.08994965934328181,-0.11181344994081832
-0.06060606060606055,-0.03530061670720763,-0.06587688855441987,-0.07170851958131308,-0.08306968617064914
-0.06936838262139466,-0.037903094497433454,-0.07787602609373578,-0.09201239097275526,-0.10810059230065872
-0.06498722161372761,-0.035736686438524234,-0.0708857513430532,-0.08652747701516916,-0.0981309691017167
-0.08652792990142388,-0.05636127494323906,-0.09403540097619056,-0.10417437252311745,-0.11396556043362072
-0.055859802847754714,-0.024640218597325014,-0.06306989893931836,-0.07205094302475823,-0.08380551507486833
-0.07119386637458924,-0.039673324783292885,-0.07719558966378792,-0.09380149109633118,-0.10892210580265094
-0.07630522088353409,-0.04539449632477133,-0.08274729812788406,-0.08481413305304197,-0.1015869409353427
-0.07740051113545088,-0.04628069501912446,-0.08419460564546244,-0.10369293753976849,-0.1257919817548233
-0.08178167214311793,-0.04801284064342792,-0.0878408962174052,-0.10312711291413112,-0.11557075124224636
-0.08689302665206278,-0.055269150278234314,-0.09299747075290776,-0.10532977390298504,-0.11370015366012243
-0.07667031763417309,-0.04649273508178742,-0.08213870074091933,-0.09438929428394749,-0.1140265832370394
-0.07995618838992335,-0.045139361487155805,-0.0882019666768693,-0.10179734600526924,-0.11698272332543991
-0.07594012413289519,-0.04750166818954349,-0.08045705501258937,-0.09364632872595902,-0.11488529910010425
-0.08032128514056225,-0.04923818785223888,-0.08605967763390965,-0.10275344012759657,-0.1261796972990874
-0.09054399415845205,-0.0576797963368928,-0.09786888062370658,-0.11343794134862706,-0.11865640689732637
-0.09748083242059136,-0.06741001494393739,-0.10196738497757774,-0.10047369146874296,-0.113928243476068
-0.06206644760861635,-0.035944559293024425,-0.0690166836537428,-0.08645717989575163,-0.09831036660267711
-0.08251186564439572,-0.05374635790859472,-0.08949235396332011,-0.09270610884617869,-0.09715355009690108
-0.07484483388097851,-0.04228283828247825,-0.08107825816119985,-0.08411517690026316,-0.08394401479762637
-0.07301935012778382,-0.03936206883146165,-0.08178881498896762,-0.09438509535089568,-0.10232059714242914
-0.04965315808689308,-0.024101231695783154,-0.05458323844998891,-0.08320052014766166,-0.09884693116584098
-0.08981380065717415,-0.05902322577554353,-0.09487598180276202,-0.1043903144276902,-0.11394943431585292
-0.0660825118656444,-0.040721482773666495,-0.07196340429853887,-0.08617422606968606,-0.09606870073384643
-0.10587805768528658,-0.07466615059270676,-0.1118903137117695,-0.11085961804053956,-0.10711586198584122
-0.0843373493975903,-0.05329922760034478,-0.09185381360490297,-0.09652369688383722,-0.10384071716981624
-0.07119386637458924,-0.04084104096826746,-0.07749712677888132,-0.08379312936931527,-0.09126505074770952
-0.09127418765972983,-0.06176531016245068,-0.09776766139665294,-0.10766275156927452,-0.1240283524540915
-0.07959109163928446,-0.05430801987224987,-0.08347004714611872,-0.09044870200061772,-0.09710668153188262
-0.07228915662650603,-0.04221758416146215,-0.07892263809833033,-0.10288476255559109,-0.11556607426292875
-0.07740051113545088,-0.04800250599972,-0.08310829414256693,-0.1004312174571872,-0.11813970152142439
-0.06900328587075566,-0.03791727854138016,-0.07359111485505376,-0.08731421170098308,-0.10037000079781888
-0.08032128514056225,-0.0532186122273004,-0.08636321761450905,-0.09415556824868199,-0.10615201734464508
-0.06863818912011677,-0.03710402713435279,-0.07665771881932637,-0.08914890683304744,-0.09795957204512629
-0.09163928441036873,-0.0594463082063057,-0.09849672727164871,-0.10301648504748206,-0.11329288943095239
-0.06900328587075577,-0.03953247220495715,-0.07508425089175397,-0.08582728006456819,-0.10029082937904632
-0.052208835341365445,-0.03150491941504974,-0.056235795775023356,-0.05813134175273171,-0.07326423282004757
-0.08908360715589625,-0.05837030003387356,-0.09510478654461607,-0.10344036598678041,-0.11122507130531856
-0.07411464037970061,-0.041749080641601766,-0.0800034525761959,-0.08613419080673268,-0.10101769124202209
-0.08762322015334068,-0.061160952490310505,-0.09477042150515491,-0.10167964474736868,-0.10935377084121234
-0.0949251551661191,-0.06481646029749477,-0.10159027284100053,-0.11408304461038554,-0.1207701317180414
-0.06681270536692219,-0.03254472360547278,-0.07412656772849047,-0.0881197091452598,-0.10201390158053614
-0.07155896312522825,-0.04330052246548988,-0.07811809478105824,-0.09497353074092396,-0.11237845619403641
-0.08762322015334068,-0.05895727354365965,-0.09417499057441403,-0.1000954221158854,-0.10012639344273588
-0.08360715589631251,-0.05309007735487492,-0.08938427116423564,-0.09793470001896898,-0.12184772106230768
-0.05184373859072655,-0.020698355113987765,-0.059337344042778684,-0.08163461943302786,-0.09210011468345036
-0.07046367287331146,-0.03773261114388371,-0.07932673641766841,-0.09318409279025353,-0.0992492362617623
-0.06717780211756119,-0.03053249161563243,-0.0750153472372187,-0.08476215326346592,-0.09488259984947656
-0.09565534866739678,-0.06662487275401074,-0.1025158123587937,-0.10752634857947252,-0.10927006587955446
-0.06425702811244982,-0.0355726291863554,-0.0704383900328216,-0.09517334470630456,-0.10078746498439939
-0.07703541438481198,-0.04496356695748427,-0.0845828200802472,-0.0997952579267114,-0.11330070528628822
-0.06352683461117192,-0.032018264331653445,-0.07285724454510678,-0.0843615795764251,-0.08708363383666629
-0.07192405987586714,-0.04200404142405256,-0.07922760355921954,-0.09295701527490408,-0.09779421797053589
-0.0755750273822563,-0.04173803500119744,-0.08215127154993229,-0.0943009530143033,-0.10349232897414873
-0.08032128514056225,-0.05356125356125352,-0.08676383401621046,-0.09926052301465438,-0.10841098769411694
-0.059875867104782765,-0.028335172333626035,-0.06638374066473607,-0.09010929931237666,-0.09978009998019044
-0.06243154435925524,-0.02867047877109452,-0.07025417171132686,-0.08127790720248496,-0.08466470641747537
-0.06900328587075577,-0.03544718150366921,-0.07654036828676591,-0.09609369033289339,-0.10464539488228075
-0.07374954362906161,-0.040255042115507234,-0.08087416273223047,-0.09534311751217661,-0.1082329616544414
-0.07886089813800656,-0.045353822754271245,-0.08696090414676805,-0.09087677418798867,-0.1010350441483957
-0.07813070463672878,-0.043742217735150524,-0.08532689732492105,-0.09836990689780223,-0.10911903770312148
-0.056224899598393496,-0.029146410896509378,-0.061224107622726565,-0.07397956723169541,-0.08885793073778869
-0.08616283315078499,-0.05712173249111896,-0.09189014312524302,-0.10580985252926023,-0.11760058641988014
-0.09236947791164662,-0.0607303820776629,-0.10029394860547147,-0.10777644128244523,-0.11525270343126348
-0.08360715589631251,-0.050707288216121804,-0.09085273858153942,-0.1021295355451256,-0.1167062095512168
-0.06352683461117192,-0.03636507783137488,-0.07214615725307993,-0.09398434677773859,-0.10507699975272633
-0.06900328587075566,-0.03972262846714414,-0.07795777567937456,-0.1033052411945996,-0.10804860151999096
-0.08616283315078499,-0.06102893890675243,-0.09131905555615849,-0.10291549204497585,-0.11797821151139842
-0.06535231836436661,-0.037005588268048006,-0.07090438875509919,-0.07996394118449501,-0.09951510179975542
-0.08944870390653525,-0.06040993277635209,-0.09692889589126186,-0.10402361454220077,-0.1085134282443907
-0.06717780211756119,-0.03810485907667449,-0.07312668481122275,-0.08835387259562633,-0.09230842938976147
-0.07886089813800656,-0.04864415613268547,-0.08727291164403739,-0.09743078924788351,-0.10607355618349079
-0.07447973713033951,-0.04336667716866205,-0.08191697182785174,-0.10664651348092002,-0.11642455799978157
-0.059875867104782765,-0.028071965472603044,-0.06748725189338967,-0.09325458190768265,-0.10018410612994666
-0.07301935012778382,-0.04705088059353579,-0.07989852858598889,-0.08822152657909366,-0.08773153856013693
-0.08652792990142377,-0.051585655185306445,-0.09461749077629522,-0.11117533666815638,-0.12262293680088965
-0.08616283315078499,-0.06109713318561727,-0.09058220037607545,-0.09166611162556859,-0.09674929284196099
-0.0843373493975903,-0.05219982163820136,-0.09101788074953199,-0.10687897255002143,-0.1261000257320456
-0.08908360715589636,-0.0552297439232704,-0.09438369384362855,-0.11133980094447082,-0.12709231425449574
-0.06498722161372761,-0.036619023526435646,-0.07319191111855483,-0.09568693249111726,-0.10563716376250121
-0.05841548010222708,-0.02704508693329566,-0.0660756438299035,-0.08556497462919177,-0.0941360879080152
-0.07155896312522814,-0.03381840682638726,-0.0783782404748925,-0.0999556381787785,-0.11243912442556081
-0.07667031763417309,-0.04109157837915178,-0.08584419050948255,-0.09757294150083506,-0.10574537937591
-0.06936838262139466,-0.042358466079940205,-0.07576424452037822,-0.09714171183951936,-0.11015372823909542
-0.06498722161372761,-0.033459556625752396,-0.07228986510302216,-0.0955528690471048,-0.10994711362873244
-0.07265425337714493,-0.043209495735734516,-0.07881217265956753,-0.10372137476469623,-0.12654764797241458
-0.07703541438481198,-0.0431340496408531,-0.0840111465202914,-0.09279477389525237,-0.106664706237385
-0.04344651332603133,-0.015430103767104741,-0.05056381597197701,-0.06811078373091861,-0.08723368959644995
-0.07119386637458924,-0.039588030367085136,-0.07674593757366299,-0.09604753207890138,-0.12023113591779166
-0.08871851040525736,-0.058050292873327636,-0.09715743719096914,-0.10971789885372751,-0.12046418800141989
-0.07228915662650603,-0.04146454146454148,-0.07964981923315251,-0.08208849260517836,-0.09123055041854877
-0.07447973713033951,-0.04553173169010172,-0.07884685677655212,-0.09539282042494879,-0.12046127488468894
-0.07922599488864546,-0.046795313327078536,-0.08809931933267479,-0.10576520528473088,-0.11721351275702796
-0.06973347937203356,-0.03885525497423725,-0.07704282809040175,-0.07669546366401347,-0.0828320740127112
-0.08178167214311793,-0.054910345149203565,-0.0870892508917297,-0.09541910331384029,-0.10160524901556045
-0.05914567360350498,-0.023037358943710617,-0.06753631203375043,-0.08128254279360525,-0.09275143264297969
-0.07447973713033951,-0.04760548307097634,-0.07851674540734477,-0.09492931536067206,-0.11548501976679804
-0.07813070463672878,-0.04754714177796937,-0.08276770818737023,-0.09989613190497715,-0.12400016987241913
-0.07813070463672878,-0.04582038946349598,-0.08551110316615862,-0.09083439740958055,-0.0994561521756342
-0.06973347937203367,-0.03718749112605002,-0.07740026283405887,-0.08410526372420313,-0.10357196268310997
-0.06279664110989414,-0.033082840747412745,-0.06925572077182984,-0.07520865089619899,-0.09342043094154862
-0.08141657539247893,-0.04786655702220299,-0.09173205127093986,-0.10428165639416054,-0.09364011282599083
-0.056224899598393496,-0.033032856985212966,-0.06207770654700806,-0.07175208349349105,-0.07212623870003687
-0.0467323840817816,-0.017257514919608252,-0.05390474121371591,-0.06369068835531344,-0.0793826613018963
-0.09054399415845205,-0.059155498021148833,-0.09614568399956203,-0.11002369172879933,-0.13095029939732683
-0.08178167214311793,-0.05023278303515921,-0.08724702094201198,-0.09572880354252145,-0.10796821767285214
-0.07155896312522825,-0.04068686676752975,-0.07797232812675392,-0.09474851244217453,-0.10603255501034559
-0.06133625410733845,-0.028729599927221572,-0.06896461894633743,-0.0851439863086344,-0.09721969584932011
-0.06900328587075577,-0.043432283919559445,-0.07478543128784265,-0.09755003580716892,-0.11006631221568886
-0.06973347937203356,-0.04388306675511322,-0.07476392520558206,-0.08044958452456419,-0.09330279735019387
-0.07813070463672878,-0.05150648871441099,-0.08348337401102679,-0.09123760913364687,-0.10315097624576697
-0.09602044541803578,-0.0638230679021522,-0.10318162115287177,-0.11151976892263749,-0.12305939479804107
-0.08652792990142388,-0.055728492100822424,-0.09299184654499904,-0.10055497041986683,-0.11280534422721622
-0.07411464037970061,-0.04213744929947183,-0.08087975145961168,-0.09926191099982384,-0.11258686874021284
-0.07776560788608977,-0.04820136619381976,-0.08530030183329329,-0.08544910063240851,-0.08668609212480238
-0.08032128514056225,-0.050920910075839654,-0.08632592272031991,-0.11010786208414669,-0.11863102635161349
-0.08871851040525736,-0.05660666837137429,-0.0955939140578963,-0.11146721081472777,-0.12134367641479149
-0.06316173786053303,-0.04317868710535866,-0.06656339798454614,-0.07577738381037691,-0.0875952063156592
-0.0763052208835342,-0.04591259530674152,-0.08095161917394444,-0.10292526780169031,-0.12191068022333407
-0.08324205914567362,-0.05274650449679119,-0.08860607330474601,-0.09907943994926971,-0.10424786932511731
-0.0847024461482293,-0.05241165712149731,-0.09440844955354466,-0.10479207277452895,-0.10988525680502048
-0.08178167214311793,-0.05104468217127278,-0.08860620710771883,-0.10197617327899022,-0.1204310431818656
-0.05732018985031029,-0.026546982429335397,-0.06461906679573315,-0.07704922453029628,-0.08888262181317474
-0.0755750273822563,-0.049323619170238864,-0.0814606364591508,-0.08225588274000728,-0.08685025879967845
-0.10587805768528658,-0.07821445874310862,-0.11154955795274824,-0.11132049951210299,-0.10897807120769865
-0.07192405987586714,-0.044351098181440896,-0.07878884221471316,-0.08748376702105298,-0.091504601640086
-0.09054399415845205,-0.05966810180391302,-0.09630805041167023,-0.10141294952007274,-0.1165290663632138
-0.07082876962395035,-0.03824513589409573,-0.07690816493925146,-0.08698547579012395,-0.09634646168424676
-0.05951077035414376,-0.027794811967473798,-0.06772234739453253,-0.09100519580445277,-0.10585140258582326
-0.08543263964950709,-0.054121901457222066,-0.09252839047621864,-0.11374513313964552,-0.12936284368910667
-0.08251186564439583,-0.04948981185207535,-0.09183177863157288,-0.10053621478892283,-0.10036123379209805
-0.08871851040525736,-0.05365768428154383,-0.09602285003550792,-0.09872246790721151,-0.10922700012544428
-0.07922599488864557,-0.04536721808468569,-0.08679714935122629,-0.10151841141854878,-0.10540664292092583
-0.09821102592186925,-0.06315390557814804,-0.10542472959553839,-0.11586520786617105,-0.11767697479038564
-0.07119386637458935,-0.03962601126347465,-0.07910846361742219,-0.08707012866456554,-0.11064670064500004
-0.08652792990142388,-0.05411736093797448,-0.09277797358725404,-0.10189466210643627,-0.12324136071311209
-0.09565534866739678,-0.06558300284163354,-0.10060184821843277,-0.11319220419321518,-0.12955645298395546
-0.07082876962395035,-0.04272689640608174,-0.07514145562065444,-0.09156255687231707,-0.1122154552508754
-0.10149689667761952,-0.07132651905297194,-0.1062623007585406,-0.10170858496646873,-0.11846878980149966
-0.08360715589631251,-0.05387790218068578,-0.08987034313904485,-0.11568545697131405,-0.1333676555945693
-0.08616283315078499,-0.05548585349138124,-0.09272616053159077,-0.09949777589539277,-0.11202308747641976
-0.08178167214311793,-0.0512197061797689,-0.08750894062152481,-0.09500678055134204,-0.10355189780676344
-0.07374954362906172,-0.04334516584602466,-0.08168646237720545,-0.08790811216554428,-0.09645688974525535
-0.08689302665206278,-0.053531221592895584,-0.09486247460472841,-0.10787376618672462,-0.12102504271303294
-0.07922599488864546,-0.04456597246504512,-0.08270966320596207,-0.10223145435431102,-0.12360965962835135
-0.06827309236947787,-0.04032002054444095,-0.07432720928418757,-0.08424067533809965,-0.10066067689865665
-0.08433734939759041,-0.05474231011496955,-0.089591205253853,-0.09973557176571546,-0.10702244594370669
-0.07667031763417309,-0.04409090350054068,-0.08394375251832298,-0.10574399773646193,-0.10914947828689348
-0.06973347937203356,-0.043213748284870346,-0.07551915239128992,-0.09589058058402966,-0.09854239663193898
-0.09127418765972972,-0.05856895819345287,-0.09888646512486177,-0.11234864936226618,-0.11778827206178111
-0.07155896312522814,-0.03670194771863089,-0.07905346851650541,-0.08838980958718845,-0.10368242284366447
-0.09054399415845205,-0.06311428704871325,-0.094648172653925,-0.099471717941364,-0.11709283945992166
-0.051113545089448764,-0.02137502471101127,-0.058820782964352225,-0.07414468549350373,-0.0857341563662326
-0.06681270536692219,-0.037166787754734254,-0.07335981580763073,-0.08578658485458934,-0.10038332446087406
-0.06352683461117192,-0.030108073451691086,-0.07121271024739118,-0.08078049190358416,-0.09868832117175275
-0.07082876962395035,-0.04218513374555033,-0.07749830713720252,-0.08251822731292746,-0.08804434907917769
-0.08178167214311793,-0.054685948629397796,-0.08632362091504242,-0.09918853591160215,-0.11794537136723604
-0.07374954362906172,-0.0432028929176268,-0.08138323669461534,-0.09950048227439523,-0.12419336196995534
-0.07703541438481198,-0.04636390055193618,-0.08454529901148145,-0.10054581010163732,-0.11191289193971676
-0.1036874771814531,-0.06845907164649634,-0.11250906173521313,-0.12960702112495615,-0.13961625113381448
-0.05622489959839361,-0.02756112082759643,-0.06086962756270664,-0.06909916926828341,-0.08902558795259752
-0.059875867104782765,-0.03271767641634071,-0.06488668471452863,-0.08514476073419952,-0.1122928393729814
-0.0755750273822563,-0.043265006078769486,-0.08194367402578373,-0.08354631969252502,-0.09195251207365285
-0.05111354508944865,-0.026233067817675426,-0.05881534558428392,-0.07122453393971084,-0.07709784123009522
-0.07119386637458924,-0.041062588532874034,-0.07674761839778377,-0.09079016123615458,-0.10667961394996728
-0.07192405987586703,-0.03901250131316314,-0.07946243749150139,-0.10649107818146164,-0.11997774538705974
-0.08652792990142388,-0.06242045020785536,-0.0919748473141424,-0.10469059872242892,-0.11273457383998031
-0.07046367287331134,-0.04227685947817128,-0.07618778691298733,-0.09206357993769498,-0.11321898877140535
-0.07667031763417309,-0.045135598062449045,-0.08186201799131054,-0.1017281266400335,-0.1202554231998122
-0.08251186564439572,-0.0490557980908074,-0.09106556674406208,-0.10935800925751316,-0.11120289020423957
-0.08141657539247893,-0.0498647553119167,-0.08835096312552426,-0.10088101818494666,-0.11623949406114387
-0.08798831690397957,-0.06007078784213982,-0.0941778593836613,-0.09801974063478203,-0.10224040880760465
-0.052208835341365445,-0.02689708392769441,-0.057669487046861256,-0.0764368419811472,-0.10446820764944931
-0.0839722526469514,-0.05784307714910475,-0.08954647671917593,-0.09340353603790263,-0.09397503810654073
-0.08032128514056225,-0.05018665010810219,-0.08625865948689526,-0.09422348281561932,-0.10156579253155051
-0.08141657539247904,-0.04947198517649953,-0.09014989555135489,-0.10794926934167448,-0.10879260301867044
-0.10040160642570284,-0.06984985745990702,-0.10532988100782181,-0.11321164210898149,-0.1263772109654624
-0.08141657539247893,-0.05409270348922979,-0.08619652051618543,-0.08267587131396081,-0.09610487336997331
-0.08360715589631262,-0.053041601114595216,-0.08967674248902435,-0.10010390991252238,-0.11052904078050996
-0.06060606060606066,-0.033422618636696266,-0.06529868406256067,-0.08382590106139598,-0.10007526160020608
-0.0850675428988682,-0.054988105585595526,-0.09127746274357285,-0.10769493446168965,-0.1184599166612077
-0.07886089813800656,-0.05120198805071796,-0.08442543812425485,-0.07952873060439103,-0.08313817796937484
-0.08360715589631251,-0.052925324885581326,-0.09053313027120491,-0.10815834034383831,-0.11263110577962032
-0.08689302665206278,-0.05808128152525438,-0.09247644334542138,-0.0965545913357726,-0.09932167239644596
-0.07009857612267245,-0.03684984773145683,-0.07904986615586107,-0.08736746625406933,-0.08926653040535648
-0.08141657539247904,-0.05200805871997405,-0.0878528894802364,-0.09704392209536594,-0.1079366668263535
-0.07119386637458924,-0.0404930131469311,-0.07915313326910112,-0.09204512980885893,-0.11164856469305073
-0.06973347937203356,-0.03585910498372835,-0.07599166040406069,-0.09199335715364099,-0.11074466597796528
-0.07338444687842283,-0.03527191930991003,-0.08119093171343095,-0.09970173215493816,-0.10762977822255015
-0.0664476086162834,-0.03676315845123268,-0.07225958963745671,-0.08828098615332658,-0.10982635246645878
-0.07265425337714493,-0.04025015819722566,-0.08074562787201522,-0.09890654027250512,-0.10438470563169178
-0.06389193136181093,-0.02860610213253234,-0.0717345970202059,-0.0906766465136758,-0.12329954098687268
-0.06389193136181082,-0.034907922099137734,-0.07052421634763917,-0.08388289368505208,-0.09954666081183616
-0.07046367287331146,-0.038692273830120416,-0.07740329630525788,-0.09258560893220902,-0.10661531186455031
-0.0752099306316174,-0.04106944903908849,-0.08216764879933414,-0.1058266380869044,-0.12238431209834466
-0.06352683461117192,-0.03493665064424689,-0.07266159739857103,-0.10228383258975993,-0.1103053910322559
-0.07813070463672878,-0.04918585816268295,-0.08301273165257894,-0.09160712144441685,-0.10587531309215881
-0.07265425337714504,-0.03727514807223675,-0.08221228387343849,-0.09610413400356665,-0.10684282088764119
-0.06389193136181082,-0.03411605740273804,-0.06835233174060829,-0.09208189294548286,-0.11182821216553207
-0.08543263964950709,-0.053612181200050846,-0.09313386319244066,-0.09883820216946737,-0.1027210723716322
-0.07995618838992324,-0.051061421003617546,-0.08560161044060166,-0.09367963334460994,-0.10313719556269385
-0.08433734939759041,-0.051163575968565245,-0.08902386800255502,-0.10571941427556397,-0.1186988478573594
-0.08032128514056225,-0.050237002723493074,-0.0874628355401399,-0.09864037150564653,-0.11337450045228548
-0.08178167214311782,-0.05268014955812372,-0.08961850541305094,-0.09437491619120963,-0.1076325648298535
-0.07082876962395035,-0.03683848451290317,-0.07633234142408163,-0.08340102817570083,-0.09233500487878554
-0.06206644760861635,-0.035486596914284685,-0.06851473090078097,-0.0790321188981643,-0.08167790821260934
-0.06863818912011688,-0.03913003514409552,-0.07524115983394697,-0.09280181404139465,-0.10580950427853775
-0.0755750273822563,-0.04618323310930317,-0.08092798850309513,-0.09247780498389957,-0.10346398578077631
-0.0759401241328953,-0.04531456882365392,-0.0830659665807203,-0.09179055819893411,-0.10028206872435641
-0.07849580138736767,-0.049998997119092725,-0.0864298776261212,-0.09438581489698761,-0.09660065225576675
-0.07374954362906172,-0.04281411245631617,-0.08072868740223504,-0.10099021378696782,-0.11897183040715054
-0.07155896312522825,-0.04528172525554719,-0.07566798140633746,-0.0901174393408416,-0.1130892584173182
-0.0664476086162833,-0.034505077935230055,-0.0729590881093718,-0.0915722070464785,-0.10855790319851333
-0.05257393209200445,-0.026133551453468407,-0.058979484328791076,-0.08704310786401748,-0.10148453198895857
-0.06352683461117192,-0.03285957250799443,-0.07047150423936244,-0.08314896636069824,-0.09548716571559113
-0.0660825118656444,-0.039323598688870254,-0.07085338987999412,-0.09965851895466482,-0.11647960217049147
-0.09894121942314704,-0.06750331900574424,-0.10609296144035163,-0.11426015316953986,-0.11922040805914025
-0.08214676889375683,-0.04615109313315291,-0.08971684770461785,-0.10665600405594522,-0.12159804071540559
-0.0660825118656444,-0.036872823678379296,-0.07288271195859686,-0.07627914752259535,-0.08513109154691334
-0.08068638189120114,-0.052348124980497346,-0.08411428425487943,-0.08789940426750986,-0.1108703557918046
-0.08032128514056225,-0.05185345169644984,-0.08582788149753018,-0.09991126485669866,-0.11264828029858331
-0.05622489959839361,-0.028804208554369826,-0.06434740812134288,-0.08690286485355281,-0.09992565335103631
-0.08689302665206278,-0.05575652583647339,-0.09549626270623357,-0.10323540121857899,-0.10789157066832089
-0.06352683461117192,-0.03531044743145606,-0.06868252791074825,-0.0889540110761361,-0.10904166998180664
-0.07740051113545088,-0.0478529331705444,-0.08385989323958376,-0.09269931130143061,-0.11159076486478403
-0.07119386637458924,-0.042221607935604144,-0.07780423752520471,-0.0988411477234239,-0.1136248144230787
-0.07995618838992335,-0.05303409281422555,-0.08512859678431339,-0.09024830602737222,-0.09512162040442418
-0.10478276743336978,-0.06418887273987983,-0.11072296421128236,-0.10877411358694788,-0.13519178385397024
-0.07484483388097851,-0.04578708886401195,-0.0788184518054953,-0.08503268716104895,-0.09962751578377049
-0.0857977364001461,-0.05791505791505791,-0.09092925117819106,-0.11737482800363908,-0.13582668802509945
-0.05914567360350487,-0.028519825736038618,-0.0663381207496293,-0.06706632110093713,-0.07560675671328598
-0.08871851040525736,-0.055693402203596754,-0.09590206343813801,-0.11038827452404343,-0.11955945992095562
-0.09675063891931357,-0.061098084355080684,-0.10381769826007181,-0.11456913633947119,-0.13297207012363177
-0.06754289886820009,-0.041680057951541394,-0.073359461180586,-0.07908660337210938,-0.08453043481011091
-0.09054399415845205,-0.06186163296772784,-0.09590078911846778,-0.10650685483221389,-0.11881971978944217
-0.08214676889375683,-0.053404287048521626,-0.08776109378422425,-0.08135770249007901,-0.0856052839165996
-0.07374954362906161,-0.04343581616481773,-0.0806391270011404,-0.09671913007228627,-0.11495611405551465
-0.06790799561883898,-0.03301758417187073,-0.0744699384406815,-0.08222361741631523,-0.10126677755028024
-0.07813070463672878,-0.050533732324951286,-0.08416744493009998,-0.09696705001590122,-0.10949075924266727
-0.06790799561883898,-0.042460547504025725,-0.07302535152460465,-0.08949972024360331,-0.10295303126385058
-0.07374954362906172,-0.039611466638899695,-0.08031398817284097,-0.08971931357937735,-0.10105996485418733
-0.07046367287331146,-0.03999628296295188,-0.07770996335718983,-0.07975389739656491,-0.09025786134815361
-0.09930631617378605,-0.06310752528591412,-0.10672707763786093,-0.11824142836268614,-0.12197119107854948
-0.08689302665206278,-0.05370627229610592,-0.09480660934322593,-0.11461003009265003,-0.1264968935746027
-0.08141657539247904,-0.055540754729321296,-0.08589459931866983,-0.0912396986095203,-0.09891725496681003
-0.08287696239503473,-0.0529534874899068,-0.0902018598792268,-0.09188239623022232,-0.10826571168323651
-0.07374954362906172,-0.039171278352523875,-0.08061398630406791,-0.09730888523991965,-0.11464575303761293
-0.09894121942314715,-0.06618371522706157,-0.1057910728952981,-0.1108899658635576,-0.1252544379321644
-0.08543263964950709,-0.05344470186562611,-0.09024104773911501,-0.10735598587260975,-0.12253803276599928
-0.06498722161372761,-0.03262849949283819,-0.07316053830899483,-0.08982456556499485,-0.107340296705841
-0.08032128514056225,-0.044533192834562696,-0.09091980253797427,-0.10345883081439855,-0.1186919002056378
-0.07411464037970061,-0.046766353059065846,-0.07985043817880955,-0.08887756869487018,-0.11695053181245962
-0.06462212486308871,-0.03533809941442756,-0.07118199296104843,-0.07773638059601196,-0.08666832907653965
-0.07301935012778382,-0.046382036685642,-0.07811798361499878,-0.09505467276960688,-0.11122826584283596
-0.0941949616648412,-0.058710948007035135,-0.10144874526691328,-0.11874177926260665,-0.12464062907713058
-0.07265425337714504,-0.04664468389958587,-0.07872938738585888,-0.08929118402036273,-0.09518961692312367
-0.08251186564439583,-0.04978304115511312,-0.08957320293175453,-0.10668561924653819,-0.11399655147981913
-0.10003650967506394,-0.06942353049119454,-0.10598393706778131,-0.11599992487416422,-0.12832544375265376
-0.06790799561883898,-0.03973528724236042,-0.07521956384410411,-0.08170559992363058,-0.09341749377839026
-0.06024096385542177,-0.03155143372903768,-0.06630362989417504,-0.08397228948076418,-0.10134155278228407
-0.09090909090909083,-0.060717308264141456,-0.09555410758872629,-0.11683662823359453,-0.13432988163540172
-0.0668127053669223,-0.04067018286038693,-0.07143762372787821,-0.08197167989701781,-0.09791988668445606
-0.07484483388097851,-0.03763177026535802,-0.08102108784124507,-0.08387679801214554,-0.10178476691116256
-0.08324205914567351,-0.05221608149668444,-0.08884660484383677,-0.10798522170133029,-0.11603253975906413
-0.07594012413289519,-0.046484338141735804,-0.08121294744684715,-0.08565356146749614,-0.10112436801530356
-0.09602044541803578,-0.06336857836054355,-0.10249644578974959,-0.10809120078492906,-0.12213666597029138
-0.07849580138736767,-0.051027977179448736,-0.08580534314264476,-0.0874728105013689,-0.09296572442206996
-0.08689302665206278,-0.057266861641929845,-0.09462295449627833,-0.10502819092057936,-0.10885592547290501
-0.07594012413289519,-0.04669988893857013,-0.08170353409977793,-0.09101779480300609,-0.10816214405709135
-0.07594012413289519,-0.0471225018620669,-0.0812608910399949,-0.08362855525804092,-0.0954804831763465
-0.07703541438481198,-0.04787417905288627,-0.0838094399480267,-0.10101250295896202,-0.10565154262505672
-0.0763052208835342,-0.04657988264790702,-0.08502973782916079,-0.0991909205964655,-0.10135612409086137
-0.07338444687842272,-0.039367353791201265,-0.07966086103857994,-0.09565692934127634,-0.10333865655281493
-0.09017889740781304,-0.06275930268064,-0.09679170445851848,-0.10551060017593117,-0.11643639068529088
-0.0748448338809784,-0.04705172680691305,-0.07984319655509575,-0.09063606895219267,-0.09999768081921345
-0.07009857612267245,-0.04349589470937476,-0.0763058836496393,-0.09021335582245249,-0.09808451081963798
-0.08689302665206278,-0.05757536651448214,-0.09252178080432882,-0.09663741982656193,-0.10430040649782024
-0.08105147864184004,-0.05008060844990503,-0.08600167219763999,-0.09368081353896962,-0.11530656712796294
-0.06498722161372761,-0.035650468023092796,-0.07106721721432407,-0.09873133406053691,-0.10995285158113954
-0.08908360715589625,-0.05748839583170129,-0.09487729635332598,-0.10408739172694503,-0.10937828856570075
-0.0934647681635633,-0.0639195551429893,-0.09731461015341747,-0.1051806482287766,-0.1220064815532439
-0.06352683461117203,-0.03730010423073893,-0.06907369225116788,-0.08542892170041627,-0.09767209852193803
-0.08214676889375694,-0.04329827503735162,-0.09181812240162435,-0.1029650515581565,-0.11218324869657081
-0.07849580138736767,-0.053823230769739605,-0.08377806275589506,-0.09121361312886722,-0.10821299792340677
-0.07265425337714493,-0.042132193653998784,-0.08011608987484442,-0.09556709062637925,-0.10543139836320492
-0.07995618838992335,-0.047158286515814885,-0.08805062435608924,-0.0889829405294229,-0.09455708806747287
-0.06535231836436661,-0.03610664953421139,-0.07094497221893015,-0.08803733851655382,-0.10328630619418344
-0.07813070463672867,-0.04743432207104825,-0.08431746498689197,-0.08576348123856725,-0.097807218065461
-0.08433734939759041,-0.05284155970165039,-0.09229730997605479,-0.09971101554144757,-0.09972814999261359
-0.05732018985031029,-0.032298194673730185,-0.06425953829745001,-0.08254244808293731,-0.09169668731987668
-0.06316173786053303,-0.03504972263614248,-0.07088342501559941,-0.0897174439592493,-0.1033561663462158
-0.08725812340270167,-0.05612984917364339,-0.0928607742561417,-0.09992818413202098,-0.10625660691732253
-0.08214676889375683,-0.05263212512525817,-0.08946623350245264,-0.10107099631728722,-0.11088297612850262
-0.08433734939759041,-0.05227531107564909,-0.0913217851730711,-0.09993793640142601,-0.11544902020070436
-0.05549470609711571,-0.029755247180878075,-0.06083863902647857,-0.0801793519459364,-0.0985734467277265
-0.08032128514056225,-0.04789651541425766,-0.08713749618061095,-0.1147369202449896,-0.1342579363378298
-0.06973347937203367,-0.039142219118272426,-0.07587287429686163,-0.08899280498224094,-0.10237913846401081
-0.0839722526469514,-0.05643449579459636,-0.09053594657405661,-0.09302382652631935,-0.09494830382092523
-0.07374954362906172,-0.04112244668827325,-0.07946703218191786,-0.0866036715327686,-0.10571267289209318
-0.07447973713033962,-0.042681137956582016,-0.08242525588135419,-0.08994708994709,-0.11023849330728985
-0.06133625410733845,-0.029968276524350523,-0.06835190106905475,-0.08477616853192882,-0.08934501996496436
-0.09090909090909094,-0.06433293277937857,-0.0962326387601744,-0.10627369322884972,-0.12675532273480417
-0.10660825118656436,-0.06965848395076446,-0.11341294250928569,-0.1240253128976263,-0.13347449902999964
-0.061701350857977344,-0.029770927859581464,-0.07198665419322137,-0.09325467478439087,-0.09611789844862029
-0.055859802847754714,-0.024234695528900008,-0.06430417119250631,-0.08333730128669914,-0.09427743226458518
-0.06754289886820009,-0.03972139395032981,-0.07337094851799764,-0.0884578303152248,-0.1062669963386782
-0.0653523183643665,-0.03530933284150761,-0.07148671630425318,-0.08054290161217381,-0.09419353187668278
-0.09894121942314715,-0.06839089571956958,-0.10468610946358659,-0.11023069611586378,-0.1295796423186224
-0.07228915662650592,-0.038892561131638304,-0.07936679993288598,-0.08081824279007355,-0.09401794623724757
-0.07338444687842283,-0.044894243179034454,-0.0785388172343735,-0.0969645854924498,-0.11696535646624162
-0.07667031763417309,-0.0469216773306842,-0.08302537936989818,-0.09449870485566092,-0.1056613434255037
-0.05878057685286597,-0.03130278871971903,-0.06348008831646124,-0.07964611023703105,-0.10555061345153982
-0.0759401241328953,-0.04970154384515091,-0.08261463576973327,-0.09466932100666803,-0.09797419992024814
-0.05074844833880987,-0.025628255083620766,-0.05575586691698631,-0.071396253416256,-0.08010188923506656
-0.09054399415845193,-0.06011122724642648,-0.0972132590705197,-0.09521166171204865,-0.09168611911577151
-0.08798831690397957,-0.0578672063897534,-0.09532991314350348,-0.10672449308812926,-0.11806555214574888
-0.07447973713033951,-0.043659663496254275,-0.07991571986910295,-0.08662435745565833,-0.10130634756837953
-0.07922599488864546,-0.04966474893114692,-0.0856680303433639,-0.09138016444375041,-0.108428564104189
-0.08981380065717415,-0.05943946838308467,-0.09489610236009416,-0.09799015542655365,-0.11756020458982053
-0.07338444687842272,-0.042863158116467126,-0.08054268247703578,-0.08987827601462672,-0.10521763131532991
-0.09163928441036884,-0.05773357064412632,-0.09729064198284976,-0.10316422160255623,-0.11601347610635615
-0.0657174151150055,-0.031292602679700354,-0.07269492394105959,-0.08366532580387309,-0.08875332196486962
-0.08105147864184004,-0.05475151301470671,-0.08605664518379441,-0.09231061690738718,-0.09628669887184094
-0.08908360715589636,-0.05805974654307322,-0.09630199819088381,-0.1052120258665834,-0.11191002226321312
-0.06973347937203356,-0.04159903143864174,-0.07511987015608768,-0.07909783308302942,-0.09106959509291024
-0.09127418765972983,-0.058842765771272676,-0.09816314976618701,-0.10906309190314123,-0.12138362087050847
-0.07922599488864546,-0.05118572956752476,-0.08652411394674053,-0.08501682772950092,-0.09553046898359696
-0.08360715589631251,-0.054928928735927696,-0.0902479812295145,-0.09618282432627612,-0.11230022625733749
-0.06060606060606066,-0.030860536173989206,-0.0658028293765357,-0.07328783789288185,-0.09000008831211626
-0.05184373859072644,-0.024240783255479625,-0.057080984241465904,-0.07817571129341006,-0.0980580977640928
-0.05330412559328224,-0.02422043320695688,-0.059116556903949014,-0.08665194196347037,-0.11524005303558427
-0.08616283315078488,-0.05999811552075618,-0.0921424187194968,-0.1042628564045136,-0.11915463615917365
-0.08324205914567362,-0.055711190218232454,-0.08823506450580176,-0.09112341838371729,-0.1022747192678819
-0.06425702811244982,-0.032596985297120074,-0.06941667591134837,-0.09378447417181657,-0.12232943144110175
-0.08251186564439572,-0.05147254239347754,-0.09043318980672366,-0.10421666113823702,-0.11338698359792032
-0.07046367287331134,-0.04110480397372096,-0.07648456860835962,-0.08510164194972125,-0.10451560916149627
-0.08652792990142388,-0.05634465083390616,-0.09272943563736136,-0.11231838002740446,-0.12979053762296044
-0.0934647681635633,-0.05640683706043437,-0.10319115473099028,-0.11356539637147123,-0.12736308366529825
-0.07192405987586714,-0.0397703421788318,-0.07988861406562675,-0.09553865977715381,-0.1108925104022851
-0.09382986491420231,-0.06421268549441828,-0.09993378082416737,-0.10809810711062506,-0.12502780258032908
-0.052208835341365445,-0.028329673080442208,-0.057591803351172755,-0.07426783762391165,-0.09731933333911913
-0.0850675428988682,-0.05216738032919743,-0.09283634343942704,-0.10055536084975603,-0.11223705989517474
-0.0839722526469514,-0.05080794452637194,-0.09083802936035079,-0.09912872022208341,-0.10368743614324116
-0.07740051113545088,-0.04888391765951405,-0.08583405690814494,-0.09772982747666292,-0.11101548650567983
-0.08141657539247904,-0.05231374853857429,-0.08826298393853316,-0.09332763562930624,-0.10319981909499354
-0.06097115735669956,-0.032622487666799316,-0.0668392394068994,-0.0833700760304984,-0.1004074790539966
-0.06936838262139466,-0.039526808790260604,-0.07390692459903114,-0.09518081002892964,-0.11297332838740282
-0.06425702811244982,-0.033991032607466165,-0.07022624525516108,-0.08611997238008784,-0.09597113354356313
-0.08032128514056225,-0.050765527125454124,-0.08654430903460197,-0.10325066360925994,-0.10842758283381893
-0.07849580138736767,-0.04473091159915543,-0.08654126129137407,-0.10020598132694647,-0.1166194368861212
-0.07009857612267245,-0.0384842608617082,-0.0780228631132408,-0.09477125064028247,-0.10924030834711806
-0.07447973713033951,-0.04627735843654124,-0.08080869467422114,-0.09443430656934326,-0.11014998314721491
-0.0660825118656444,-0.0368883522331418,-0.0725140807485134,-0.09538776963481443,-0.11333964027585786
-0.08981380065717415,-0.06276387124171001,-0.09620483076584296,-0.11262441336819906,-0.12286951443081018
-0.08178167214311793,-0.05324795993201259,-0.08994293082758853,-0.11402007954455828,-0.127241052792473
-0.08543263964950709,-0.052456647398843925,-0.09134434709744244,-0.09957737070213402,-0.11168782376826047
-0.07959109163928446,-0.04775246137722622,-0.08643397769050887,-0.09421544344920807,-0.11792827059732669
-0.07776560788608977,-0.04677096488741117,-0.08483786041530073,-0.0956620285467964,-0.11219110645118557
-0.07630522088353409,-0.044971699303124946,-0.08372249354716588,-0.09404319878628187,-0.11607572374051367
-0.06243154435925513,-0.033054827049446844,-0.0697570814135563,-0.0806429988593177,-0.08918863195565851
-0.09054399415845193,-0.05761104063099731,-0.09566983453120748,-0.09833840900454405,-0.1112951969316266
-0.07009857612267245,-0.042715130308521365,-0.0762426794746971,-0.07565929340238331,-0.08233405638187652
-0.07813070463672878,-0.04511592529857911,-0.08491332716952682,-0.09400701769469266,-0.09815059236233381
-0.08251186564439572,-0.057342232171233576,-0.0866369405836993,-0.09219249789703221,-0.10307654692030488
-0.058050383351588186,-0.029903539558182923,-0.06308342918358245,-0.07066511303975143,-0.09163688263097192
-0.06024096385542166,-0.02903326465284406,-0.06517394090407946,-0.08146699373744337,-0.09678682784728321
-0.09054399415845205,-0.061160707403956294,-0.09726754936585325,-0.11938933183992473,-0.131841497854576
-0.0949251551661191,-0.06191428380640007,-0.10428990531763671,-0.10749703208599648,-0.10684463956821932
-0.09017889740781315,-0.05755519036510104,-0.09586564396618713,-0.10642312188980152,-0.12153168196215247
-0.0850675428988682,-0.05232417716627291,-0.09116625247732113,-0.09516933578367026,-0.1007727901467701
-0.07959109163928446,-0.048201219190035616,-0.08637431315242772,-0.09275263312916138,-0.1082012863367019
-0.07995618838992335,-0.050271599257712296,-0.08605294185977341,-0.09839328962135974,-0.105381542950294
-0.08725812340270167,-0.05917601375834214,-0.09333249724910953,-0.11225085743868501,-0.1222296104583721
-0.08251186564439572,-0.05202443506461518,-0.08739390194952223,-0.10332768530196113,-0.1155235167772879
-0.06316173786053303,-0.03200747858661801,-0.06919697261820601,-0.08787727882210361,-0.10333737138929278
-0.07995618838992324,-0.05087792923497281,-0.08748552911227314,-0.09547642519411281,-0.10128477647804912
-0.07009857612267256,-0.03811367011414468,-0.07764546734278543,-0.08325051683959328,-0.08615581354556356
-0.10076670317634173,-0.06641689554472396,-0.1083002266131674,-0.10881555357787753,-0.10701681056230339
-0.08287696239503473,-0.05243247579615429,-0.0879339819506818,-0.09876069201627014,-0.11192979089909605
-0.06827309236947798,-0.043568621647840367,-0.07388123105957933,-0.08287358800851918,-0.09123277435228894
-0.06389193136181093,-0.03435749128154997,-0.07007068212761058,-0.07874848218398034,-0.09692173893335454
-0.06717780211756119,-0.04126929079243968,-0.07351919915876493,-0.08462742703153303,-0.09884995223014004
-0.06279664110989414,-0.036946825559635466,-0.0680932874415432,-0.08440562241213356,-0.09546204412314285
-0.08725812340270167,-0.05908471355995204,-0.09314876279900153,-0.10208197413156439,-0.10866385352055308
-0.07009857612267256,-0.04466459024673364,-0.07555880687159622,-0.09742955352421245,-0.10598028626409495
-0.09748083242059147,-0.06605958098685616,-0.10330255979532366,-0.10712785811779368,-0.118552454988894
-0.07155896312522825,-0.038895834537781115,-0.07810806449683128,-0.09067773139147817,-0.10565851271143556
-0.06973347937203356,-0.0445957980444186,-0.07586405965276921,-0.09081997816664411,-0.10368147022986107
-0.08616283315078499,-0.05376972036304006,-0.09309975979329344,-0.09751452168446162,-0.09947715706037574
-0.07667031763417298,-0.0443727273018546,-0.081130767396567,-0.08992608953755143,-0.1034731996322178
-0.07411464037970061,-0.048463114250984374,-0.07933194614248529,-0.09793212306614862,-0.10798320092684222
-0.058780576852866084,-0.024132231776895496,-0.06609984416469827,-0.0831771049446286,-0.09627911837680103
-0.07411464037970061,-0.045348227045373335,-0.07868889180654026,-0.08443674594045114,-0.09808237930906649
-0.07374954362906161,-0.045108549986598745,-0.08152113659173987,-0.0964528193946722,-0.1027295397148863
-0.0763052208835342,-0.04629569490319585,-0.08405302743553578,-0.10314046888760675,-0.09935779726710003
-0.04235122307411454,-0.014419766846130999,-0.04821467814033753,-0.0695972311253179,-0.08822804616810775
-0.08616283315078499,-0.053370985732062004,-0.09467204803901019,-0.10670285165771465,-0.12274667467978473
-0.07849580138736767,-0.048474499694368456,-0.08511597020794415,-0.09392531821198036,-0.10239335738820488
-0.08032128514056225,-0.0450377471682335,-0.08687283281420777,-0.09388760544739849,-0.1075552599619235
-0.05841548010222708,-0.030390309707192475,-0.06487034181642692,-0.08317886183242718,-0.09790542390310442
-0.07265425337714504,-0.044761567851205886,-0.07840795219701269,-0.08771124045349188,-0.0994425590061695
-0.09017889740781304,-0.057893018595314705,-0.0972315048584742,-0.10508180329968497,-0.11089592633723944
-0.08543263964950709,-0.054631591455291506,-0.0944156840652901,-0.10728704384377075,-0.11011783901009642
-0.08798831690397957,-0.06364167096928774,-0.09255221247725776,-0.1039489590329079,-0.11915763206154883
-0.07228915662650603,-0.040152291036613885,-0.07895081156373562,-0.08589177045460406,-0.10604138462108681
-0.07119386637458924,-0.03566939768573696,-0.0803593253236281,-0.11124241397834367,-0.11362755727062679
-0.07813070463672867,-0.046806436841119514,-0.08573744460968702,-0.10025129963976798,-0.11265562474297253
-0.08287696239503473,-0.04900490173426841,-0.09033574454208759,-0.10958907427862719,-0.11412922370332135
-0.07374954362906172,-0.03647346486434688,-0.08405067006891587,-0.10088521432359021,-0.11005960298074624
-0.0752099306316174,-0.044424728286701076,-0.0821657386767698,-0.08586109172930068,-0.10406938284862521
-0.09309967141292441,-0.059200260142483585,-0.10077359489591664,-0.11907681520471236,-0.11760275733902292
-0.0565899963490325,-0.02589651733782794,-0.06423777477252068,-0.09068653281570949,-0.10932637861299221
-0.0854326396495072,-0.05035150030618485,-0.0941131886590516,-0.10553233101219883,-0.125995738237472
-0.06973347937203356,-0.04045291726636713,-0.07540913911742675,-0.0890856001691207,-0.1071131981029334
-0.06243154435925524,-0.03277581807530905,-0.07035399218863925,-0.0945850963671584,-0.11039554152371245
-0.09675063891931368,-0.06634738491704206,-0.10124677178874508,-0.12022191457219744,-0.131574677856637
-0.08324205914567362,-0.05142619272139881,-0.09040403962864196,-0.10452613510532427,-0.11911834924228448
-0.06206644760861624,-0.03315601268052126,-0.06787820166788971,-0.0800829565352068,-0.09742441159380955
-0.08981380065717415,-0.05515568018264283,-0.09578794713637995,-0.11283783928636504,-0.12748818510007798
-0.07411464037970061,-0.04688450942585043,-0.08012824173439992,-0.09705641489814498,-0.0981272384778974
-0.07630522088353409,-0.04368001809152289,-0.08546651418824125,-0.10693183455829369,-0.11117317676975724
-0.09382986491420231,-0.06379648078861921,-0.09932606108066999,-0.10430551530957222,-0.11021911968194065
-0.07155896312522814,-0.040857884605524974,-0.07642177813401418,-0.08987938211437818,-0.10716527581856372
-0.07155896312522814,-0.04170875187049561,-0.07711833597215645,-0.09124168383043618,-0.1053514929135575
-0.07119386637458924,-0.04167288888293641,-0.077430880360708,-0.09044223215276226,-0.1115796060606924
-0.07301935012778382,-0.04247702114979568,-0.0815527567144807,-0.09724625809006615,-0.1168142987840548
-0.06900328587075577,-0.03446949150691314,-0.07568371101200222,-0.0893091407184472,-0.1038916798256081
-0.07959109163928435,-0.05128792675802085,-0.08614922926344937,-0.10583828310498344,-0.11433970932109183
-0.08214676889375683,-0.05346565048725027,-0.0882801035941676,-0.09816962622758796,-0.11116220954991562
-0.08032128514056225,-0.05121583272196173,-0.08587228629628108,-0.09476459492161016,-0.11048423492283244
-0.07046367287331146,-0.04120116737155488,-0.07709607143824848,-0.08459256639527346,-0.09924260773225435
-0.07813070463672878,-0.05181554540484945,-0.08423076958952391,-0.09563572773742257,-0.10878850226766357
-0.07119386637458924,-0.04445279997021123,-0.0781675625422239,-0.08189639313039065,-0.09117461741188282
-0.07374954362906172,-0.04642776440879737,-0.0796061926165994,-0.09456297460576191,-0.09719136059957767
-0.06389193136181082,-0.03312617676753904,-0.06977714750603625,-0.07981303387855743,-0.09393636292337881
-0.05768528660094929,-0.02750780002981401,-0.06522352033948331,-0.0972767711954049,-0.11125693184960284
-0.07740051113545099,-0.04777548355216721,-0.08403569315499171,-0.08258794118756296,-0.10304684612891157
-0.08068638189120125,-0.053222125365429696,-0.08570524948997171,-0.0981832098358092,-0.12458395126841249
-0.08032128514056225,-0.05834649854567464,-0.08379675468257453,-0.09144527018975923,-0.10106300922250733
-0.06206644760861624,-0.03534252184278697,-0.0687030775078723,-0.09357452413186551,-0.10275138422266794
-0.0857977364001461,-0.05704028782738679,-0.0912517770337522,-0.10581033031035991,-0.11862012954965762
-0.08944870390653525,-0.059724872391614725,-0.09635321707983757,-0.09801851927761018,-0.10966378075057259
-0.05622489959839361,-0.02660975029513024,-0.062434213872712196,-0.07563895361948425,-0.08618351242964062
-0.054034319094560135,-0.02610713629229533,-0.0604348016116143,-0.07282148591446491,-0.08026552266966924
-0.0847024461482292,-0.05112379224820507,-0.09286821201408957,-0.1117657490416254,-0.1204124249141959
-0.0839722526469514,-0.04694044834821054,-0.08960206791440206,-0.09569936039357774,-0.10560622450160861
-0.06863818912011688,-0.04190506463233734,-0.07484779847558576,-0.09605182202840978,-0.09203753639346468
-0.06717780211756108,-0.03769057243645069,-0.07582924875254926,-0.09459768342619246,-0.09557547568060265
-0.0664476086162834,-0.03713858531178771,-0.07340789746253051,-0.08825500391090457,-0.08586549478576533
-0.05330412559328224,-0.03250540113782763,-0.057104339025390694,-0.06877225202584059,-0.08256543331720789
-0.07630522088353409,-0.04883913876012724,-0.08351683215968608,-0.09702219256772837,-0.10601083358895691
-0.08433734939759041,-0.05170273049060925,-0.09109750232769132,-0.11479265747057188,-0.1250910485112643
-0.05732018985031029,-0.03348184560575673,-0.0635877656396191,-0.07154341793086716,-0.07582086656006526
-0.06535231836436661,-0.03637179378281896,-0.07246047693122559,-0.08352830413280365,-0.09346007695651382
-0.08652792990142388,-0.05663528527885442,-0.09275707216465001,-0.10016034436373422,-0.11987307542014525
-0.07776560788608977,-0.04488774310935728,-0.08464171800027476,-0.09223945086426522,-0.11410641519466713
-0.07119386637458924,-0.04316797882476853,-0.07792479270712693,-0.08927178524716262,-0.09067231577199253
-0.07447973713033951,-0.04417887526157149,-0.0795378365825572,-0.09365584485160172,-0.11850215387799223
-0.09127418765972983,-0.0626922237647125,-0.09675879672951182,-0.1029134400607663,-0.11564084578146772
-0.07922599488864557,-0.04924349020841268,-0.08440060572696284,-0.0881342725245885,-0.10108602203693329
-0.09309967141292441,-0.0611370684959871,-0.09944464851725665,-0.10529599661797862,-0.11131338258862089
-0.09602044541803578,-0.05937013431591853,-0.10302337453876875,-0.10435517179664977,-0.10745523082252173
-0.0657174151150055,-0.035277681957380236,-0.07245285405701662,-0.08810095169100862,-0.10060000634293131
-0.056955093099671505,-0.032094786497922745,-0.06287025859857143,-0.07771364865025143,-0.09677288673128692
-0.07630522088353409,-0.04136172011746697,-0.08552825430717892,-0.10454480711397707,-0.11203675444427985
-0.07776560788608977,-0.05142180227573534,-0.0830066007030591,-0.09437906914178096,-0.10060275858120005
-0.07338444687842283,-0.044959947550790025,-0.07924958116464476,-0.08954008844659611,-0.09959067329212146
-0.08798831690397957,-0.056419773991658984,-0.0943929661749241,-0.10087826659237298,-0.12067291966279003
-0.07265425337714493,-0.04283352931045159,-0.07974680860934691,-0.08886833293947916,-0.10182433347096964
-0.06717780211756119,-0.041377899118484884,-0.0723500388458227,-0.0842659800406248,-0.10097420950065472
-0.08251186564439572,-0.05257803244374326,-0.08850385752538503,-0.10023840543770957,-0.10839465766734768
-0.055859802847754714,-0.024391828643797187,-0.06333358408999934,-0.0810326266350534,-0.09041145165457065
-0.06535231836436661,-0.03129342767896981,-0.07521405003543191,-0.09410377869794262,-0.10955796402654117
-0.08725812340270167,-0.04962171868191312,-0.0989471805361013,-0.11324661008205317,-0.11193249113856674
-0.07374954362906172,-0.047366565708160335,-0.07893182145048772,-0.09124311659515594,-0.104633267897706
-0.07009857612267245,-0.038057328601394325,-0.0787010437194533,-0.08132176725484663,-0.09305543998338173
-0.07009857612267256,-0.03745922446688865,-0.07915225098631495,-0.09592068034644885,-0.10161785989405625
-0.07922599488864557,-0.04873356375585158,-0.0858686050476909,-0.09435685445106712,-0.11073694835859071
-0.0660825118656444,-0.03370268518680697,-0.07120844859602415,-0.07901974630993847,-0.08739102990553937
-0.06754289886820009,-0.03946242396720978,-0.07548099032576105,-0.08870911847520035,-0.0965103626523941
-0.09127418765972983,-0.06551945505433876,-0.0962567888202005,-0.11887630844663788,-0.12819779064490255
-0.08178167214311782,-0.05168477360477364,-0.0878300535428218,-0.08730983412004145,-0.10255087771901239
-0.06717780211756119,-0.03406058028556924,-0.07622971440964155,-0.09006418230834445,-0.09404224440532394
-0.06827309236947787,-0.03642469674985649,-0.07501786346527262,-0.09052230046948351,-0.10670879881832684
-0.0839722526469514,-0.0548322573357547,-0.08869716496142843,-0.10680852545796471,-0.1303929404886066
-0.06790799561883898,-0.03902297210526007,-0.07327864501855497,-0.09669178016034008,-0.1174173557246152
-0.06024096385542166,-0.03089882654325493,-0.0643549539547994,-0.0815865302369343,-0.1004376169246195
-0.07813070463672878,-0.05118569817161145,-0.08432039555450499,-0.0923485468940014,-0.1064971266015261
-0.07703541438481198,-0.04954399786702357,-0.08351939037997036,-0.09277965085625495,-0.10204730650114102
-0.06827309236947798,-0.040159064648753295,-0.07516044563841406,-0.08788075860282363,-0.09950348747951021
-0.06498722161372761,-0.030637539736012687,-0.0719482877271026,-0.07704237780299261,-0.08323165818287959
-0.06863818912011688,-0.038016865029962044,-0.07392234214362325,-0.09164630879674274,-0.1082551686621539
-0.08908360715589636,-0.06495846069922784,-0.0939903491599634,-0.10398799983207507,-0.11705037823964526
-0.07192405987586703,-0.04675440622990046,-0.07659930556010541,-0.07937522864705482,-0.09375154279427367
-0.06243154435925524,-0.03495343237837745,-0.06821843095631408,-0.07657484236768841,-0.08700295057207919
-0.07740051113545088,-0.03980249268501468,-0.0820139441823795,-0.10357241909559267,-0.11869662954252569
-0.09273457466228552,-0.05823074713578513,-0.09849770477586117,-0.11261584380903111,-0.12512782485517293
-0.08105147864184004,-0.04838833528488706,-0.09012810781854552,-0.11501793585536124,-0.11509080373846658
-0.07594012413289519,-0.0474855388941009,-0.08163282287833007,-0.09944492413963246,-0.10864627670830773
-0.10660825118656436,-0.07283397601805408,-0.11379718164161068,-0.12594419401786128,-0.14199568369382032
-0.07740051113545099,-0.049084714517776074,-0.08422329987050092,-0.10062795836357141,-0.11740520372857
-0.0660825118656444,-0.03442301735378228,-0.07255770592319788,-0.07165977965131332,-0.09186215348173687
-0.08579773640014599,-0.05340895663476308,-0.09192579745676821,-0.09922611162656003,-0.12062137498147041
-0.09017889740781304,-0.057166096875509,-0.09629819962507535,-0.09898867496196728,-0.10712734824831072
-0.05841548010222708,-0.032240687537150814,-0.06425810107094887,-0.08074482801716054,-0.08696915271157946
-0.07374954362906172,-0.03658644849454784,-0.08298802879697231,-0.10251896941051075,-0.12128660776731348
-0.07046367287331146,-0.04159596872110549,-0.07383629333780584,-0.0830234523219443,-0.10070210881709685
-0.06717780211756119,-0.03357167412612483,-0.0753002033913005,-0.09133712312443554,-0.10861133433058057
-0.0938298649142022,-0.06168277495076446,-0.09978153478655993,-0.11145989876880391,-0.12562765425763667
-0.06389193136181082,-0.032177536906759174,-0.07119842096609286,-0.08719034291217387,-0.10978741753555643
-0.06279664110989414,-0.03203406418928101,-0.0704138846038036,-0.07990594581789989,-0.09288683044926371
-0.07995618838992335,-0.05054547182773028,-0.08728347959533367,-0.09636292561938908,-0.10605400594240966
-0.07922599488864546,-0.048065954343825434,-0.08525942345184456,-0.09206225601472107,-0.10805370511254342
-0.07959109163928446,-0.05016447734882645,-0.08578247589027965,-0.09556104768300866,-0.11244926835419966
-0.07374954362906172,-0.04195667365478695,-0.08077293943151087,-0.0859882861654685,-0.09695273246210923
-0.07374954362906161,-0.04292302207107601,-0.08027020013751485,-0.09333123491989148,-0.11227243530939113
-0.08725812340270178,-0.05630256322921334,-0.09470023989539156,-0.10493084851325651,-0.11317741024400796
-0.08798831690397957,-0.056486006977801595,-0.09406745365223124,-0.10811858780120243,-0.12075340993948891
-0.0752099306316174,-0.04194475366971295,-0.0839281897906694,-0.08974271690430324,-0.09650828528904842
-0.10003650967506394,-0.06872752532498894,-0.10459771590495714,-0.11286773556743235,-0.12134612326177063
-0.07484483388097851,-0.047125385483330784,-0.08096570184286056,-0.08746093011057798,-0.10120139129961081
-0.06754289886820009,-0.036448390269748665,-0.07412906807169317,-0.09399438335234234,-0.10818968659098493
-0.06024096385542166,-0.027849660804964316,-0.06542398614133693,-0.08106959860623009,-0.10153248896079292
-0.07959109163928446,-0.047826664090650395,-0.08902183266683061,-0.10112451665655009,-0.10939059954537977
-0.07813070463672878,-0.041971123485073036,-0.08562262618105998,-0.10317281583037874,-0.1220587920832602
-0.061701350857977344,-0.034521169887023584,-0.0679997443207413,-0.06692565711133336,-0.06723858614437916
-0.07374954362906172,-0.04912076891311157,-0.07825153765178428,-0.08970588235294119,-0.10705191438832018
-0.07484483388097851,-0.04001628926782774,-0.08309225445378898,-0.09073418567187652,-0.09295997712000881
-0.08798831690397957,-0.05904155978762171,-0.0948505067866875,-0.09266609583679308,-0.0960710093794066
-0.06060606060606066,-0.032170713869221323,-0.06644085879453077,-0.0740465942511217,-0.09059470229028399
-0.08214676889375683,-0.051764993600802556,-0.09077691544580568,-0.10545692839270815,-0.11941723683257299
-0.08725812340270167,-0.0552908085695476,-0.09357505922533182,-0.09808892188100915,-0.10375985208640803
-0.0664476086162834,-0.037090973581101805,-0.07099523015253428,-0.08452071222407409,-0.10612858950662085
-0.06900328587075577,-0.04296489621632538,-0.0744221583890845,-0.08875267898175065,-0.10114492987318635
-0.08506754289886831,-0.053392635784842546,-0.09232816959662693,-0.09763891177652184,-0.10976962917344957
-0.06790799561883898,-0.041590671929585765,-0.07285985040461163,-0.07740554859995386,-0.09513179692273344
-0.07813070463672878,-0.045955959595538665,-0.08351227819440565,-0.09416468286704238,-0.11807372455439014
-0.08178167214311782,-0.05402760486496849,-0.08891867872362047,-0.09958968073372176,-0.10385241243335641
-0.07046367287331134,-0.041277521773880554,-0.07516455263246302,-0.09266506287471687,-0.10574024175433994
-0.09054399415845193,-0.06411372754850586,-0.09401862333788413,-0.10232322628061596,-0.11514530962134983
-0.08178167214311782,-0.049006732820417453,-0.08701733146133572,-0.10574146297098774,-0.12219430718376567
-0.07228915662650603,-0.04261314207547828,-0.07890062660995678,-0.09121410812000919,-0.09304593267049444
-0.06936838262139466,-0.04047209583512568,-0.07661816443379332,-0.09096127888634098,-0.09218151272881614
-0.07922599488864557,-0.04973105912482079,-0.08290167922025338,-0.08692950914645214,-0.09544139870182988
-0.07119386637458924,-0.04149748363783812,-0.07968411564676303,-0.10347854268506773,-0.10983615058786456
-0.0847024461482293,-0.053468769422001294,-0.09346787124109401,-0.11272316481900879,-0.1200116137807008
-0.08652792990142388,-0.05846303712992662,-0.09318072759196927,-0.10710910178414579,-0.12267495583027732
-0.05366922234392124,-0.0247496196647653,-0.059619552773235385,-0.07903739574926005,-0.08771975294320145
-0.07667031763417309,-0.04988136705819912,-0.0821155646834677,-0.10340793150271088,-0.11786270412794386
-0.05951077035414387,-0.030938204011518478,-0.0665484996124509,-0.0816192354653894,-0.09241295397019045
-0.07009857612267256,-0.036964864461711655,-0.07673810933529135,-0.08354698170676078,-0.09529267623057802
-0.08616283315078499,-0.0508307922737824,-0.0948419295454509,-0.10327412220444276,-0.10948335086752059
-0.08032128514056225,-0.04349156411199795,-0.08607555765080899,-0.10116983567396798,-0.1187880677748826
-0.07740051113545088,-0.04783718345996435,-0.08316770186734868,-0.08446107273583803,-0.09371729475023094
-0.07155896312522814,-0.04310034228067017,-0.07863599354675865,-0.09196703182776367,-0.09638142544360062
-0.05768528660094918,-0.026978072722289803,-0.06311599505410448,-0.08269657798755636,-0.10179922924938956
-0.0755750273822563,-0.043663542826644974,-0.08144440184365731,-0.10043024974297454,-0.119953285131424
-0.08944870390653514,-0.057516219677614444,-0.09575340928484566,-0.10890066063153259,-0.11242391981419264
-0.095290251916758,-0.06131044891982629,-0.10103579976797084,-0.11649019519577475,-0.12732039298497855
-0.08652792990142388,-0.05753166591392733,-0.09206212508303657,-0.10569008538323632,-0.1156943937393281
-0.07776560788608988,-0.04270132574733532,-0.08651944971039638,-0.09000823494159027,-0.10665063737894453
-0.05476451259583792,-0.030362329570209012,-0.06139114555153147,-0.0779866218498998,-0.09080132997016765
-0.08105147864184015,-0.05372672881250451,-0.08607140789781709,-0.08638720282579038,-0.10522198406458616
-0.06790799561883898,-0.04414359622556763,-0.0718881586194905,-0.08256661408857324,-0.10895297672744031
-0.08725812340270167,-0.05625196830738155,-0.09373938003034676,-0.09856751054399049,-0.11268879066650084
-0.0843373493975903,-0.052170087304099444,-0.09282905074094061,-0.10411832633635154,-0.11609711229785336
-0.0558598028477546,-0.026142935118110167,-0.06225565264948474,-0.08185556149225692,-0.09928171198644564
-0.07813070463672867,-0.04747739830362818,-0.08282132226791106,-0.10146856800833459,-0.11459172868401835
-0.08214676889375683,-0.05129654493447988,-0.08765714074921593,-0.09207951211351695,-0.1045571297109722
-0.09273457466228552,-0.0639280840809453,-0.09802764325745816,-0.10027606635452013,-0.11335569701734138
-0.08324205914567362,-0.04917283612101264,-0.0897370278539733,-0.09956737593979315,-0.11459869796768019
-0.07776560788608977,-0.04903613498303028,-0.08396407041160636,-0.08672281353117561,-0.09638201505514132
-0.0748448338809784,-0.04441409273315,-0.08242897341555522,-0.09723976493189213,-0.10642095024882536
-0.0752099306316174,-0.0445088695613538,-0.08191380887894284,-0.08742780389523164,-0.09955761721621104
-0.07119386637458924,-0.03894478406226887,-0.07783031836049026,-0.08937683566414778,-0.1049190480241049
-0.07192405987586703,-0.040372731590016864,-0.07836795544113118,-0.09542076943771871,-0.12049764360998738
-0.0752099306316174,-0.04517143596127948,-0.08061899191412825,-0.10619449325926344,-0.1258162846712646
-0.06133625410733845,-0.03259423855810284,-0.06790052886080566,-0.08014097225436145,-0.10084670305671029
-0.06754289886820009,-0.03874949626334434,-0.07308917375674417,-0.0908519001820437,-0.10863912723104718
-0.06206644760861624,-0.02738934941867699,-0.06891862053376929,-0.08955033707551718,-0.0970643027646948
-0.07228915662650603,-0.04044846047364936,-0.0800467409896859,-0.09934315536311356,-0.11597558664636443
-0.08214676889375683,-0.05073598911490773,-0.08722340504436732,-0.09961992650376295,-0.11472112641934229
-0.08543263964950709,-0.05734390736825257,-0.09131375492294902,-0.09537151363141638,-0.1043289849335517
-0.060971157356699446,-0.02982896973030491,-0.06861668708259538,-0.08769281330984269,-0.09691061991447358
-0.06279664110989402,-0.036227273687860495,-0.06651237362169593,-0.07094296569002223,-0.0853590417349388
-0.07374954362906172,-0.042269584626272505,-0.07981152195978058,-0.09676922746250705,-0.11141560145690244
-0.09054399415845205,-0.05855536528277361,-0.09809602045492816,-0.09790639863746087,-0.10265087850665955
-0.07374954362906172,-0.04158438122659103,-0.08216111244052615,-0.09348427573440965,-0.09642746035371585
-0.08543263964950709,-0.05459167690787725,-0.0918621117123446,-0.1073654801880457,-0.12125768925162195
-0.0850675428988682,-0.051927365402994585,-0.0918572269511766,-0.09227173308181014,-0.11427371026101862
-0.056955093099671505,-0.02955589411627657,-0.061965643483451016,-0.07974651698219282,-0.10278988576512482
-0.07228915662650603,-0.045445568552115345,-0.0776771191775959,-0.0924483546004029,-0.11231395448860992
-0.06389193136181082,-0.03916470801541638,-0.0671327618850105,-0.06724887280442837,-0.08950949475820758
-0.07411464037970061,-0.04260922863699801,-0.08155956891868277,-0.08533600008614006,-0.09739856280841386
-0.06754289886820009,-0.03873472712462667,-0.0746785625347468,-0.07811455651716459,-0.07897771211856774
-0.08214676889375683,-0.05157646326729559,-0.0911026132556052,-0.10308120054955516,-0.11660427126442263
-0.07630522088353409,-0.04462288211643739,-0.08210411343239099,-0.09038471836944517,-0.10434934685762398
-0.07119386637458935,-0.036223210108591974,-0.08284802633223087,-0.09767765895370584,-0.10286340252812565
-0.0763052208835342,-0.04638108591039958,-0.08142142123728102,-0.09040865503143924,-0.10928523203320384
-0.0850675428988682,-0.055290038040555434,-0.09078639448732317,-0.08730009094931146,-0.10634788523435945
-0.08397225264695152,-0.05092834367520227,-0.0905952108236916,-0.09421349224828235,-0.10610659053588123
-0.07849580138736767,-0.04585431953857988,-0.08512500343436147,-0.11411764326915241,-0.1374733886322943
-0.07009857612267245,-0.04204109561587599,-0.07507875447487733,-0.0903945012108538,-0.1026534418321855
-0.07886089813800656,-0.04855612122646202,-0.08554001090003782,-0.09817233080434717,-0.10813814684863698
-0.05732018985031029,-0.028550386728706134,-0.06298669223889863,-0.09273922858512873,-0.11626704659953635
-0.07411464037970061,-0.041144991955567756,-0.08212034092221321,-0.08432315091781628,-0.09671811322449264
-0.07301935012778382,-0.04020028900762851,-0.07994581725830996,-0.09560318404023482,-0.10990128059021242
-0.06206644760861635,-0.03206184206231355,-0.06914716139373878,-0.0943536336173394,-0.11290816756367628
-0.08324205914567362,-0.053226291385431,-0.08843114558699372,-0.09692255250106485,-0.11612321731462416
-0.08579773640014599,-0.05398906863687558,-0.09312032476252208,-0.09893024747136159,-0.10672310486078784
-0.08251186564439572,-0.04907586790278562,-0.08950789753081134,-0.09046919558783972,-0.10051025032145788
-0.07046367287331146,-0.03767777380234194,-0.07867447209326817,-0.09397551761855549,-0.11451992653196696
-0.08141657539247904,-0.051135250387677966,-0.08725385176035427,-0.10009495856353579,-0.11510458495681464
-0.08251186564439572,-0.05482031112593422,-0.08727216692012318,-0.10453114075146397,-0.11817510396039421
-0.07813070463672867,-0.04867613945182081,-0.08556328745928221,-0.10516577736691601,-0.10739617046504812
-0.08616283315078488,-0.056146424977300824,-0.09430538470173966,-0.10078934826641262,-0.10023540062430014
-0.08141657539247893,-0.04915315439242052,-0.08720265023895002,-0.10019822136504875,-0.10864476551326441
-0.0573201898503104,-0.02636998208124952,-0.06629375748585076,-0.07299080856885576,-0.08312769424114408
-0.07630522088353409,-0.04609336685732379,-0.08070094150709817,-0.0868883319129734,-0.10600548092143347
-0.05549470609711571,-0.030868926739409108,-0.062108379559923765,-0.08006729154495695,-0.087028547926299
-0.07594012413289519,-0.046126857828353685,-0.08156545692085737,-0.09579830307822235,-0.10461837193069756
-0.06462212486308871,-0.03536925134923208,-0.06966587880534136,-0.0778103667571709,-0.0985986458350464
-0.09236947791164662,-0.06064680578299264,-0.09821212253713596,-0.11013477495328916,-0.11590010330667488
-0.07703541438481198,-0.04108184187933783,-0.08499315906595273,-0.10313638729828223,-0.11292602918794326
-0.08068638189120114,-0.04393179818083459,-0.0861102534533722,-0.08994810197694025,-0.10821484615139976
-0.07192405987586714,-0.04557905370265991,-0.07683559834726061,-0.08187428551782217,-0.09718630632922509
-0.07995618838992335,-0.04242268488960488,-0.08809779243608173,-0.0998191907226137,-0.11750945006012015
-0.06060606060606066,-0.03292171013690004,-0.06598749309311291,-0.07582912164891753,-0.0857946757625867
-0.06352683461117203,-0.036869036981235004,-0.06920805371115735,-0.08894572941753265,-0.11170839785350883
-0.06936838262139466,-0.03962870144320063,-0.07566536993959483,-0.08796121567931703,-0.10737339861112116
-0.08762322015334068,-0.056298366148274215,-0.093712719667022,-0.0925805780515424,-0.10829593074480603
-0.10003650967506383,-0.06753339486474841,-0.10613308247307796,-0.11414352232088698,-0.12334104328319595
-0.08068638189120114,-0.049517107816962946,-0.08936335486865965,-0.09618838209330294,-0.10019038453202378
-0.08798831690397957,-0.05661271693376979,-0.09505252938712849,-0.10654774385359378,-0.11815359530269443
-0.07886089813800656,-0.04813312466064079,-0.08556229261427872,-0.09804289573029623,-0.11009566218823674
-0.0839722526469514,-0.0568254859073799,-0.09061763522137256,-0.10632412969600735,-0.11645086212662448
-0.05914567360350487,-0.024858216935276123,-0.06624251961316296,-0.08983077665736972,-0.10481299836033431
-0.08324205914567362,-0.05268280158266292,-0.08916240746827031,-0.1034684413264757,-0.12493770910871294
-0.08689302665206278,-0.050349722369139926,-0.09588080240034835,-0.10939200893319956,-0.10569692648893136
-0.07740051113545088,-0.04723708788684999,-0.08576862143037745,-0.09579090328654738,-0.10680336239591892
-0.06462212486308871,-0.03519366392482293,-0.07199658245552476,-0.0832075736856045,-0.09061923856435117
-0.08287696239503473,-0.05064959610414155,-0.08971544805888876,-0.10006676999479791,-0.11852573002252709
-0.08616283315078488,-0.0525529009710205,-0.09556976134625783,-0.11075273767100291,-0.11444234820040355
-0.07776560788608988,-0.049121958949885025,-0.08296398284665707,-0.08889240880145188,-0.09735793650498858
-0.06352683461117203,-0.031136829398388577,-0.07137048376729971,-0.09545983545314995,-0.10863554160481348
-0.06425702811244982,-0.033811224575347465,-0.07210460316473466,-0.09538475238547572,-0.1036114653679
-0.09273457466228552,-0.06032247854036821,-0.09746536874301404,-0.10071358528215646,-0.09849243038577282
-0.07411464037970061,-0.0418996912889803,-0.08220853216058766,-0.09768981387018516,-0.10556557500785202
-0.05951077035414376,-0.02861533496631885,-0.06485927292303306,-0.08359347780642479,-0.11062501637082656
-0.06316173786053303,-0.033500302694534634,-0.06906110394342468,-0.0814033358158176,-0.09547203430891382
-0.06754289886820009,-0.037364040374374574,-0.07341537849866475,-0.08619835641112239,-0.09561692164907454
-0.06498722161372772,-0.03632158765127502,-0.070073293194866,-0.08325474301501756,-0.10281927512270372
-0.06133625410733845,-0.03472270383475928,-0.0674690904365326,-0.07710597716588297,-0.0874426228036318
-0.07265425337714493,-0.03777796451717941,-0.07732687174758013,-0.08547601460213472,-0.10879672877991808
-0.058050383351588186,-0.031418803221103575,-0.06518142187050247,-0.08619378689584911,-0.09330886711932829
-0.05732018985031029,-0.03194495683527576,-0.061668197422364734,-0.07430676095574829,-0.0877857297152368
-0.0657174151150055,-0.036387350513579886,-0.07315243284335893,-0.0989947345289085,-0.11676512264253014
-0.08579773640014599,-0.04953504643855988,-0.0946961562776657,-0.1068451548344056,-0.12537435681264752
-0.07667031763417298,-0.04320591480608493,-0.08383148156705056,-0.1086842175957019,-0.11777533403588158
-0.08141657539247904,-0.047499707684748316,-0.08827347668989283,-0.1042045389952263,-0.11674455972363917
-0.07959109163928435,-0.04685559444507159,-0.08592779722253585,-0.09462820413885353,-0.10265120437271069
-0.052208835341365445,-0.025194556156400316,-0.058872359891129045,-0.08868110077110036,-0.10210064944144992
-0.08214676889375683,-0.05279073534667966,-0.08921701965603757,-0.08871781737794193,-0.09960042791653534
-0.07338444687842283,-0.04705153229890324,-0.08067299379230097,-0.09202736047961979,-0.09762216009557367
-0.08287696239503473,-0.04621365000517441,-0.0925858182501792,-0.10882448453802873,-0.1186352757700152
-0.07192405987586714,-0.041905534785723786,-0.07784262481305437,-0.10100584189708017,-0.10877036804294826
-0.08433734939759041,-0.050404774152468024,-0.0896548724536409,-0.10406030273333022,-0.13878937778188505
-0.06279664110989414,-0.03257291880071744,-0.0691188218265355,-0.08274019823670287,-0.1034458201124131
-0.06316173786053303,-0.026944993290219932,-0.0708994207965209,-0.07992551302288864,-0.08770998070721225
-0.0759401241328953,-0.043983649656948565,-0.08246727950697519,-0.09646566958551994,-0.1028969388163965
-0.08287696239503473,-0.05151922798981623,-0.08962113257264659,-0.10548660287440759,-0.12427266880375343
-0.07082876962395035,-0.03966693370232799,-0.07869243835079565,-0.09668974411552034,-0.11142699109434195
-0.07776560788608988,-0.046071563877894794,-0.08439465258828904,-0.10513509271194954,-0.1182591488969208
-0.07594012413289519,-0.04538780887336513,-0.0810590481897634,-0.09441072800712458,-0.11463311697027001
-0.05476451259583792,-0.029506809438329173,-0.059555699213272084,-0.07386675311765678,-0.08265257229319445
-0.08360715589631251,-0.046491885006704536,-0.09064335549337987,-0.08691276935114967,-0.10709769666060065
-0.08214676889375683,-0.05438815208603798,-0.08566872733226871,-0.10046014563179373,-0.11561985264537744
-0.08762322015334068,-0.05413533834586459,-0.09479586198938939,-0.11786380120886497,-0.13628595651948272
-0.0850675428988682,-0.05571602033728085,-0.09103274430276542,-0.10773723537808033,-0.11182285346838872
-0.07119386637458924,-0.042949704715967596,-0.07866147131265744,-0.08129612496271099,-0.08831262419685271
-0.08178167214311793,-0.05175196213832267,-0.0888123609249113,-0.09237295876970031,-0.10383520691042902
-0.07740051113545099,-0.04555672474076056,-0.08477762146637113,-0.10553449087673217,-0.11327820993096749
-0.08251186564439572,-0.05376377746224825,-0.08899550829155234,-0.09390691225259284,-0.11124048611084092
-0.09821102592186925,-0.06359679278954455,-0.10624001966083052,-0.1105378075243515,-0.12397727436925365
-0.09309967141292452,-0.05610343757689884,-0.10309467995224542,-0.12042698571312815,-0.119044966244917
-0.0660825118656444,-0.035633891370507986,-0.07195545433884809,-0.08697047738153585,-0.10533039310056991
-0.0839722526469514,-0.051983564842959185,-0.09190034565816307,-0.10234772790446622,-0.11257706459980343
-0.05951077035414387,-0.03239123449649761,-0.0667845492134218,-0.08225456924839425,-0.09347700798736247
-0.0850675428988682,-0.05490270930036667,-0.09192482995959217,-0.10525295412025859,-0.11035108055861598
-0.06498722161372761,-0.032131072697145546,-0.07096807769781499,-0.08337802543159156,-0.09593551289175517
-0.10587805768528658,-0.07420986443451527,-0.11346040580447159,-0.11762845402187272,-0.11679606186638214
-0.08141657539247904,-0.05023625996778902,-0.0882280020524191,-0.09545193201541102,-0.10977449286016072
-0.0759401241328953,-0.04473902926973994,-0.08118052361993089,-0.0857831656442768,-0.10375874425537746
-0.08032128514056225,-0.0503133247787223,-0.08583794229271668,-0.09458859974285128,-0.1203372706113941
-0.06462212486308871,-0.03908790250574756,-0.07074129620422553,-0.09089634853837625,-0.11080668587867537
-0.07374954362906172,-0.04323700684730447,-0.07946558976338558,-0.0992257269453255,-0.11607426383913289
-0.07009857612267256,-0.035108676769300295,-0.07843069146699977,-0.08995787241174802,-0.09801196586917271
-0.07192405987586703,-0.04298104722132989,-0.07741944679174861,-0.09008161141699866,-0.10218141176131612
-0.07411464037970061,-0.04153480183373581,-0.0829860391007462,-0.09949646016839686,-0.1134028338660723
-0.07849580138736767,-0.050133308550536326,-0.08415271436410188,-0.09766604870087237,-0.11525841629077282
-0.08360715589631251,-0.0492547451368508,-0.0909128075635377,-0.10364425661376209,-0.11813665778049909
-0.07374954362906172,-0.04502426067612553,-0.08049468278690441,-0.0975001587525387,-0.10697261605293573
-0.09017889740781304,-0.056090170357097846,-0.09818384761557597,-0.10054483590317842,-0.11337443066144692
-0.07374954362906172,-0.0411536375831264,-0.07818050542750787,-0.09629861579471377,-0.10689100651889516
-0.06060606060606055,-0.028508045881874167,-0.06916601428620206,-0.08683937879752646,-0.10345842827286411
-0.08433734939759041,-0.05199658485584324,-0.0907690652363009,-0.10924417058439995,-0.12573114805161534
-0.08981380065717415,-0.05919716750888071,-0.0941729603010012,-0.09884261165151309,-0.12108980623928045
-0.0664476086162833,-0.03885395744930731,-0.07154595325975288,-0.0922943394121194,-0.12418627971605789
-0.08324205914567362,-0.05600739545010891,-0.0871801748821096,-0.09931613953538188,-0.11378253923814197
-0.09127418765972983,-0.06319563781126813,-0.0966432493374344,-0.09648586031395301,-0.1099008673039169
-0.08689302665206278,-0.05175769612711023,-0.09498499953137896,-0.11664614251867889,-0.1326637306133035
-0.07265425337714504,-0.03951510944743297,-0.0782462319062871,-0.08854485348878327,-0.10983415221716175
-0.05951077035414376,-0.03076134434957911,-0.06508754401250982,-0.0876169678165507,-0.09935191724279013
-0.06279664110989402,-0.034750990555890926,-0.06983688657513176,-0.0788194785340608,-0.09264541806420645
-0.08616283315078499,-0.054296684155744845,-0.0932167592076586,-0.10294277694268017,-0.11084623356752998
-0.0847024461482293,-0.05277286207203058,-0.09287135253711865,-0.09716447272289686,-0.12062493152338116
-0.08981380065717415,-0.05825955155890872,-0.09461280089399493,-0.10125010430462522,-0.1128610148925222
-0.07192405987586703,-0.04104315191972463,-0.0771696629131714,-0.09246517054790493,-0.10885626550103866
-0.08908360715589625,-0.05128467897477951,-0.09825866290462848,-0.10563517529502964,-0.1127927831657003
-0.06535231836436661,-0.03456959808463944,-0.07227406404623249,-0.09853324634441996,-0.11643179271046433
-0.0755750273822563,-0.04957014704393159,-0.0816018836513247,-0.09166949892660925,-0.10920780563284294
-0.07046367287331146,-0.03532854920184514,-0.07708214957959392,-0.0940951024757507,-0.1106849869345864
-0.06717780211756119,-0.036499727754560896,-0.07259831990136922,-0.08302182942142378,-0.09908150116412051
-0.07265425337714493,-0.042480928052445854,-0.08080820782259057,-0.09270161342802485,-0.09223173806352336
-0.0850675428988682,-0.05253152153221052,-0.09012905424317452,-0.10833752232644189,-0.13370644338293713
-0.07046367287331146,-0.040051290513618554,-0.07773817699584629,-0.08657653471193583,-0.10472858589707001
-0.08543263964950709,-0.05221910490177095,-0.09248201531406952,-0.11315394027864245,-0.13096326355661048
-0.0748448338809784,-0.04017059568605241,-0.0846719226559316,-0.0964415641386075,-0.10998056988231353
-0.07667031763417309,-0.04610214264781487,-0.08349873594224677,-0.08571063504702059,-0.10195020592917936
-0.0653523183643665,-0.03914059625004218,-0.07352199404026294,-0.09255665296327276,-0.09423014873132474
-0.07813070463672878,-0.042933071379517185,-0.08408070342890128,-0.09332730983095594,-0.11353173538748518
-0.06681270536692219,-0.0360683274342386,-0.07461014371593677,-0.08740364546497992,-0.0954360354870436
-0.09711573566995257,-0.06609149769382427,-0.10380312503237055,-0.10962164129131169,-0.11606180601186566
-0.06936838262139466,-0.03786054541718731,-0.07731570922876385,-0.08824773156757248,-0.09249278330752198
-0.08105147864184004,-0.05142825518154981,-0.08890794590693263,-0.11118515186333389,-0.11803440526412523
-0.06754289886820009,-0.03908125418181341,-0.07325123224388608,-0.07425401970675982,-0.07923639896736123
-0.0660825118656444,-0.03769176376548711,-0.07429590049077839,-0.09588063547987213,-0.10836588260279256
-0.07484483388097851,-0.04193874810146592,-0.08391713300487702,-0.0937735502251632,-0.0969971927690717
-0.08360715589631251,-0.054140100433835325,-0.08978540328902418,-0.10078181053464952,-0.12431245752817921
-0.06900328587075577,-0.037190618934158204,-0.07692260347275903,-0.09468498099371836,-0.10272883543705269
-0.054034319094560024,-0.02343013944038863,-0.06204939675836951,-0.07938270713091222,-0.08692581202381322
-0.07265425337714493,-0.04269328545730544,-0.07966364146736693,-0.09458886752175966,-0.11361822143107347
-0.055859802847754714,-0.03384166567716329,-0.06106080800201097,-0.07672144017034277,-0.08562526828026673
-0.0660825118656444,-0.034731506127042566,-0.07289077327073712,-0.09409687266236522,-0.1120741628032943
-0.08981380065717415,-0.058715774755975114,-0.09699247237008546,-0.09868447270663216,-0.10805583445299205
-0.07411464037970061,-0.04202579427492925,-0.08201734568138486,-0.09624862115323296,-0.1013373231822472
-0.08689302665206278,-0.05488444570692641,-0.09384123453842774,-0.10359029741489523,-0.11261406252009265
-0.07776560788608988,-0.049831126807840964,-0.08319738238960372,-0.08794027462289022,-0.10766561259832952
-0.08616283315078499,-0.05948489712534666,-0.09086879910193768,-0.10212899441592849,-0.10271822617788584
-0.07922599488864546,-0.04582219026498713,-0.08464407247869143,-0.08679638284901448,-0.09760989176042123
-0.07301935012778382,-0.04868613740076588,-0.07816324474354708,-0.09942896471625684,-0.10345957822116092
-0.06462212486308871,-0.032510279969307665,-0.07248426656079499,-0.08161804091647362,-0.09469089100592887
-0.06243154435925513,-0.03782126744925052,-0.06860242604215028,-0.09498470620324173,-0.11602922062951726
-0.054034319094560024,-0.027344896682875763,-0.06151057201942722,-0.07841103530431015,-0.09160488488181939
-0.058780576852866084,-0.02676060672594527,-0.0645870535761105,-0.08540243855384488,-0.0909514674998606
-0.06060606060606066,-0.03499186492788986,-0.0669555341478828,-0.08563932765886684,-0.10030616769212797
-0.07703541438481198,-0.05058079513882929,-0.08246601658973207,-0.0946903149942605,-0.11212646196097065
-0.08324205914567351,-0.0505973502743533,-0.09016878873557288,-0.11294317697824396,-0.12950356371880578
-0.08360715589631251,-0.05266026834474524,-0.089655365328704,-0.10749708550646775,-0.12337166303127034
-0.07849580138736767,-0.05263929622006236,-0.08405086450582178,-0.10138867630859028,-0.10281796098524554
-0.07484483388097851,-0.047788920679072366,-0.07971890361344736,-0.09623158753940264,-0.1193989037002754
-0.0843373493975903,-0.0513521727999211,-0.09044100698207558,-0.09370677472137456,-0.1158647964610594
-0.09309967141292441,-0.058766857797244,-0.09924798729202178,-0.11339441086414026,-0.1351781819582184
-0.061701350857977344,-0.03561705645474078,-0.06624044303056686,-0.07609269664129825,-0.08355220265026209
-0.07009857612267245,-0.03923903288579267,-0.0768738500920797,-0.09491364570002903,-0.11124517011817192
-0.061701350857977455,-0.031535866721277395,-0.06802632224141847,-0.08121365966060812,-0.10475263348643338
-0.03906535231836439,-0.011573842708680226,-0.04592108404080253,-0.07676772322443093,-0.10200954149816255
-0.0938298649142022,-0.06114798990920356,-0.10120783274076395,-0.10932692328396065,-0.1145972295521136
-0.056955093099671394,-0.027593912895507278,-0.06443248161638582,-0.08170548459804661,-0.10478441457283227
-0.09163928441036873,-0.06467523800444008,-0.09649786518172332,-0.1083541843408038,-0.11638150737040132
-0.07813070463672878,-0.04623832755024204,-0.08412715386862202,-0.103747220692328,-0.11087738389071056
-0.06462212486308871,-0.03570679228922213,-0.07174694584880381,-0.0807126676765515,-0.09972768568654278
-0.09309967141292452,-0.06563133272125887,-0.09849738736102143,-0.10227541612710322,-0.1087546177940083
-0.08835341365461846,-0.056649849590649115,-0.0954274362235259,-0.10542460237221485,-0.12886296235825034
-0.07849580138736767,-0.04472049494989483,-0.08565245795987408,-0.10092803119931504,-0.11431019394746833
-0.07046367287331146,-0.03847244854506737,-0.07663024054994627,-0.08975378948737767,-0.09702848852946233
-0.08835341365461846,-0.05404851985951209,-0.09514565446198586,-0.1091695800816902,-0.12387482839866093
-0.09054399415845205,-0.06098040241378522,-0.09655538874979974,-0.10286035264960902,-0.11140130929944259
-0.08433734939759041,-0.05370352497077724,-0.09224601567155377,-0.10831797372019747,-0.1206777571533666
-0.07119386637458924,-0.04270014971343172,-0.07831003892742583,-0.0949039021549214,-0.10768584874199871
-0.0755750273822563,-0.047873527304374,-0.08208642086595952,-0.10705997602728268,-0.11498196617348988
-0.07265425337714493,-0.041441796826877986,-0.08020373063272046,-0.10157028603759477,-0.11676792179434314
-0.07594012413289519,-0.040326391467242706,-0.08149570979481124,-0.0906151020805206,-0.10654760726721435
-0.0843373493975903,-0.050953242199090365,-0.08948136857609912,-0.09602790242083181,-0.1138062554112641
-0.07667031763417298,-0.043284642655492034,-0.08463062235056285,-0.11025164616240402,-0.11885102615312815
-0.06936838262139466,-0.03540040298408964,-0.07751057492601066,-0.08528209568190426,-0.08723615923289507
-0.07484483388097851,-0.043102498623003416,-0.08174025274792784,-0.09147559658465032,-0.10039387794466925
-0.055859802847754714,-0.024202208459041752,-0.06129671964677208,-0.07681484775585223,-0.10107159380823749
-0.07155896312522814,-0.04492587453769181,-0.07791923330878014,-0.09139109805084522,-0.10717546313675153
-0.09857612267250815,-0.06984780588664252,-0.1041207548876919,-0.09950525376195962,-0.1100254759954582
-0.07265425337714493,-0.03750389279227884,-0.08064204706810896,-0.09528108558970061,-0.10626802175233674
-0.08105147864184004,-0.054040149568863605,-0.08551715537612525,-0.09981770827753333,-0.11496343258835207
-0.08397225264695152,-0.05288290241675819,-0.0925819161069451,-0.09965513147100724,-0.10616300393654376
-0.07265425337714504,-0.04305334106310521,-0.07852666988771762,-0.09002576719895905,-0.10345958334446015
-0.07813070463672878,-0.04925949302059329,-0.08317593715014548,-0.08544635350537033,-0.09851155101151654
-0.08616283315078488,-0.05548266081225406,-0.09172358212423104,-0.0948493893057597,-0.10453947618338078
-0.07484483388097851,-0.044291634774893174,-0.08158763090996524,-0.10150928167877316,-0.11892753937605871
-0.0752099306316174,-0.04105647951143976,-0.0816743221640539,-0.09130843995140314,-0.10509811827828375
-0.06462212486308871,-0.032872167724495194,-0.0724174642580816,-0.0837490172616373,-0.09785737964243912
-0.05184373859072655,-0.021384523746956097,-0.05933244216305544,-0.08427613214026564,-0.09845098695425236
-0.06681270536692219,-0.036695365404073366,-0.07458486784698881,-0.09017741165079185,-0.0888009847807093
-0.06352683461117192,-0.0331555023456902,-0.07222151651010844,-0.09444603763784132,-0.09926632095625632
-0.06863818912011677,-0.04301594050054125,-0.07499749027764036,-0.09362685514813074,-0.10171795003621997
-0.08251186564439572,-0.05115937240979207,-0.09090504481352635,-0.1037285716602605,-0.10576793577226762
-0.07667031763417309,-0.04658104610834313,-0.08356174204745948,-0.10217337636856794,-0.1066006118865559
-0.09273457466228552,-0.06112830982906736,-0.10004587271085819,-0.09815173052985526,-0.09908772040907277
-0.07594012413289519,-0.04543515837205647,-0.08295173469011519,-0.08746141380466632,-0.09498536355930776
-0.08360715589631251,-0.05244996285277903,-0.09209301166426664,-0.10506436952632281,-0.11056379271552474
-0.08981380065717415,-0.05894067734770014,-0.09686630532064178,-0.1076121086732107,-0.10738314523383219
-0.07740051113545088,-0.04444377251165721,-0.08339347578561573,-0.09336504687295488,-0.10254680075121447
-0.0748448338809784,-0.04135995363589573,-0.08166714982979695,-0.09137061024894666,-0.10227946358639861
-0.09017889740781304,-0.058639623544066044,-0.09719260936550111,-0.10139936074070643,-0.1028595566336249
-0.06717780211756119,-0.03216281442486513,-0.074882717364543,-0.08328817277140699,-0.09480054248081149
-0.07082876962395035,-0.039738445989403126,-0.07828225186147719,-0.09168295623787748,-0.09676922271941035
-0.06498722161372772,-0.03829557810801021,-0.07007245655425298,-0.0677890320075013,-0.08198716839126363
-0.07119386637458924,-0.03481220914654748,-0.07723451018422478,-0.09490144180539106,-0.12351800296493909
-0.07046367287331146,-0.04084790873802835,-0.07901366253021624,-0.09338650075455623,-0.10801822473113443
-0.07703541438481198,-0.04489054529469161,-0.08550131095291902,-0.09633956428259649,-0.09924889244186041
-0.0759401241328953,-0.04585269746793175,-0.08417055906908533,-0.10581024062036726,-0.10155889078038394
-0.0664476086162833,-0.03965132118330883,-0.07366237519072316,-0.0860103937702218,-0.09913652932841399
-0.06352683461117192,-0.03353650271441344,-0.06883444515106607,-0.09040826913265854,-0.11075419163848221
-0.09821102592186925,-0.06539360041875475,-0.10647424373849823,-0.12006307853493625,-0.1309762009812343
-0.10186199342825852,-0.06936500202671991,-0.10783071552946599,-0.12767542758562977,-0.1483610614927362
-0.08616283315078488,-0.05323493749945485,-0.09410466723213273,-0.10975700511227582,-0.11150141513445044
-0.09967141292442494,-0.06803172669600266,-0.1054040060909367,-0.10604362306326798,-0.11851066524299181
-0.058050383351588186,-0.02940291761102709,-0.06310860085318593,-0.07933424899902541,-0.09670045019107532
-0.08068638189120114,-0.04870178609477949,-0.08919283120357846,-0.10593208885428984,-0.11886774647969367
-0.07155896312522825,-0.04143801353544485,-0.07856760006441532,-0.08031974613207704,-0.08527745318434443
-0.07119386637458924,-0.03622823965154698,-0.0800407755455328,-0.1031415886653867,-0.11386981926854611
-0.07119386637458924,-0.04225570813395363,-0.07825712677517505,-0.08986256057155817,-0.09542334292986066
-0.0755750273822563,-0.04793663118842306,-0.08143486010882073,-0.09656658595641643,-0.10584687704891194
-0.10149689667761963,-0.07476952412865956,-0.10691413679379891,-0.11351907297293495,-0.13001698908189563
-0.0558598028477546,-0.022417450060896016,-0.06374073784483658,-0.08745870240899478,-0.10871363184734362
-0.0759401241328953,-0.04166780274731563,-0.08254369627494207,-0.09206167778345653,-0.09068805721321915
-0.08908360715589636,-0.05709912064720357,-0.09543030765975713,-0.10749845533915381,-0.11690611587613686
-0.06389193136181082,-0.03480108353615241,-0.07053069330374995,-0.0886601765664653,-0.09538484451896545
-0.06717780211756119,-0.04004076136404988,-0.07220988128962713,-0.08199086635325736,-0.0997549867941836
-0.08725812340270167,-0.05701640759930915,-0.09440057700910098,-0.09883605440634613,-0.10671033162219346
-0.06462212486308871,-0.03580582015075073,-0.07132070197344387,-0.07798995662451225,-0.08659812114200549
-0.05366922234392113,-0.03082422174956001,-0.0589531068818977,-0.09093931455424431,-0.12046521972870872
-0.07959109163928446,-0.04791282785794393,-0.0880151160426208,-0.10847364473132426,-0.10938692599216948
-0.08360715589631262,-0.05477998607268553,-0.0910531534736968,-0.10381806528051596,-0.11568013899478613
-0.07447973713033951,-0.045438962819833506,-0.08183810062860153,-0.10321619571749308,-0.10718149275106326
-0.0748448338809784,-0.04662733078415515,-0.08095697874803964,-0.09625672910385186,-0.10287237892398027
-0.07155896312522814,-0.038317977312021245,-0.07911326414192421,-0.10103228982802692,-0.12103703168348545
-0.06681270536692219,-0.03567263977353152,-0.07291827617119195,-0.07583655759925867,-0.10131308563532937
-0.07301935012778393,-0.043425167541848886,-0.08024376566833769,-0.08774836222467841,-0.09756532074739432
-0.07959109163928446,-0.04263249545539061,-0.08860624542927709,-0.09404591875087265,-0.10846958767600978
-0.0752099306316174,-0.047081306641515,-0.08024509382399714,-0.08353460001927882,-0.10728607921827993
-0.07922599488864546,-0.05080938582539929,-0.08595801980539663,-0.10393765412324707,-0.11951312869172037
-0.0854326396495072,-0.0525445878933164,-0.09153379796049999,-0.09094479997511806,-0.10936215099963054
-0.09784592917123047,-0.06930510415754687,-0.10355189778685259,-0.1149124980956856,-0.13339454972030396
-0.07447973713033962,-0.04823507609838951,-0.07990561931526019,-0.09438282187737979,-0.11213182199449445
-0.07082876962395035,-0.03879978744878387,-0.08065762604860893,-0.10252296982099729,-0.11434102013235303
-0.08214676889375683,-0.052032100264917336,-0.08869664987478765,-0.09673963487606096,-0.10956640785853444
-0.07667031763417309,-0.04491966016416149,-0.08580090223491776,-0.10346767311256166,-0.11326596259710442
-0.08141657539247893,-0.05045496935911975,-0.08992506661118482,-0.09936006696254096,-0.1105021441464249
-0.058050383351588075,-0.026017292137475168,-0.06577491878983766,-0.08499579776175514,-0.08621731357171258
-0.08762322015334068,-0.05318129275070638,-0.09457434208363624,-0.10893292043676728,-0.11549240460110732
-0.07667031763417298,-0.04841396560288136,-0.08355385115771774,-0.1030188312948942,-0.11302168523704892
-0.095290251916758,-0.05814123186060827,-0.10258391702342373,-0.10199230204296061,-0.11707983618648421
-0.07813070463672878,-0.050925753391444895,-0.08508624464174419,-0.09192634775349173,-0.10637915090530581
-0.0847024461482293,-0.05318184815514859,-0.09118713384931487,-0.10121068114958154,-0.12444420010766255
-0.06936838262139466,-0.037161990807552114,-0.07786442032975804,-0.08954330555675494,-0.10415383045599547
-0.08689302665206278,-0.05494630070613038,-0.09409046350607453,-0.10014882471457365,-0.10421300641546938
-0.0660825118656444,-0.04126305078541259,-0.07141846912271843,-0.08940342622103536,-0.1034649181860896
-0.0660825118656444,-0.03447999479130426,-0.07265715572247766,-0.08953158877702172,-0.10706255444484603
-0.0653523183643665,-0.03601689132285846,-0.07184056244975046,-0.0798685260682932,-0.09352528999248444
-0.04965315808689297,-0.021077988557663407,-0.058601078893742775,-0.07745136872948266,-0.08486647271602865
-0.0748448338809784,-0.04481450524014663,-0.0819920902918837,-0.09156060032438351,-0.10619170218740748
-0.07119386637458924,-0.0414953714961066,-0.07847544014030738,-0.09418433697820106,-0.10074725899602854
-0.08981380065717415,-0.057313009184077335,-0.09753227638084383,-0.11024723704422124,-0.13022074323024957
-0.04965315808689297,-0.02168887401497277,-0.05793635636863015,-0.08151069384095844,-0.08761912797538574
-0.07776560788608988,-0.04711275659760594,-0.08344497053289357,-0.08599613391021255,-0.10979340208548227
-0.09602044541803578,-0.06323513883575649,-0.10409215487085388,-0.11337199896460226,-0.12154447416851799
-0.07447973713033951,-0.0428416522333851,-0.08108297248096663,-0.09187282760963678,-0.10395642267129312
-0.0565899963490325,-0.028335518108731583,-0.06212550727046107,-0.08562084316670238,-0.10724393774814611
-0.08689302665206278,-0.0589798454520809,-0.09195217246047582,-0.09886232394894334,-0.11153307733574402
-0.06206644760861635,-0.03360068259385662,-0.06988299801058973,-0.08092210149238233,-0.09153961791074772
-0.07301935012778382,-0.04613082205077035,-0.07818382202614915,-0.09335299065139113,-0.10472576865518424
-0.059875867104782765,-0.03105294086128707,-0.0666700245209847,-0.08250505341103898,-0.09303672880084979
-0.08871851040525736,-0.056446594224673574,-0.09694630829309059,-0.11617196049848388,-0.1183463559005885
-0.0839722526469514,-0.057774541744660235,-0.08933975867386412,-0.10084398756512414,-0.10537236846019993
-0.061701350857977344,-0.02978077517210198,-0.06845585270153765,-0.07772267113971276,-0.09153497965808355
-0.09200438116100762,-0.06379615731922517,-0.09806041536971644,-0.11856678295821155,-0.1292540802765042
-0.08324205914567362,-0.048367652515201254,-0.0895242421535909,-0.09791866554461492,-0.11389626314109025
-0.07667031763417298,-0.046192212287069045,-0.0821972143645402,-0.08348939461792138,-0.09607409981120507
-0.06425702811244982,-0.03703790480410418,-0.070834174211305,-0.08188889260503174,-0.0944959440061599
-0.08032128514056225,-0.047419263290387814,-0.08860874182294198,-0.10501366204283968,-0.11277211393328368
-0.08433734939759041,-0.05749444855662478,-0.09019494806383377,-0.09818052254481946,-0.09203358780558557
-0.10259218692953631,-0.06995365179508406,-0.10910208993289239,-0.12564510099241355,-0.13865585682545456
-0.07703541438481198,-0.044212312336960546,-0.0855876755007916,-0.09486096549430578,-0.11344424037175094
-0.06352683461117203,-0.037102356802115155,-0.06969562069800272,-0.09296155677706985,-0.11081013027733055
-0.07776560788608977,-0.04947370524395367,-0.08342967914051358,-0.1031510254147926,-0.1134843738077389
-0.061701350857977344,-0.031806858268050076,-0.0694394948918281,-0.09110124247718887,-0.09888906999912195
-0.07886089813800656,-0.05059117717493611,-0.08613776592399658,-0.10564691826551398,-0.11970405646315463
-0.09930631617378605,-0.06801692918387336,-0.10665602080350667,-0.11146158280668295,-0.12327092814469331
-0.0941949616648412,-0.06226261404696132,-0.09950538686537302,-0.11144863090336932,-0.11888411287778444
-0.08287696239503473,-0.05205340652575419,-0.08836923770024607,-0.09453662662940965,-0.09848568512741274
-0.06900328587075577,-0.03856839467781892,-0.07868913111582243,-0.10421258691202095,-0.116800275909682
-0.07849580138736767,-0.05210235411030639,-0.08521753362740725,-0.09068436145786063,-0.09723186395892003
-0.06425702811244982,-0.031209068028666187,-0.07416413091981422,-0.09264873642963245,-0.09909759539538243
-0.08032128514056225,-0.04932249371737163,-0.08619803814270866,-0.10794122131503092,-0.12150636205785958
-0.08178167214311793,-0.05013871472215903,-0.0899514116124921,-0.11140833988985044,-0.11593024174561783
-0.08908360715589636,-0.057996188222266376,-0.09572821634996775,-0.09879107755794869,-0.10241397021981968
-0.06973347937203356,-0.03680264753281326,-0.07656890220235879,-0.08671597318521684,-0.09949977302235469
-0.08178167214311793,-0.052322519760579,-0.08888974445947395,-0.1007441574747141,-0.11734503057494006
-0.07119386637458924,-0.043198213538032104,-0.07702637728939699,-0.08828877758008657,-0.10534931490970278
-0.06973347937203356,-0.040362675599679876,-0.07713594014752778,-0.09671839653542169,-0.10529040981405924
-0.06900328587075577,-0.0394715980292063,-0.07561310489190909,-0.08753134014504094,-0.09696240613018181
-0.07813070463672867,-0.04734272245437632,-0.08557614311166273,-0.09517850610084133,-0.11108610038103095
-0.07192405987586714,-0.04312599072686263,-0.07846247571790388,-0.08688411749740199,-0.0957982151865866
-0.07301935012778393,-0.04759076639930038,-0.07849514908400768,-0.10028080267371808,-0.12051897248662291
-0.07046367287331146,-0.04098676016913172,-0.07833099818143097,-0.08717234413436947,-0.08871777671004966
-0.07374954362906172,-0.039736328090236195,-0.08270605238208317,-0.10478337364109613,-0.11363620972057398
-0.09675063891931357,-0.06350394649302538,-0.10407983571791735,-0.11956429279007652,-0.12796968840140044
-0.07886089813800656,-0.04580992777714088,-0.08648375028762112,-0.1077146644088437,-0.11568201496567398
-0.09090909090909094,-0.05660746796434968,-0.09794265432305505,-0.10456198791134985,-0.10845725918211602
-0.08287696239503461,-0.052347940362976964,-0.08957873125579374,-0.08372377676884857,-0.09415127622558472
-0.08251186564439572,-0.05226685937106068,-0.08846655021390915,-0.1003238460135012,-0.12103253475766318
-0.07886089813800656,-0.05012147658922039,-0.0829372176685561,-0.09102656891043504,-0.10377652232022094
-0.08251186564439572,-0.049510156148290796,-0.0895748124194965,-0.09747716398434092,-0.10701585257408996
-0.059875867104782765,-0.02711666195016027,-0.06869029018410755,-0.0813426581884783,-0.09828409897000079
-0.07119386637458935,-0.04216341959872061,-0.07827475828621488,-0.08875811447010695,-0.09312316817141386
-0.0938298649142022,-0.06162715263991825,-0.1016686185213228,-0.11436860853199915,-0.12392873075560351
-0.08908360715589636,-0.0547683378830226,-0.09466866006344588,-0.11707110841732704,-0.1393311864684038
-0.06024096385542166,-0.0327777237721828,-0.06726809045229998,-0.0917252914310781,-0.10678843469906563
-0.09017889740781315,-0.05723226295020167,-0.09645692138633821,-0.11599234111732604,-0.12973031682733538
-0.07082876962395035,-0.04056318400918857,-0.07824551258249668,-0.09640960246702168,-0.109830261143818
-0.06389193136181093,-0.03842048355736094,-0.06924252277332643,-0.07506074951836039,-0.0922285896944185
-0.05257393209200434,-0.024008393680052698,-0.05867862057222417,-0.07189310212901234,-0.07951652340419657
-0.08908360715589636,-0.058356163169047126,-0.09571811922495232,-0.1003706714617969,-0.10609935274454074
-0.05841548010222708,-0.03162078145961311,-0.06511902630731303,-0.08223594349432106,-0.09412445051218521
-0.06206644760861624,-0.030701964559025186,-0.07084944189643383,-0.07140959820824788,-0.0781611615354244
-0.07776560788608988,-0.04939087688796173,-0.08405424297039288,-0.09374036651957318,-0.10558704900012195
-0.0653523183643665,-0.03788609786800057,-0.07287180410023475,-0.0815274288674499,-0.08805262328180363
-0.06206644760861624,-0.034975931655279346,-0.06752535918396574,-0.07541756060931126,-0.09259613757492702
-0.07594012413289519,-0.043979655932902206,-0.0814631970035784,-0.08488870336170251,-0.09657797055944517
-0.07447973713033951,-0.047638348861066326,-0.08094484241376054,-0.09428010231062289,-0.10202559051543625
-0.09090909090909094,-0.05788217144133101,-0.09743552896641539,-0.10711413256775426,-0.12207224304315545
-0.07009857612267256,-0.040832067440264685,-0.07577655204554845,-0.09249934620347866,-0.10343656775808541
-0.07995618838992335,-0.05123621053399008,-0.08516385678369232,-0.09448925163935307,-0.10585240811162566
-0.05732018985031029,-0.02691760943564392,-0.06329356468746394,-0.08610840307204237,-0.0939206269557421
-0.09017889740781315,-0.05436654740181257,-0.09920628351467098,-0.1046733151228133,-0.11147581653286243
-0.07667031763417298,-0.046230900143391596,-0.08444065564877223,-0.09848798349898813,-0.09805206524782051
-0.0755750273822563,-0.04405743804997653,-0.08232615800964482,-0.1105312143579591,-0.12617085258441818
-0.059875867104782765,-0.034206313437047386,-0.06481391428377659,-0.07644150900791902,-0.09740085095907436
-0.07703541438481198,-0.04368378812199036,-0.08306455850730565,-0.08951142329780704,-0.10614935899531486
-0.06206644760861635,-0.03747815594574355,-0.06808508980838845,-0.08727115978141609,-0.10531361058663435
-0.07776560788608977,-0.04223565114131156,-0.0882487475223912,-0.09682013149486046,-0.10898683033440448
-0.07228915662650603,-0.04063030283472224,-0.07888844347584678,-0.08862090856269766,-0.09012908990689283
-0.06717780211756119,-0.039804272829412235,-0.072424587607539,-0.08728720601361462,-0.09810701359577678
-0.08835341365461846,-0.061549374897892695,-0.09427921992441368,-0.09803130886315325,-0.1094727618597543
-0.07155896312522814,-0.0422412571127716,-0.07910567047115147,-0.0924727850203213,-0.11103598941592896
-0.059875867104782765,-0.029794675222394096,-0.06794195043930884,-0.08404994355072426,-0.09142426869279263
-0.06389193136181082,-0.032796042251000634,-0.07268159722208867,-0.09575918027160857,-0.09938510927074629
-0.07922599488864546,-0.04982584982584981,-0.08506844220536769,-0.09332345965206013,-0.10631208611220488
-0.0941949616648412,-0.05945868420513456,-0.1023622791895048,-0.12110412095871725,-0.13446636548539104
-0.07192405987586703,-0.04006023202746045,-0.08034208300041112,-0.08960780286364456,-0.08624639415317625
-0.08324205914567362,-0.04917893012120378,-0.0901015132533729,-0.09842665189766964,-0.10681294240884143
-0.07922599488864546,-0.05110542569086585,-0.08491304954378232,-0.10940840095413995,-0.12325460600870142
-0.07119386637458935,-0.04039950578792684,-0.07647375074375606,-0.08607366853557707,-0.10190906273022493
-0.08287696239503473,-0.048330196596028996,-0.09344775514029913,-0.09481442473455592,-0.09395641690956491
-0.0565899963490325,-0.0223314587616934,-0.06497288589181838,-0.08717851678531363,-0.10147372891211015
-0.07922599488864546,-0.04602707004979745,-0.08732034204912809,-0.11176011746847248,-0.13502274886719956
-0.05001825483753197,-0.023730275141546686,-0.05509670683886059,-0.06712719027888714,-0.0822945071715726
-0.08762322015334068,-0.05810483379041442,-0.09441115812956968,-0.10894443875654025,-0.11949169735383336
-0.06973347937203356,-0.043055009129518096,-0.07512665057620904,-0.09346255581479657,-0.097585817863445
-0.0755750273822563,-0.04227460062505439,-0.08214721947663473,-0.10197629644553852,-0.10978541660897256
-0.07484483388097851,-0.04054649967986812,-0.0799591618677099,-0.09402742374967044,-0.10638236677960777
-0.07228915662650603,-0.04296982871813626,-0.07989704712658419,-0.1051750328899913,-0.11848337205755999
-0.07338444687842283,-0.04235467422096317,-0.07940904823556316,-0.086661135544708,-0.11393163860509514
-0.04965315808689308,-0.01882087197407556,-0.05695450991784423,-0.08058822391061993,-0.10653642580309974
-0.07886089813800656,-0.04693245118597633,-0.08452364389950295,-0.09887511318520581,-0.1042773424021628
-0.07082876962395035,-0.04337409786538449,-0.07615467653477992,-0.08391917767129431,-0.09112588465022053
-0.07740051113545088,-0.045408847035775524,-0.08432323409045972,-0.09471799636541578,-0.11317163139149422
-0.05732018985031029,-0.029174675642937298,-0.0663175564845947,-0.08303833513745462,-0.08901218259590005
-0.05768528660094929,-0.03132831404427694,-0.06374362535705957,-0.07247491084374691,-0.071226215453842
-0.08616283315078499,-0.05008257956990736,-0.09610016422455714,-0.1073197288183998,-0.10861063310896335
-0.0755750273822563,-0.04477916605654764,-0.08294373358840812,-0.09272198785606156,-0.10772785851604283
-0.06973347937203356,-0.04006099022153553,-0.07597551564673632,-0.10110416285797241,-0.11106447987995682
-0.05074844833880976,-0.02315767359838472,-0.056508469532177474,-0.07421941345556404,-0.09000501278386919
-0.0752099306316174,-0.04256359543840171,-0.08185267085432546,-0.0837884162150686,-0.1009888674563797
-0.06352683461117192,-0.03136996955828353,-0.06911463024609765,-0.08558033872514614,-0.10866524100084785
-0.07849580138736767,-0.05027592747559273,-0.08434110051761445,-0.09354457707685904,-0.10447648301278678
-0.08762322015334056,-0.05581420897993161,-0.09470873295260906,-0.1042822524934156,-0.10298373530135752
-0.0657174151150054,-0.036129998041355416,-0.07284445380013249,-0.09543397279882371,-0.11612723907109812
-0.06352683461117203,-0.033705066095639946,-0.07036570048818702,-0.08104080030243999,-0.09934075353730276
-0.08835341365461846,-0.05519562750603357,-0.09694167377648855,-0.10439674376718178,-0.11221944138235584
-0.07667031763417309,-0.04687778326214975,-0.0823693692184867,-0.10459163689706508,-0.12400170688625944
-0.07447973713033962,-0.04334351735103337,-0.07918870628670804,-0.0863857381324874,-0.10644071994084014
-0.05732018985031029,-0.02629160863985147,-0.06326566780846488,-0.07807743899293185,-0.10049144566266588
-0.06900328587075577,-0.03951799005427892,-0.07380316151052313,-0.08666418681324561,-0.10600799903593061
-0.09163928441036873,-0.05389391553005052,-0.10073227665117312,-0.1043846555914194,-0.10900302880570811
-0.08068638189120114,-0.051735941298513,-0.08675347530529709,-0.09698163223607104,-0.11192598670519538
-0.08032128514056225,-0.050575990338886934,-0.08624543392611994,-0.10121523923514253,-0.11053239213183363
-0.0657174151150055,-0.03794535954907652,-0.07080522831434943,-0.08216794658049498,-0.08318416220920288
-0.0565899963490325,-0.02611961570060861,-0.06311925252575978,-0.09214340530361653,-0.11117960091647816
-0.0752099306316173,-0.0424103163353744,-0.08279396747454648,-0.0999309560992726,-0.11545327890064738
-0.08725812340270178,-0.04964421220345383,-0.095100503241489,-0.11343118093663085,-0.12521739226392148
-0.07009857612267256,-0.0412943862224503,-0.07733732388866399,-0.09985106256453513,-0.11263909190464538
-0.06535231836436661,-0.036337305085113125,-0.07187191385086922,-0.07875111969695336,-0.08950669555455626
-0.07192405987586703,-0.04001771592025949,-0.0806336719319034,-0.09827565629221335,-0.10536797000854181
-0.0752099306316173,-0.043172168116215937,-0.08183067059598237,-0.08746304589704945,-0.09881687669230721
-0.06097115735669956,-0.030104599873976068,-0.06841904157057321,-0.09052996848157369,-0.1005758052685306
-0.06790799561883898,-0.04167562158062166,-0.07230021589161872,-0.07294595882016064,-0.08847570809528127
-0.06790799561883898,-0.03550729313348544,-0.07753707834017898,-0.09458741969493556,-0.1078051048890708
-0.07192405987586714,-0.03817083457457415,-0.078297318714042,-0.10262669000547675,-0.12663201002300473
-0.09017889740781304,-0.05772585631218308,-0.09665340296941782,-0.09623893805309736,-0.10324593104490654
-0.07301935012778393,-0.04257124412063085,-0.07826405196849961,-0.08384702707333791,-0.10748704536562814
-0.08981380065717415,-0.05636313104598312,-0.09671398682597121,-0.11372076807552034,-0.13370869157952125
-0.08871851040525736,-0.05446291869241726,-0.09592976662147912,-0.09123301879904311,-0.1039336040957568
-0.06973347937203356,-0.04041837311694185,-0.07562831425043404,-0.09180458194130636,-0.11027831211506389
-0.0660825118656444,-0.03334651974958658,-0.07253035348089076,-0.07887910102025919,-0.09925331278351968
-0.07301935012778382,-0.04697495751158698,-0.0808538440035006,-0.0999174330118423,-0.10359510356183266
-0.09309967141292441,-0.05888758124625515,-0.10019393222089645,-0.09923436174593259,-0.09996521446024897
-0.08397225264695152,-0.051337351909629625,-0.09019802196665438,-0.09635026081060494,-0.11326689989608285
-0.07849580138736767,-0.04920611848799128,-0.0852857747605481,-0.08806091681929695,-0.08955207087607175
-0.05878057685286597,-0.02972318886939429,-0.0664624797394957,-0.0701418707018695,-0.08282262137432062
-0.08032128514056225,-0.0527084387322706,-0.08583156185490792,-0.1008296680252504,-0.10724884100637722
-0.07119386637458924,-0.04093207855800873,-0.07984495407183245,-0.0826388018210038,-0.08447446097394606
-0.07411464037970061,-0.04658812536704393,-0.0816638733487991,-0.099914745589755,-0.10217187889661239
-0.07301935012778382,-0.03585169837525071,-0.08306414220310954,-0.09521703305329643,-0.09705650658156195
-0.08105147864184015,-0.05020858126836614,-0.08986019846363391,-0.09009499216084105,-0.1062268500015211
-0.07411464037970061,-0.044543887682636285,-0.07857668952350927,-0.0868741096961454,-0.10817113125699496
-0.08835341365461846,-0.06121186743712148,-0.0928946426904238,-0.10294570301230455,-0.11550922966888455
-0.06498722161372761,-0.03352425949268523,-0.06970851899634734,-0.07518070507131758,-0.08595995725478522
-0.08908360715589625,-0.06213018574516449,-0.09457489391086049,-0.09835829585910694,-0.10963129328911692
-0.07849580138736756,-0.04805341774863181,-0.08423686688354004,-0.0934469629844431,-0.1058576693982588
-0.07411464037970072,-0.04092179380311711,-0.0800755817821579,-0.10070832930873508,-0.12316612001210625
-0.08214676889375683,-0.05434250819939479,-0.08775200214430212,-0.09467109204990787,-0.11040982771493257
-0.07740051113545088,-0.04204008473195375,-0.08770178556962582,-0.0979323389771719,-0.11774043081265106
-0.08105147864184004,-0.051118379456278396,-0.08849277518365994,-0.09674791498520308,-0.10106672006977768
-0.08981380065717415,-0.0572727799090057,-0.09912533744394525,-0.10527584928807865,-0.10507054156254003
-0.06754289886820009,-0.032919653147961414,-0.074753510775315,-0.09365512825746469,-0.11271673695508677
-0.06389193136181082,-0.02709610431544429,-0.07242553841273991,-0.09168549905838042,-0.10040376247286276
-0.06425702811244982,-0.03160284129689939,-0.07221165136481533,-0.08770906920856114,-0.10172381577130785
-0.07447973713033951,-0.044326105139359195,-0.08115875713500442,-0.09872885868355086,-0.1113603982360728
-0.07119386637458924,-0.041529324385587874,-0.07814943561896448,-0.10354704541552717,-0.11612730159071816
-0.0657174151150055,-0.036510738353943695,-0.07450339633318859,-0.08567680111071929,-0.08704169088094416
-0.08105147864184015,-0.04539687354794286,-0.08755035056727933,-0.10586849636436413,-0.11366033387121621
-0.06060606060606055,-0.025454331147400477,-0.06837529103314643,-0.08150183150183155,-0.09848618431395528
-0.08871851040525736,-0.054661749247242875,-0.09661816096502063,-0.11503830756860123,-0.12742107308698136
-0.06717780211756108,-0.03573399786355913,-0.07654931121763131,-0.09019199430168678,-0.09575848962707978
-0.0752099306316174,-0.048692056764113034,-0.08164247667713687,-0.10479631708475456,-0.11968671905286865
-0.07155896312522814,-0.043460343075015784,-0.07686124153331653,-0.09007237786837063,-0.11648808470692407
-0.08360715589631251,-0.052570518557932155,-0.08850375540255995,-0.09881569505285592,-0.1171455363782713
-0.09857612267250826,-0.06852232960879412,-0.1045764292905581,-0.11373329252117115,-0.11884288598814108
-0.07703541438481198,-0.05153126719237111,-0.08315394719466418,-0.08997752660953107,-0.09321352166358177
-0.08579773640014599,-0.05631276054860257,-0.0916462385682717,-0.0919250114410084,-0.11741995640193414
-0.07922599488864557,-0.043911355720400946,-0.08729861957163831,-0.105364103148756,-0.11970521339572471
-0.08689302665206278,-0.06229020062925761,-0.09152842720549337,-0.11015634730770385,-0.12394947884295004
-0.058050383351588186,-0.030155404908990602,-0.06311965903647443,-0.07151662890218102,-0.0802389741482864
-0.06425702811244982,-0.03864473310865835,-0.0692917060239544,-0.08330786167872672,-0.09308269760560606
-0.07667031763417309,-0.044552432600993286,-0.08340723617424295,-0.07621798724856721,-0.09672008690409684
-0.07119386637458924,-0.043192300188819144,-0.07805367661884877,-0.09907263922518172,-0.1168946143274987
-0.07886089813800656,-0.05015341679373364,-0.08420316734129218,-0.09182994762821406,-0.09120645954539641
-0.06717780211756108,-0.03702507289252954,-0.07288170180733644,-0.08954639662374764,-0.11531804432864001
-0.07740051113545088,-0.048703655388840805,-0.08273676153981568,-0.08273572989468314,-0.10151264508578395
-0.06973347937203356,-0.039284107471880714,-0.0768014227913083,-0.09467866871735497,-0.1098317202954403
-0.07228915662650603,-0.03674506197170768,-0.08054530585496378,-0.10343847271664175,-0.11914698839869786
-0.06133625410733845,-0.030218160762953583,-0.0672895145600072,-0.07230753535722345,-0.09561635291348292
-0.07995618838992335,-0.050261636557565104,-0.08620773292204942,-0.10345359160613399,-0.11466401517393765
-0.08652792990142388,-0.058910055949022544,-0.09335985903444544,-0.09768806692591525,-0.1039271908476721
-0.08178167214311793,-0.048676124442172286,-0.08907945733340361,-0.09573234842153511,-0.10159516284458392
-0.07849580138736767,-0.05158842368928229,-0.08406957458887598,-0.1013716767063847,-0.11889999531147089
-0.07009857612267245,-0.03602199072732071,-0.07804788263407691,-0.0983050847457625,-0.12184179969296416
-0.06462212486308871,-0.035765363166616826,-0.07006515097272803,-0.0951082119719413,-0.11207600919799243
-0.07922599488864546,-0.04870379056469265,-0.08492279136938252,-0.09617349295599131,-0.10643888528204348
-0.0657174151150055,-0.03495009458646703,-0.07217212740576262,-0.0841089342560628,-0.09146287076083637
-0.07192405987586714,-0.04248966605749893,-0.0796228588914869,-0.0865566637775278,-0.0945125173942345
-0.08214676889375683,-0.054806095504155716,-0.08769850392288281,-0.09633157862448194,-0.09297504239199261
-0.06936838262139466,-0.040922616059412165,-0.07636602288456695,-0.09673264671404669,-0.10475363711761676
-0.07447973713033962,-0.04385583020257677,-0.08436053267549215,-0.09716419302333901,-0.10621170909542854
-0.06024096385542166,-0.032243332115454826,-0.06829319289538427,-0.085926124690334,-0.08994066461577188
-0.09163928441036873,-0.06109076185638951,-0.09781912165750772,-0.10766487349363241,-0.11315790470392273
-0.07338444687842283,-0.03954390289402876,-0.08117918527117507,-0.09899523101911056,-0.10969569547873015
-0.055129609346476816,-0.02765257768533369,-0.061182416382772886,-0.06624458497717967,-0.07291680113247523
-0.06316173786053303,-0.029676068648710308,-0.06912173909567054,-0.08124355845441478,-0.0986975567672933
-0.06279664110989414,-0.03509845317872118,-0.06937425789667528,-0.09397187380814376,-0.11161346845516373
-0.08579773640014599,-0.05328989804244444,-0.09026193981668085,-0.09935039182799987,-0.10434254928283315
-0.07411464037970061,-0.043879623237204735,-0.08032687672177419,-0.09491959170616815,-0.1110339904855735
-0.08324205914567362,-0.049464714461583625,-0.09170928745932727,-0.11949601978765001,-0.13120094129595872
-0.08251186564439572,-0.052081441760933656,-0.088979270047019,-0.09424432313566489,-0.10229034730421893
-0.0755750273822563,-0.04775496703808246,-0.08205858751311945,-0.0920937787906706,-0.10689705953696094
-0.07594012413289519,-0.04676831303371998,-0.08508795761452737,-0.10163400289982572,-0.10089402897884348
-0.0573201898503104,-0.02934299727633627,-0.06450924259355917,-0.07721301097181377,-0.0901397178086848
-0.06352683461117203,-0.03597452531062939,-0.07010409333909795,-0.08003096907717755,-0.08811075478990071
-0.07630522088353409,-0.04796451017905956,-0.08357575427230124,-0.10223622423032463,-0.11913322404913973
-0.059875867104782765,-0.02990573520900608,-0.06529866795030337,-0.0883255873334663,-0.1052737986344987
-0.09346476816356342,-0.06267683762211107,-0.09830657057095915,-0.11784667132613369,-0.130006869823868
-0.07119386637458924,-0.037998269372234494,-0.07759983105276391,-0.09700990704763546,-0.12421664966410517
-0.07155896312522814,-0.04177726833976836,-0.07700329051469024,-0.08097851708989601,-0.09560339072397905
-0.08433734939759041,-0.05154533582567278,-0.0924775392632059,-0.09827425121242572,-0.11114315889351811
-0.07338444687842283,-0.04079225390943786,-0.08093981470587963,-0.08972668728766298,-0.11100964813538317
-0.07338444687842283,-0.0460485252719508,-0.07786481981971938,-0.09744995238667165,-0.1077478234152971
-0.09602044541803578,-0.06616956827345022,-0.10130452980246096,-0.10532956695593443,-0.1141517304072256
-0.08652792990142388,-0.05567175657821222,-0.0936802342657338,-0.09083081072689869,-0.09593369090194637
-0.08214676889375683,-0.0517753785245183,-0.08879208180951159,-0.10141663402532974,-0.10086421098324982
-0.08105147864184015,-0.05161067146924658,-0.08741884126867261,-0.0905030863299977,-0.1002623054157662
-0.06754289886820009,-0.03671220414985976,-0.0752437189558185,-0.09204396068099563,-0.1006681711351457
-0.06133625410733845,-0.03189835996112156,-0.06905967587890605,-0.08373927665393699,-0.09214633461557176
-0.08141657539247904,-0.054407821302441595,-0.08700042512529149,-0.0822494389020737,-0.09562729298992956
-0.09529025191675788,-0.06511175474069619,-0.10218858860922597,-0.12993109138298076,-0.1436863955623009
-0.07886089813800656,-0.048932634098874606,-0.08414348390457849,-0.10067066869202945,-0.11105510962773113
-0.07813070463672867,-0.05123097162187562,-0.0839432678162092,-0.09231698954410217,-0.10053224399694438
-0.08762322015334068,-0.06255151347217136,-0.09461397123326676,-0.10571864942998954,-0.10818148014666906
-0.0664476086162833,-0.04122682663754429,-0.07117246648899189,-0.08593488641265346,-0.10142996462238363
-0.06316173786053303,-0.034193546327306645,-0.07122216277687077,-0.07814940832726203,-0.08820562537808185
-0.0660825118656444,-0.03954392111026406,-0.07323378624436316,-0.08991667108792101,-0.08798536656608824
-0.09382986491420231,-0.062220627070464274,-0.09936813863297689,-0.11709870410182188,-0.12817168514712884
-0.06936838262139466,-0.03984974987669976,-0.07614149330889575,-0.0923978943566437,-0.10481158105951638
-0.06936838262139466,-0.04314555015308552,-0.07520548053689802,-0.08590044519008178,-0.10538710621740488
-0.07228915662650603,-0.043560364948016184,-0.07866568185709522,-0.0953678796617099,-0.10991728128569711
-0.05841548010222708,-0.02590305671307469,-0.0661586441023313,-0.0803203260875418,-0.10107949830511886
-0.10149689667761952,-0.0670216377568652,-0.10827484054328407,-0.12126104690686612,-0.13711994697432095
-0.07155896312522814,-0.0408751361578964,-0.07893635360368711,-0.10114307281697354,-0.11566801387130055
-0.08652792990142388,-0.053582353999695465,-0.09219657070208043,-0.10430090741920894,-0.12881789129102927
-0.08068638189120114,-0.04803015143317568,-0.08606186553292183,-0.09719735024151999,-0.10701039802816859
-0.08178167214311793,-0.05047064122146894,-0.08788076648636822,-0.08364607003156332,-0.08787404655015396
-0.09200438116100762,-0.06195465403989486,-0.09715801969029436,-0.10999003434400789,-0.11723281237513927
-0.0565899963490325,-0.030760824145800614,-0.06346459134349303,-0.07381123880289853,-0.07179397249250696
-0.07484483388097851,-0.04488406531445077,-0.08295054375397182,-0.0951104731939647,-0.1019592074454777
-0.08725812340270178,-0.053565919814740015,-0.09541568298109127,-0.11503843478936993,-0.12682872003836176
-0.054034319094560135,-0.030208285375725286,-0.061037241975620105,-0.07593694303881271,-0.09362667763241084
-0.08944870390653525,-0.056733148435163194,-0.0957144715949586,-0.10389993252433938,-0.11748150798335255
-0.06973347937203356,-0.039152464089418526,-0.0749401492331363,-0.07973700382557447,-0.08188215755350725
-0.09054399415845205,-0.058081348972905844,-0.09728371266712454,-0.09939515651160236,-0.10059206964098455
-0.0850675428988682,-0.050390628536882476,-0.0908149094631312,-0.10047506700691744,-0.11293685615057525
-0.060971157356699446,-0.03376430511415851,-0.06829674903024174,-0.07221102092476783,-0.07520869596412927
-0.06754289886820009,-0.03853117181689103,-0.07583028740860887,-0.08047763826299603,-0.0800831799962326
-0.0664476086162833,-0.03664483454327083,-0.07426078269537306,-0.09151156902272539,-0.10136321219646871
-0.08287696239503473,-0.05054840928033366,-0.08919613904368395,-0.09920688581946191,-0.10423416930597917
-0.06863818912011688,-0.04187732145458467,-0.07610408820971482,-0.08023419038740853,-0.09005817070102418
-0.0664476086162833,-0.03869105650605642,-0.0721276253867037,-0.08618373776422461,-0.0904468178365816
-0.08397225264695152,-0.0526033772522877,-0.09311910891992303,-0.10710423922389456,-0.1188149226126437
-0.0843373493975903,-0.055734072692118275,-0.09013052434331825,-0.10209332461562082,-0.1131126168494937
-0.0660825118656444,-0.04120879790896337,-0.07139999640164607,-0.0889450213430314,-0.09749667094140413
-0.07447973713033962,-0.047300539792042295,-0.08136045933244718,-0.09542456718878811,-0.09581445742981798
-0.07411464037970061,-0.04362605332337921,-0.07884232318376039,-0.09599096661505246,-0.1102903981105362
-0.09748083242059136,-0.06162054652601223,-0.10507986615662268,-0.10710010446224483,-0.12174292880966653
-0.08981380065717415,-0.06021445204405418,-0.0980568154793624,-0.12043796015532549,-0.13068047609995836
-0.06754289886820009,-0.03917335649120235,-0.07299220715983545,-0.08248148932578891,-0.09427547070900955
-0.07849580138736756,-0.04990480296824118,-0.08383689453634013,-0.09458653552217344,-0.10046558188763466
-0.06133625410733834,-0.035686840007523535,-0.06658359340817155,-0.0768168897534135,-0.08526928133054001
-0.07265425337714493,-0.04020939493037945,-0.07938136651602967,-0.09851625965966981,-0.1106204674527741
-0.07484483388097851,-0.04422489540771135,-0.08332647137973248,-0.09718419600246742,-0.09974141696747085
-0.06717780211756119,-0.04100658463090112,-0.07526841973823262,-0.09290348389765457,-0.10305533100394526
-0.07740051113545088,-0.046847416456142765,-0.0824603349669768,-0.10549514583867925,-0.1307901243546845
-0.08032128514056225,-0.048653694401986525,-0.08756955277128498,-0.09958893811076319,-0.09933749178433326
-0.058050383351588186,-0.030348626107607024,-0.06542876923975183,-0.079611321864686,-0.08380480833014625
-0.06973347937203367,-0.0363356241955437,-0.07695502335815618,-0.08905755476864707,-0.10314531945380545
-0.06389193136181082,-0.0347849032822396,-0.07153135256235243,-0.08920233789487708,-0.09861189672535875
-0.0573201898503104,-0.02783182187776334,-0.06384949813128227,-0.07134623606936374,-0.07785170517057138
-0.06243154435925524,-0.032555793687105816,-0.06889290480046317,-0.07316223999381533,-0.08530580157403422
-0.09273457466228552,-0.057677087104353486,-0.10049968383033825,-0.10946002309026914,-0.11801278048377073
-0.09821102592186925,-0.06650654088460439,-0.10191956209557562,-0.11571591831503403,-0.1495997650238694
-0.0847024461482293,-0.05198944405992867,-0.09259295069341034,-0.10375578507276129,-0.10944831603145655
-0.0945600584154801,-0.06602937196504732,-0.10043913632303403,-0.1094060713564774,-0.12247517430312538
-0.06425702811244971,-0.03550731925921902,-0.07377813983601977,-0.08735805874240776,-0.09343664861226253
-0.07922599488864546,-0.04709915876440385,-0.08609549124318228,-0.09860585665164301,-0.11227177068959004
-0.07082876962395035,-0.03736473675257468,-0.07952001008617915,-0.10290797440075972,-0.11720250542814947
-0.0664476086162833,-0.03887012779998977,-0.0729022750698024,-0.09038736321935481,-0.09810200753167952
-0.06717780211756119,-0.03798827775810587,-0.07319972515439677,-0.0921115465860155,-0.10163543851908652
-0.07192405987586714,-0.0440456086646297,-0.07597408579714693,-0.08745775078195783,-0.10355589637891327
-0.06535231836436661,-0.031000589481811613,-0.07329008106216639,-0.08363661836738001,-0.08985774666426971
-0.07849580138736767,-0.05214100891116591,-0.08541115582880299,-0.09082791189587369,-0.09203664532750955
-0.07886089813800656,-0.050716854247419785,-0.08308993351745952,-0.08599415486398809,-0.09998366497340816
-0.07594012413289519,-0.04410049236844393,-0.08162879886513685,-0.08306176205006188,-0.09243143931731512
-0.07813070463672878,-0.052480764511425804,-0.08300923716536746,-0.08712144427778035,-0.10302190907307107
-0.06462212486308871,-0.03488527341321568,-0.07180882569456071,-0.09353382039737945,-0.11237989303880602
-0.07228915662650603,-0.05138624762286059,-0.07645511131906191,-0.08117707470776125,-0.09316699888743041
-0.08835341365461846,-0.05774195250125358,-0.09643935687719485,-0.10761640806621386,-0.11472907219978046
-0.05841548010222719,-0.031624922356071394,-0.06504209571793274,-0.08543819375050643,-0.0904367103590542
-0.09602044541803578,-0.0645496662167585,-0.10219150340228211,-0.1121645297656999,-0.12691920257769806
-0.07046367287331146,-0.04149666120605344,-0.07674321330988476,-0.08907694851630588,-0.0950162800415012
-0.07813070463672867,-0.054757063382767424,-0.08184348209381587,-0.09879431062810762,-0.11780182940059902
-0.0653523183643665,-0.03584020557275813,-0.07257896695244492,-0.07837759753000184,-0.10107211809414662
-0.07703541438481187,-0.04000965019380365,-0.08540297217652548,-0.0940561260707018,-0.09917334304243519
-0.0755750273822563,-0.04636011182009159,-0.08248622077036205,-0.09307287224099814,-0.11037817514717241
-0.06535231836436661,-0.0388339135156196,-0.07201921615051377,-0.08518423428049449,-0.09217458311906535
-0.07338444687842283,-0.0444814846567787,-0.07970532695560373,-0.10566115346976523,-0.1205021559112257
-0.09273457466228552,-0.059879614381872726,-0.09917261038191705,-0.10151926571960135,-0.11737410050982955
-0.07886089813800656,-0.04835294049521299,-0.0846184274002384,-0.08194474583772904,-0.0887680093027754
-0.05951077035414387,-0.025772202216214457,-0.06903992154615757,-0.09179203508768141,-0.10329871851592842
-0.08835341365461846,-0.06051604510945885,-0.0938860223474004,-0.10830060550515963,-0.12196213556418534
-0.09127418765972972,-0.05937075292198968,-0.09737292979232937,-0.09969525129014767,-0.11325684469718789
-0.08616283315078499,-0.04982082655473985,-0.09463269372779937,-0.1039564367278395,-0.1078138516383248
-0.08287696239503473,-0.051268694268046144,-0.09081030741799945,-0.1027870711316482,-0.11258215917800918
-0.06243154435925513,-0.036629529007577766,-0.06868645972076304,-0.09607788114340865,-0.11406675397834998
-0.05001825483753197,-0.018248259950605084,-0.05746508672822126,-0.0759559760417643,-0.0916433040060084
-0.05914567360350498,-0.03172936603257015,-0.06631067197586216,-0.07700507338777507,-0.0925716410303814
-0.08835341365461846,-0.05697265439335841,-0.0953388968240041,-0.09833171912832928,-0.10574340470933286
-0.09529025191675788,-0.06648458027935278,-0.10068019791970828,-0.1014732744245751,-0.10173434631190281
-0.05184373859072644,-0.021241832983849962,-0.05853804254732298,-0.07893463525323818,-0.09417022712638023
-0.08141657539247904,-0.055819350630785136,-0.08654750140559864,-0.10560162062853229,-0.12185446295405955
-0.06790799561883898,-0.03576817758083217,-0.07812694663506381,-0.0890763426224419,-0.0943318929579956
-0.0847024461482293,-0.04954976757860474,-0.09210915970628997,-0.0967653228488492,-0.09462537980253083
-0.08032128514056225,-0.04573584403151332,-0.08741918230257495,-0.10277826056170292,-0.11392127005963748
-0.054034319094560135,-0.028693900812539308,-0.06141184097336283,-0.08403730527984377,-0.10577375270491707
-0.08616283315078488,-0.05530391270599,-0.09340425791240259,-0.10346818251956569,-0.11937828672461193
-0.08178167214311793,-0.05011086050797431,-0.08816099595374105,-0.10476079240034597,-0.11755469081458636
-0.061701350857977344,-0.029836853768452465,-0.06663533261059451,-0.07101529523167538,-0.08331645008551358
-0.052208835341365445,-0.023501700799967606,-0.058612652155465184,-0.06592635894859233,-0.07443296437632108
-0.05841548010222719,-0.031111758183915428,-0.06302828590311349,-0.07553012722624486,-0.09175691065725422
-0.06316173786053314,-0.027749258765970897,-0.07106310174853459,-0.09354033562420405,-0.11927840658601985
-0.06900328587075577,-0.03743669297805352,-0.07530282607356253,-0.08968100443454918,-0.10855278957449566
-0.09602044541803578,-0.07098683160098695,-0.10047704353229236,-0.10243381058276846,-0.1077844121651097
-0.08725812340270178,-0.05221640105095693,-0.09507401862588416,-0.11070227466627602,-0.1158643632219668
-0.07813070463672878,-0.04893726200389248,-0.08507196579092668,-0.10426934695872558,-0.12343757750497941
-0.0653523183643665,-0.031813236932498934,-0.07365548051678672,-0.09226498630255175,-0.09779049640015314
-0.05074844833880976,-0.021796750896790784,-0.05865311098523207,-0.07331971485545963,-0.09367781504043038
-0.0847024461482292,-0.05359566026861662,-0.091227709077071,-0.11058508459488314,-0.12432783922661617
-0.07703541438481198,-0.05070230815813592,-0.08109838223540522,-0.09010244446372528,-0.10277111520703008
-0.0755750273822563,-0.04255242036312423,-0.08442259832370957,-0.10388362860210576,-0.101059567811139
-0.06425702811244982,-0.038997312365984804,-0.07124351342984192,-0.08830446316680318,-0.09276566178593215
-0.07265425337714493,-0.04143388780818724,-0.08106715699171596,-0.09120679176520663,-0.09378919525667728
-0.07338444687842283,-0.04527808032630676,-0.08000498558172908,-0.09457331181059991,-0.11749238006615337
-0.06827309236947787,-0.04098514010954313,-0.0756968437377814,-0.09007225557717968,-0.10385689069974191
-0.09127418765972983,-0.05909123350355394,-0.09821919849338023,-0.10891340690888152,-0.12042520266960588
-0.08141657539247904,-0.05056903670355484,-0.08878152701173958,-0.10266232265070985,-0.11105650094597719
-0.06498722161372772,-0.03826950816542907,-0.07053538328649922,-0.07790406362913704,-0.08682742092673723
-0.05951077035414387,-0.028686816111771596,-0.06771009116578197,-0.08294109703729702,-0.09273073574135382
-0.059875867104782765,-0.03480311017716742,-0.06567903306009315,-0.08779152488274078,-0.09542446476502597
-0.07594012413289519,-0.04561477721376195,-0.08282312926855795,-0.10354839405509164,-0.11550501482264364
-0.07703541438481187,-0.048201705947759965,-0.08119550082412819,-0.09260494269532527,-0.10869922790541808
-0.061701350857977344,-0.03140654170832491,-0.06965524643385901,-0.07909907610306277,-0.09308903791885226
-0.08652792990142388,-0.05654146841916474,-0.09320953476805338,-0.10075910745929928,-0.09970615293634322
-0.06973347937203356,-0.04098945978933877,-0.07574700907517262,-0.08656768976844464,-0.08893154201629982
-0.08433734939759041,-0.05133952375378781,-0.09261581436828148,-0.1053946488402725,-0.10630121404725223
-0.06243154435925524,-0.030511656209019855,-0.06908825355324832,-0.07947812967134149,-0.09392036712633578
-0.06863818912011688,-0.042577083940152693,-0.07526912383291284,-0.09446322953520414,-0.11269941642769166
-0.08251186564439572,-0.0504903894561215,-0.08993226004114185,-0.117027266621894,-0.12884500680448907
-0.07009857612267256,-0.04040691545435382,-0.07702676142432141,-0.07971180546194712,-0.09594729516374745
-0.06863818912011688,-0.04005252936840875,-0.07472332161470685,-0.09522903126800453,-0.1089036413420752
-0.06827309236947798,-0.03682820867834613,-0.07432832777944964,-0.09590475853293767,-0.12275001683354048
-0.08032128514056225,-0.0523785806122804,-0.08354817837177064,-0.0870214662265203,-0.10418115278940243
-0.0847024461482293,-0.049624060150376015,-0.09327088069432077,-0.09923535764868696,-0.1134919645870317
-0.09565534866739689,-0.0667742653851836,-0.10185576177490496,-0.11513517163151221,-0.1226634970405982
-0.0565899963490325,-0.024085332022890538,-0.06437795060479445,-0.08219055491893668,-0.09408499329990427
-0.07447973713033951,-0.04570064535209184,-0.08063529399974301,-0.08363114182900722,-0.08757440558940721
-0.09017889740781315,-0.060036572097717844,-0.09716624690570796,-0.11314012834869491,-0.1255374215814984
-0.07082876962395035,-0.03599537468760494,-0.07813107804948238,-0.09639299276279567,-0.12013472937149838
-0.07849580138736756,-0.04727277993701362,-0.08579280333599293,-0.10136740309180081,-0.11044041017122219
-0.08725812340270167,-0.05379967437322941,-0.09240879102264998,-0.10312446197722891,-0.11897182571570664
-0.05732018985031029,-0.029365243256780582,-0.06391195407310735,-0.08511184875938815,-0.09737891015225264
-0.06389193136181082,-0.03345440231251773,-0.07112295624438825,-0.09645588043033138,-0.09970693184410606
-0.06389193136181082,-0.03540449215890429,-0.07149321459905511,-0.08393553009524912,-0.1032410435698573
-0.0850675428988682,-0.05233388112620363,-0.09102828555769937,-0.10420043067570983,-0.1234869521018207
-0.08835341365461846,-0.05707962278446854,-0.09440196038271931,-0.09409702132218989,-0.1099615530955651
-0.059875867104782765,-0.03226772421671753,-0.0649942682307666,-0.06895877015836838,-0.08296821684047095
-0.08287696239503473,-0.0492602286816366,-0.08886992783309589,-0.09549529601743045,-0.09646504775146392
-0.07192405987586714,-0.04158378514356054,-0.07855412322522937,-0.08635350780167728,-0.11275403703712894
-0.09894121942314715,-0.05922141530146929,-0.10920081254908098,-0.11922284749092993,-0.12299253332367721
-0.07009857612267245,-0.0421427837706293,-0.07407357643295631,-0.07904997298323901,-0.09083321303610237
-0.07740051113545099,-0.05029914974793759,-0.08348622614540269,-0.09186659195236646,-0.10271029728348613
-0.09346476816356342,-0.06182213661801694,-0.10118492049644501,-0.11377207374465703,-0.11979104673019136
-0.08251186564439583,-0.052721194676302985,-0.09036261563594017,-0.10662314874140888,-0.11871009615208539
-0.06316173786053303,-0.0386821727464175,-0.0688690067042399,-0.08551439321535126,-0.0952463368092673
-0.08105147864184015,-0.05490956072351427,-0.08599590300174054,-0.09993536868301356,-0.1179969361089459
-0.08105147864184015,-0.055556365787656437,-0.08623237840827225,-0.09667312348668278,-0.11009803379864946
-0.0752099306316174,-0.041775857452027276,-0.08208155922614979,-0.09875095822410918,-0.10968370109059988
-0.06790799561883898,-0.03923611720711384,-0.07461089732409265,-0.09159388399362833,-0.10518742307756979
-0.07265425337714493,-0.04323443490783052,-0.07973255055755124,-0.08690703397501531,-0.09889034493789073
-0.10222709017889742,-0.066706056175721,-0.11009872348377536,-0.12368149553199614,-0.13192271647507126
-0.05439941584519903,-0.027066515242554323,-0.061160213406671216,-0.08027465068913353,-0.09022663411614396
-0.06790799561883898,-0.03437739768897419,-0.07498664889782458,-0.08400966609406813,-0.10429722540021036
-0.09382986491420231,-0.06208488787558397,-0.10215793911145798,-0.12212166918049283,-0.12664908300893984
-0.06973347937203356,-0.04269120864895615,-0.07529851179600744,-0.07731772563762074,-0.0912019424930377
-0.07155896312522814,-0.04266584507243154,-0.07827470627397648,-0.08273915690891775,-0.09702495551659174
-0.07228915662650603,-0.04404530313723043,-0.07796221364444478,-0.09716101263380206,-0.11853558843813483
-0.06498722161372761,-0.03631079266854975,-0.07271594845601115,-0.09102057004716235,-0.10259897760513226
-0.07995618838992335,-0.05136964531918209,-0.08652535642546633,-0.09942352078345085,-0.10448766928830544
-0.08689302665206289,-0.05805675001137933,-0.09338476868758783,-0.11261966707243054,-0.11719704534525877
-0.0660825118656444,-0.0325875148167315,-0.07216373599292514,-0.09085364808430318,-0.10928154626978803
-0.07849580138736767,-0.048128007062458567,-0.08530972536353532,-0.09615426011092221,-0.12168580330717726
-0.0934647681635633,-0.05901982586314103,-0.10098957044036283,-0.10691142738822479,-0.12146845564342901
-0.05622489959839361,-0.026780701181693622,-0.06362319872301736,-0.08071107843593728,-0.09592194692860379
-0.05439941584519903,-0.023506677978892943,-0.058182447992600195,-0.07728648387548376,-0.09992411363320775
-0.06973347937203367,-0.040997596990082874,-0.07737361285101019,-0.09590838685917913,-0.09222869982159665
-0.08798831690397957,-0.056803702733755346,-0.09499097779651544,-0.10452985900065526,-0.11792295712501577
-0.07959109163928446,-0.04498041829565402,-0.0880351815048176,-0.10974423055613214,-0.12091717970902593
-0.06790799561883909,-0.03806125572951935,-0.07564745461777322,-0.09700890800184303,-0.10476124659330932
-0.058050383351588186,-0.031056950027332775,-0.06472321980187157,-0.0881304044082426,-0.09847066835966045
-0.10186199342825841,-0.06337992701276396,-0.10943791279795545,-0.10814058090342005,-0.11421372673321006
-0.06462212486308871,-0.033358325613837114,-0.07205562440490465,-0.11054142563439429,-0.1260655300249931
-0.08652792990142388,-0.059435155953008634,-0.09336058535286407,-0.11194298449152262,-0.11864575562678115
-0.07046367287331146,-0.04345236048832157,-0.07917250571134393,-0.0892841496059198,-0.09744246830429593
-0.0664476086162833,-0.037100129946911586,-0.0724343594495449,-0.08073030822653693,-0.08780034065610143
-0.0660825118656444,-0.031569804920349664,-0.07277831580398042,-0.08917493580175118,-0.10629820409836743
-0.06498722161372761,-0.03233019197138931,-0.0729619049790784,-0.09887576028168632,-0.10992222733065449
-0.08543263964950709,-0.05408955080007716,-0.09345292995359544,-0.1019842430149448,-0.1064452975803819
-0.10222709017889742,-0.071582347389203,-0.10848408522144726,-0.10636581535842016,-0.11029995703427409
-0.04892296458561518,-0.019335468896288677,-0.05620854038980805,-0.06931071797743116,-0.08183178600661545
-0.0752099306316174,-0.04957563568699752,-0.08162425009405161,-0.0993851671923266,-0.10994319324110058
-0.0752099306316174,-0.04566215332993673,-0.08295208266597875,-0.08834043385387014,-0.09731509763222346
-0.08798831690397957,-0.06031915039572733,-0.09334550430815014,-0.10959450710354868,-0.12762282483200837
-0.07922599488864546,-0.04995916840028802,-0.08394271323251246,-0.10294281469484634,-0.11701135309692823
-0.08032128514056225,-0.05147934984930025,-0.0854120894148257,-0.11073631963465425,-0.12411675257357013
-0.1022270901788973,-0.0668983832771366,-0.10826410897737815,-0.09856191616254462,-0.110333377016678
-0.05293902884264334,-0.02383466632790432,-0.059700562248076405,-0.07311926457196116,-0.08563864446804104
-0.07922599488864546,-0.052070708303168844,-0.08436900006216042,-0.09559243295894482,-0.10655692462331978
-0.08324205914567362,-0.05729508598412991,-0.08877946466159647,-0.11026905346022176,-0.12042174053734933
-0.08105147864184015,-0.0498918498228661,-0.08997407917746658,-0.09760791122927903,-0.09907826014930654
-0.04782767433369839,-0.02742012576484354,-0.05171976229661546,-0.07344178420704295,-0.08261997992880177
-0.07886089813800656,-0.045272708181920085,-0.08399933805508497,-0.09674434665107301,-0.11020033486778569
-0.05330412559328224,-0.025412218839889533,-0.060205300912010484,-0.07889691021541423,-0.0948722176186978
-0.10186199342825841,-0.07428417219897587,-0.10782973891528735,-0.10134352947015113,-0.1024985477819349
-0.06279664110989414,-0.03403224863682286,-0.06900232745029466,-0.08058525323839627,-0.09756216167794518
-0.07301935012778382,-0.04594719163715977,-0.07962273307454082,-0.08195603635740911,-0.0851801188678103
-0.07886089813800656,-0.04352597074168574,-0.08538498765451541,-0.09912204883154319,-0.10972453419245543
-0.07886089813800656,-0.0491418832792242,-0.08500903110957736,-0.10233985041757088,-0.10553151023823926
-0.07301935012778382,-0.046680874409183004,-0.08031905761604774,-0.08557781041066348,-0.08623392981904643
-0.06133625410733845,-0.03389920401446811,-0.06735573945034323,-0.07065311808394814,-0.08210381446735993
-0.08652792990142388,-0.06159870602355255,-0.09272385012599282,-0.09962136977120017,-0.11281807578436676
-0.06973347937203356,-0.03907388403217493,-0.07825880531389418,-0.08871484483236369,-0.09216770643224836
-0.08287696239503461,-0.04959946722740349,-0.08928614805736901,-0.10356227204462554,-0.10727686760057453
-0.08068638189120114,-0.04844219810140904,-0.0874517701118862,-0.10216703608857514,-0.1121301575064707
-0.07484483388097851,-0.045651721596238204,-0.08171536611666086,-0.10454738952144382,-0.11697110208909878
-0.06243154435925524,-0.03394727338389314,-0.06628245404406785,-0.08851269920877902,-0.1195080160924884
-0.0653523183643665,-0.036368589733778545,-0.07229886078203107,-0.08274062192843179,-0.09232206047767455
-0.07594012413289519,-0.042743852994131304,-0.08095791911675365,-0.10090861590342293,-0.11480865435775456
-0.09894121942314715,-0.0687569950079705,-0.10396609405525337,-0.10745501987512573,-0.112882031977805
-0.07995618838992335,-0.051024095368353506,-0.08566088949913409,-0.09069739747278704,-0.09952861318169814
-0.07886089813800656,-0.051149018629661924,-0.08412420440704327,-0.09539156658832126,-0.10414620873564417
-0.07082876962395035,-0.04120165453268376,-0.07565002882571314,-0.08502970750521155,-0.11507768475938052
-0.07119386637458924,-0.040538599517154106,-0.07657934297300506,-0.08916041564388577,-0.11660069244378246
-0.08616283315078499,-0.053074862170669146,-0.092811019225852,-0.10693797791724247,-0.12104135007223327
-0.07667031763417309,-0.04810745424202678,-0.08322289505043334,-0.0925828007129127,-0.11087955508558267
-0.0668127053669223,-0.031115938353119543,-0.07382415644092488,-0.09121130444952563,-0.1096957450165923
-0.0839722526469514,-0.05421968301802549,-0.0910305580246169,-0.10250785959602593,-0.11334014857047248
-0.06498722161372761,-0.03527330498000436,-0.07140635373676762,-0.08551520043045491,-0.09247288183119473
-0.07740051113545088,-0.04570957095709571,-0.0835093216220657,-0.09986919905866187,-0.1178346663043982
-0.06973347937203367,-0.038611479761114786,-0.07709070770012727,-0.09179190533411652,-0.10544540511917544
-0.06425702811244982,-0.03488659381981374,-0.07158185344866186,-0.08406797105275932,-0.08772646236092518
-0.06498722161372772,-0.03517499194225182,-0.07053121881169555,-0.08461321726810211,-0.1012910281599857
-0.09054399415845205,-0.05786242712438905,-0.09843589560324262,-0.10364263878131774,-0.11810907838580498
-0.07009857612267256,-0.04675884678564468,-0.07552330643167093,-0.08171721590356751,-0.08096577071727873
-0.07813070463672878,-0.04517180277821542,-0.08530475186560227,-0.10230187234409716,-0.1206491889242236
-0.08178167214311793,-0.04592798669625375,-0.09087539498897734,-0.11387542636328307,-0.1231578849277235
-0.05147864184008755,-0.023044224028637483,-0.05591750744370516,-0.06759482287953245,-0.0881558943433911
-0.09382986491420231,-0.06278809731850765,-0.09904243798182477,-0.11087224674328688,-0.12610783294548533
-0.07411464037970061,-0.04268869946949083,-0.08218551667043572,-0.10868287327173276,-0.11923761632287078
-0.08178167214311782,-0.04482203459940004,-0.08798317788351406,-0.09899458892415391,-0.10842970071842173
-0.06936838262139466,-0.040607639658565065,-0.07717313057096076,-0.09504380555621772,-0.0962787184371251
-0.05439941584519903,-0.02013478717610806,-0.0624997682590418,-0.07553252253757148,-0.0910840385073235
-0.04600219058050392,-0.02059778676409063,-0.05234195465377445,-0.06605830376325261,-0.08078336564797517
-0.06206644760861624,-0.03191211387932702,-0.06941998089542034,-0.07773160424397096,-0.08883346348162913
-0.06060606060606055,-0.033567087629318704,-0.06691703910544511,-0.09472311203932426,-0.1203588040260477
-0.06024096385542166,-0.03073346440759228,-0.0663698990766225,-0.07343606708244677,-0.08784449500059277
-0.08981380065717415,-0.05952267429540159,-0.0964675513222143,-0.10440419054017092,-0.10826448398168842
-0.06352683461117192,-0.03212905556950929,-0.07089957733487773,-0.0904665512003936,-0.11970692965057217
-0.07338444687842272,-0.042053769326496626,-0.08008513911109771,-0.0899154222707026,-0.10175821882361458
-0.07886089813800656,-0.04856642138300893,-0.08680427989716444,-0.09805466281362274,-0.11006513188391753
-0.06206644760861635,-0.029359785823662388,-0.06753297660063395,-0.09023035073503871,-0.0980465538879689
-0.05951077035414376,-0.03417639611128742,-0.06464650096425562,-0.08392412468067745,-0.10271700242913073
-0.07228915662650603,-0.042747157254432344,-0.07894457529482057,-0.09455649615527606,-0.11691959606275448
-0.06352683461117192,-0.03913222690673901,-0.06866291836143312,-0.06842454061328962,-0.0872743288970581
-0.08105147864184004,-0.05021521732947787,-0.08816084113027256,-0.09400114517085545,-0.10917366623665403
-0.06206644760861624,-0.029285685382527515,-0.06979294936290148,-0.09392666112033699,-0.11158501840330914
-0.06352683461117192,-0.03425697248185833,-0.07141260952185524,-0.08329559215635152,-0.09346446969748334
-0.06425702811244982,-0.03620636836184543,-0.06981265015525207,-0.08688807534184162,-0.10351195126796531
-0.08835341365461846,-0.059556006965560515,-0.09450309807587587,-0.11143221968999018,-0.11779102357031535
-0.06717780211756119,-0.03121535118194052,-0.07352398241361302,-0.08507830937567029,-0.10286989576847871
-0.07192405987586714,-0.04279766985319222,-0.07978321055841775,-0.09169709513860425,-0.10023147515144704
-0.09857612267250826,-0.0643927617411667,-0.10434443613064515,-0.12549913469023632,-0.14620351956074673
-0.08214676889375683,-0.04610737965009326,-0.09056405224700315,-0.09697934979543343,-0.09543616309772551
-0.07265425337714493,-0.044548227848213884,-0.07864283596798916,-0.09361905477819177,-0.10890415038135826
-0.0839722526469514,-0.045802946634986186,-0.09159710637288432,-0.09275782906968999,-0.10068791221559281
-0.0850675428988682,-0.052494907973796634,-0.0955100272779209,-0.10881242218689957,-0.11594403419595634
-0.05549470609711571,-0.03370310845961888,-0.06080042705906186,-0.08463214599158675,-0.09634189077473332
-0.04490690032858702,-0.013987896292670277,-0.05283029277524842,-0.07317430941784187,-0.08365903983318645
-0.07046367287331146,-0.042761885255228615,-0.07730784530901058,-0.09925205478565169,-0.1021044509645993
-0.06425702811244982,-0.036078642686898865,-0.07110790855945748,-0.08966959544061148,-0.10196320527787683
-0.08360715589631262,-0.0557113950692435,-0.09020853464840806,-0.10089537932182224,-0.10844922922187927
-0.07922599488864546,-0.04560974932681894,-0.0846080421907992,-0.10105124863882686,-0.11488377098781077
-0.0839722526469514,-0.05384981374676523,-0.09059341908298646,-0.11013932913924196,-0.11659671257908844
-0.07411464037970061,-0.0433817657747545,-0.08185407285266266,-0.09066846523428462,-0.09975093624363074
-0.08652792990142388,-0.05086979969039851,-0.09234964057155393,-0.09795777668668071,-0.11538867769728556
-0.09273457466228552,-0.05785464380536465,-0.10063652010006219,-0.10787459600755334,-0.12931947527668175
-0.08725812340270178,-0.057602424964892984,-0.09201158032088674,-0.1010943469012704,-0.11084876781629194
-0.06863818912011677,-0.04012974598403296,-0.0745746413045465,-0.07892949703728414,-0.09095542270167534
-0.07776560788608988,-0.04616643553528976,-0.08627275455853478,-0.10559347208294256,-0.11177786407866919
-0.056955093099671394,-0.023965577190542486,-0.0654643071678016,-0.07897192478735804,-0.08685336467024429
-0.08214676889375683,-0.050658131110769,-0.08966108793401073,-0.104869334972713,-0.11010589699369489
-0.06681270536692219,-0.03540689341906378,-0.07347805227317072,-0.09438216339704619,-0.10740474403578326
-0.06863818912011688,-0.037772105251302035,-0.07629644505999522,-0.08828546337153231,-0.0955917272933271
-0.09309967141292441,-0.06217065045839809,-0.10148961230015274,-0.10565110099120634,-0.1115140224999065
-0.06024096385542166,-0.02684261787954667,-0.06772434579906295,-0.08962928984102914,-0.10607398085904551
-0.07776560788608988,-0.04320645300306358,-0.08311890183379711,-0.09928117654227164,-0.10861051545579903
-0.09748083242059147,-0.06399573008329518,-0.10491505111088273,-0.11686315495349298,-0.12702708307822053
-0.058050383351588075,-0.030225953821459428,-0.06346381301678483,-0.06857334419826577,-0.07645283122006419
-0.07667031763417309,-0.044773235462355454,-0.08427203105378667,-0.0915046756279726,-0.09688585888546364
-0.07119386637458924,-0.038015224941856274,-0.0775633906786991,-0.0891841879425016,-0.10345175733581535
-0.07922599488864557,-0.04663626698797696,-0.08505485813440594,-0.0923170518517088,-0.10506292062523426
-0.07849580138736767,-0.04999496509016543,-0.08408661743674861,-0.0932486975531609,-0.11403555255845199
-0.07484483388097851,-0.046537737329194306,-0.0831526915554972,-0.11039258906231397,-0.12519606094105962
-0.07301935012778382,-0.04087312201528526,-0.08159765666400698,-0.09783193760511188,-0.11015463077603638
-0.0847024461482293,-0.05330939635909404,-0.0915960004267149,-0.09762285950694594,-0.10914344491871208
-0.07082876962395035,-0.04128643088770123,-0.07777467894246226,-0.09798642756202447,-0.10980008294623567
-0.08105147864184004,-0.04634530994062469,-0.0897064545622126,-0.10701865864386029,-0.11645016282241594
-0.06060606060606066,-0.03540700352882575,-0.06610797617367015,-0.07869557178515296,-0.08756419076336242
-0.07776560788608977,-0.0497614308435157,-0.0854258058529489,-0.09571345177802149,-0.10592501850057068
-0.09090909090909094,-0.05562357903003301,-0.09930624721967707,-0.10385693555656672,-0.09359318056829213
-0.08652792990142388,-0.054883062352005574,-0.09295499848079336,-0.10100784667597296,-0.1050119026772588
-0.10843373493975905,-0.07185131715753024,-0.11611436857159474,-0.12554177040422487,-0.13517817085307182
-0.08105147864184004,-0.05322592508876267,-0.08806667453331274,-0.10494088591614659,-0.11022481523057848
-0.0752099306316174,-0.04339325540918082,-0.08274610296695917,-0.10332205173434372,-0.11942749914794848
-0.07667031763417298,-0.04693525028037726,-0.08229693237145674,-0.07685329227849014,-0.08899446587689874
-0.09675063891931357,-0.06093816302297472,-0.10439118294596217,-0.10647919271817852,-0.1200272936304807
-0.08178167214311793,-0.04724122117953011,-0.08946972871010461,-0.09664633884290419,-0.11416970618346123
-0.10551296093464768,-0.0710236251420433,-0.11133620273550826,-0.11012177577640736,-0.12018194906443125
-0.09127418765972983,-0.05633431958178825,-0.09765597375847901,-0.10737492069660326,-0.12102344556044342
-0.07265425337714493,-0.04376642257267249,-0.07946177099331642,-0.09279940426725952,-0.10947838994990566
-0.08397225264695152,-0.057776781473001027,-0.08934641946864086,-0.08816359973136356,-0.11555867560175115
-0.09054399415845193,-0.0574311496694776,-0.09605673481414989,-0.11471432711504193,-0.13833452538520252
-0.06097115735669956,-0.03361337281709231,-0.06706383174664388,-0.08139861524734715,-0.09332919440300924
-0.06060606060606055,-0.03450596528716121,-0.0668696020276418,-0.08776828197155917,-0.09737682920728541
-0.06900328587075577,-0.03796966798743007,-0.07487131531010516,-0.08391716707006225,-0.10576904493786532
-0.09090909090909094,-0.05963928504770377,-0.09650552652271593,-0.11016593282241316,-0.11548611459799862
-0.06352683461117192,-0.031949422932997296,-0.07122010617959318,-0.087981464161211,-0.10130112887568454
-0.06498722161372772,-0.03516586061511329,-0.07215705526595118,-0.0835790298559157,-0.09200559055210022
-0.08105147864184004,-0.04782895539726251,-0.08703420926939731,-0.10361459070579704,-0.12366852670276696
-0.07959109163928446,-0.051163633482996906,-0.0847968880841915,-0.10797356738265285,-0.1235234801084899
-0.07995618838992335,-0.04205522643757553,-0.08644657409451117,-0.09825945639136391,-0.11425723144140165
-0.07009857612267256,-0.03959760517137567,-0.07745870482675521,-0.09447331943597104,-0.11621910643154632
-0.0558598028477546,-0.023865936514412156,-0.06271262046360804,-0.08928005372733383,-0.1068343253548113
-0.0938298649142022,-0.060820579832269184,-0.10022725973917135,-0.10841608290992188,-0.11929559492036101
-0.0752099306316174,-0.04768922131959574,-0.08122230746652592,-0.0948243878308187,-0.10765911637602343
-0.08068638189120125,-0.04413551855930564,-0.09035276785864643,-0.11124139293983493,-0.12452312485932782
-0.09127418765972983,-0.06220843603003767,-0.09776669931164661,-0.11134284828401442,-0.12910380868913096
-0.07776560788608977,-0.04426698675735907,-0.08513151881908632,-0.09117680222506197,-0.09540798651816473
-0.08908360715589625,-0.05601992959986857,-0.09787140977512232,-0.1110028156811782,-0.10884711161480087
-0.07374954362906172,-0.04287935279945787,-0.0796377542024942,-0.07609603228264494,-0.07852208020963569
-0.05439941584519903,-0.02514031601911404,-0.062321324417021984,-0.09040867249789808,-0.1038425494591948
-0.06133625410733845,-0.03354870581505698,-0.06833225549403599,-0.0821561569016881,-0.10004725750349608
-0.07740051113545088,-0.04872088319075518,-0.08401674787775892,-0.09835889743713822,-0.10921307974659056
-0.07228915662650603,-0.04278320058613594,-0.07998535029306786,-0.09196100143138797,-0.10003840513342999
-0.07740051113545088,-0.04710891559881081,-0.08445459535611599,-0.10241397145581788,-0.11675576620714267
-0.07411464037970061,-0.04446234009939609,-0.07955405309872221,-0.08242044861763154,-0.10255692366666747
-0.08798831690397957,-0.055668922484773176,-0.09495089566367054,-0.09689007451115517,-0.10260246219947045
-0.08944870390653525,-0.056322850078315834,-0.098980911735848,-0.10816108628416932,-0.10589843084462736
-0.09492515516611899,-0.062169512222446266,-0.10002963361679107,-0.10652752808808308,-0.11526470484082352
-0.09602044541803578,-0.06490024360448754,-0.10120247740165234,-0.10568662453160937,-0.12239230624525788
-0.08908360715589636,-0.05965566211248152,-0.09559078606538196,-0.10288006107428371,-0.10811693781216769
-0.07228915662650603,-0.04026043438456117,-0.07812149086643982,-0.08640957158453288,-0.09823551252979501
-0.09273457466228552,-0.06022714909722027,-0.1011745690088961,-0.11541930348947371,-0.12281750597417884
-0.09346476816356342,-0.06291876851256384,-0.10060687690390169,-0.10774195871700654,-0.11591076181709004
-0.08871851040525736,-0.05461384210587328,-0.09440185903577558,-0.11430889790533594,-0.12479069786804187
-0.0660825118656444,-0.03170265744732659,-0.07286999357624313,-0.08115423600645721,-0.09381279512205698
-0.07959109163928435,-0.057005512559096694,-0.08276616541363047,-0.09208418869215629,-0.11868328985904575
-0.09492515516611899,-0.060935022032319264,-0.10130227332475861,-0.09896897332260657,-0.10696490981255324
-0.07849580138736767,-0.04590988381098271,-0.08736710618094068,-0.10110401716998729,-0.1094681471820883
-0.07082876962395035,-0.04583384778199129,-0.07631177063017991,-0.08131774181693974,-0.09401031702725704
-0.07995618838992335,-0.04678038960934805,-0.08596519415628734,-0.09244561170869026,-0.10436118107922188
-0.08616283315078499,-0.0542414999255495,-0.09293999516741136,-0.10240028640880561,-0.11730125630526478
-0.08871851040525747,-0.053896355121599626,-0.09726590705575289,-0.11000211494282652,-0.12426349551188431
-0.06133625410733845,-0.03529961256734149,-0.06782551784119639,-0.08524627386107464,-0.09656847263253154
-0.08032128514056225,-0.0476289048663916,-0.08608834545373312,-0.0970279682754327,-0.10636108270418398
-0.06097115735669956,-0.03624269291336779,-0.06539410250175293,-0.07753942287062865,-0.09551365457736927
-0.0755750273822563,-0.04624557158904341,-0.08342235438599765,-0.0933159515704145,-0.0987844363334065
-0.06060606060606055,-0.028847280499919137,-0.06796081553523803,-0.08006971719816602,-0.0873031510828699
-0.07082876962395035,-0.042202722255679004,-0.07729251871408871,-0.08597040624159269,-0.10196298572374674
-0.0759401241328953,-0.04222990962955819,-0.08351905892436895,-0.08752732815421527,-0.10109381872769474
-0.07228915662650603,-0.040344827586206944,-0.08064254976500318,-0.09025382107853719,-0.09472290890800972
-0.07813070463672878,-0.0491017526763754,-0.08506414001193685,-0.10682032466447922,-0.11609288710785659
-0.09711573566995257,-0.06020555757722168,-0.10435312522316276,-0.11282956263635091,-0.129964288329242
-0.09054399415845193,-0.06250700196428438,-0.09478543556089447,-0.10368791380093012,-0.11915032869146613
-0.10441767068273089,-0.07364816739468993,-0.11077122248766569,-0.1151908123867984,-0.12168251513002959
-0.08798831690397957,-0.06040620708804256,-0.09460572796327849,-0.10144854378995771,-0.1041127861140384
-0.0752099306316174,-0.049142437464898214,-0.08158424761161864,-0.1037682917582835,-0.1162621695731969
-0.07703541438481198,-0.046223166326664344,-0.08362246375369187,-0.09071520671822142,-0.0993776569351299
-0.08178167214311793,-0.058896992213406274,-0.08639310711709292,-0.08568688259362067,-0.09317466218768711
-0.0839722526469514,-0.05393412460766989,-0.09031490202782144,-0.09918197175731092,-0.11304267685782798
-0.0657174151150054,-0.03632284146021669,-0.07187895758578389,-0.08251102483886774,-0.09071173627782259
-0.07155896312522825,-0.04136650724527868,-0.07802168472118376,-0.09705807329308724,-0.11875075734663687
-0.050383351588170866,-0.02116465342221685,-0.05710535102735559,-0.07766540756579077,-0.09932974901571268
-0.08689302665206289,-0.04996394822981076,-0.09602830676532326,-0.10110200920354595,-0.10712280228803994
-0.07447973713033951,-0.043015187049829984,-0.08078464994492751,-0.09012272299483104,-0.10458346256886397
-0.0653523183643665,-0.03540814071389786,-0.0719841421207531,-0.09109611055810096,-0.10213796093138805
-0.07740051113545088,-0.04952527503645299,-0.08372727955847137,-0.10803269821837469,-0.12459528402753994
-0.07009857612267245,-0.03982762847135224,-0.07934017500921375,-0.0950245530263979,-0.0944565255159846
-0.05768528660094918,-0.03751434855699798,-0.06123715064066482,-0.07425910653657075,-0.10243228520168779
-0.10003650967506394,-0.06915527610716243,-0.10560571286634901,-0.12222169740936861,-0.12699749671615068
-0.07922599488864546,-0.0469343919870322,-0.0868893172930163,-0.09666510755202884,-0.11076983389970563
-0.08214676889375683,-0.04850172877449099,-0.09044284990462681,-0.09833534347510142,-0.10089806638129428
-0.05732018985031029,-0.029880780346820734,-0.06501854861720435,-0.0897610570627766,-0.09227450785677982
-0.07082876962395035,-0.04220821111073647,-0.07659699524017816,-0.08533246603685607,-0.09821731722931282
-0.09346476816356342,-0.06051798016546672,-0.09991823250612342,-0.11225470405573146,-0.1250081063265278
-0.08178167214311793,-0.04991857865421079,-0.08900022598336621,-0.10157956085280795,-0.12142727152391264
-0.09054399415845193,-0.058502541522808205,-0.09778945629114166,-0.11460609825262646,-0.12115411590177338
-0.07228915662650603,-0.04991478488155754,-0.07675495285092926,-0.08644133080632288,-0.09570276930239541
-0.05257393209200434,-0.02509890170311624,-0.059064312835861,-0.06750512877119497,-0.07629313031869511
-0.08287696239503473,-0.048213005306011913,-0.09265100871756404,-0.11223774068153347,-0.11556366082395386
-0.07849580138736756,-0.04980654845209176,-0.08377316752340969,-0.09186983186069642,-0.1105562670048601
-0.07886089813800656,-0.051521544213133263,-0.08517861749993005,-0.09577460691637574,-0.10356972100312023
-0.06900328587075577,-0.03727847457467559,-0.07469931743627589,-0.08512128969080579,-0.1015961046294015
-0.06863818912011688,-0.04228122369998644,-0.07464327129427684,-0.08571884151032039,-0.10239687431148015
-0.08616283315078499,-0.05262486295263957,-0.09379681284963381,-0.09881092846713746,-0.10749659881824813
-0.0755750273822563,-0.047236178634548986,-0.08104654207629114,-0.08827939132941265,-0.10025368860891326
-0.07301935012778382,-0.043520318062344576,-0.07993855759384194,-0.08754222718224058,-0.09610557885490834
-0.09638554216867468,-0.06469693201839655,-0.10303044532825711,-0.1176072816263446,-0.13206837474675326
-0.06681270536692219,-0.037375796654451676,-0.07318954091148855,-0.08196505190125603,-0.07837913773913696
-0.07192405987586703,-0.041747594742309935,-0.07860931686352912,-0.0932431980891486,-0.11385269012654331
-0.08397225264695152,-0.04867809510561083,-0.08902094193767007,-0.10839902031037751,-0.12521896774886
-0.08178167214311793,-0.04764032801415974,-0.08760836718979159,-0.09502040641206477,-0.10674450994248785
-0.07995618838992335,-0.05026012375013034,-0.08637449721940205,-0.09810945380636427,-0.11122334208792717
-0.08835341365461846,-0.059844526127845854,-0.09292381138739292,-0.11419779822557596,-0.1408281606988402
-0.06936838262139466,-0.04174943267153419,-0.07536869507615518,-0.08557144580701292,-0.10414003258419358
-0.06973347937203356,-0.035259002303070885,-0.07867667548468749,-0.09865953957135942,-0.1025335223336814
-0.09200438116100773,-0.062468568775914335,-0.098550291942895,-0.10913035780409797,-0.10924578482679548
-0.07703541438481187,-0.04496342718580315,-0.08333014696398511,-0.09558824320037862,-0.10977390652725683
-0.0657174151150054,-0.03923762617329507,-0.0713636668939841,-0.09385793832804401,-0.11055115112607405
-0.06462212486308883,-0.03685368338324635,-0.07010175191175383,-0.08046769868238901,-0.09801621782485714
-0.07995618838992335,-0.05349477654516921,-0.0854544577383326,-0.09745147959480627,-0.10486608638579897
-0.08287696239503473,-0.048827191029763406,-0.0890877599471307,-0.09952712290945875,-0.11880058933087212
-0.07922599488864557,-0.049466578101912684,-0.08500911311774295,-0.10426121591268511,-0.12121215072627589
-0.09711573566995257,-0.06301215314967934,-0.10172068225914732,-0.10600622273543747,-0.1271555292592469
-0.06024096385542166,-0.03532778387560109,-0.06511829129497215,-0.07196857102692511,-0.09207431232721919
-0.07301935012778393,-0.04047846454723236,-0.07974925147321676,-0.08742345977939203,-0.10934778422993785
-0.0748448338809784,-0.0453185151682145,-0.0819381662025569,-0.09672075293082572,-0.10671386628760404
-0.06389193136181093,-0.03625978612260139,-0.06998268270561969,-0.08641190976952817,-0.10083277530909829
-0.08214676889375683,-0.0493499040987011,-0.08849466072378087,-0.09596575044850075,-0.10110376050930858
-0.0847024461482293,-0.053886137127677536,-0.09089433288450599,-0.1065327071315314,-0.1264295938123966
-0.0558598028477546,-0.02426388399845114,-0.06354783892840965,-0.08161476088569619,-0.09709573011607864
-0.07228915662650603,-0.04346491924009499,-0.07912229583814534,-0.09318470583168237,-0.10361083561079065
-0.08835341365461857,-0.053959311205320826,-0.09665661874113496,-0.10245857945153103,-0.10601126400858552
-0.07338444687842272,-0.04491691529726316,-0.08139072091901145,-0.10163135190862471,-0.12119271787321428
-0.08251186564439572,-0.054750026821156594,-0.08815416581910684,-0.10219501665493169,-0.11106871133714669
-0.05439941584519903,-0.021910113911323692,-0.06023630515441203,-0.0801221472195437,-0.10987467055596134
-0.08287696239503461,-0.05101660573731748,-0.09071549551397196,-0.10356133652580946,-0.11475000070122476
-0.07594012413289519,-0.04841501047462826,-0.08137674377929383,-0.09939522087468633,-0.11828653827264235
-0.06681270536692219,-0.03645784255101414,-0.07386444587482843,-0.08924181740621673,-0.09635886312219644
-0.0854326396495072,-0.05094097247439899,-0.09212311210189306,-0.11015104004467313,-0.11966092934609673
-0.08068638189120114,-0.05230033954656388,-0.08686822992537646,-0.10031790526208395,-0.10187906172766703
-0.056224899598393496,-0.024971338101217433,-0.062233129304296364,-0.08510501472649867,-0.10382242520848961
-0.056955093099671394,-0.01948444415256312,-0.06423818961572736,-0.07923185962350066,-0.09362429009500373
-0.07447973713033951,-0.04701707802840993,-0.08075221333769167,-0.08986304831754299,-0.09957568040025189
-0.08616283315078499,-0.05358755962180528,-0.09169712926349582,-0.10300376629668206,-0.12117561363041618
-0.06243154435925513,-0.036144213777838274,-0.0693182206855647,-0.09011537354985377,-0.10442509135186795
-0.08251186564439572,-0.05723388427078957,-0.08737914210945086,-0.09254780122444362,-0.10028878840057043
-0.07447973713033951,-0.0422057481244017,-0.08149093110739791,-0.0984498015887948,-0.1209019873305941
-0.08214676889375683,-0.0528754771411829,-0.08820028655086887,-0.10116972397942248,-0.10848819017493105
-0.07813070463672867,-0.04671046224205011,-0.08292175492772613,-0.10173231261005466,-0.1252089477950391
-0.06936838262139466,-0.04002356965801679,-0.07653735673278939,-0.08950554308644487,-0.09794073994239261
-0.07922599488864557,-0.04820266403045681,-0.08546739598193087,-0.08957501678979185,-0.09929094589594178
-0.09382986491420231,-0.06043441708655917,-0.10152708533359034,-0.11055437500670773,-0.107874278526505
-0.07155896312522825,-0.03903766210895532,-0.08014386078090241,-0.09954557229826,-0.1091954868154772
-0.08616283315078499,-0.05341541215633183,-0.0951252065184981,-0.10946727149141044,-0.10887277046700461
-0.0752099306316174,-0.042331880907039765,-0.08249328824480007,-0.09862525842019121,-0.11700502920645062
-0.08652792990142388,-0.05942654681391846,-0.09150328561740806,-0.09714825345422218,-0.11291296496678727
-0.08433734939759041,-0.05400064269056137,-0.09259686616368801,-0.10071310318990767,-0.10833247827076187
-0.05549470609711582,-0.024017823782572,-0.06277791000616417,-0.07632144241536731,-0.09098337768739184
-0.07703541438481198,-0.04346889142012744,-0.08749502176766943,-0.10286096450944437,-0.10584562379906015
-0.07228915662650603,-0.04372287930394647,-0.07725079220945341,-0.09674665789580816,-0.11161861156555719
-0.07813070463672867,-0.04518433452113557,-0.08313391831429051,-0.08387979076755958,-0.0906835799077359
-0.08762322015334068,-0.05864111234791303,-0.09408201751671308,-0.10412762834074529,-0.11017563019244558
-0.08287696239503473,-0.04991418720791818,-0.09103297939606103,-0.10571645946366248,-0.10546276825555767
-0.07265425337714493,-0.04294917263425868,-0.08020852641445597,-0.09308990736489586,-0.10150564007159268
-0.058050383351588186,-0.02348956350230358,-0.06520118211315784,-0.08549147078576225,-0.10213439192673635
-0.08032128514056225,-0.051133691778139534,-0.08665481075052628,-0.10318143334794527,-0.12869004210626134
-0.09967141292442505,-0.06942627258437739,-0.10377982402010977,-0.1144022352222871,-0.12890863245027884
-0.07228915662650603,-0.04046986157638133,-0.07937814110306796,-0.09771745613411809,-0.11900697657618708
-0.06827309236947787,-0.03461488857362682,-0.07578850644495283,-0.09542429998819457,-0.11300995501046773
-0.0752099306316174,-0.048584353091309485,-0.08039361561177127,-0.09331608024029192,-0.11640877745213207
-0.0755750273822563,-0.046579654723307495,-0.0818773874090678,-0.09319725699311032,-0.11094526575210506
-0.09236947791164662,-0.061224452077517255,-0.09753613899724733,-0.1098490199729868,-0.13167559280976793
-0.08178167214311793,-0.05031829089362427,-0.08873409791608233,-0.1026249795327433,-0.1175435736728998
-0.07338444687842283,-0.039252499832732934,-0.08237070856990081,-0.09200209166039264,-0.09494245264940238
-0.0565899963490325,-0.022240519790540203,-0.06395658233200663,-0.07803320061531949,-0.09260074697643317
-0.046367287331142704,-0.01794044654596194,-0.05300064579330788,-0.0647169373800125,-0.08240773202758567
-0.07119386637458924,-0.0388008885291794,-0.07905085307583315,-0.09662645038139106,-0.11285108974575142
-0.0847024461482293,-0.054186763347497724,-0.09104098241417324,-0.10218479317362905,-0.1164038559046029
-0.0934647681635633,-0.06691750877394465,-0.09906753656849521,-0.11911320333070996,-0.13343716994669708
-0.10441767068273089,-0.07314307882284798,-0.11007013076715821,-0.11182214454765294,-0.1206800346802952
-0.07703541438481198,-0.04783267159629001,-0.0819225027371463,-0.09486606664523722,-0.1094539894245442
-0.07192405987586714,-0.04397212478456025,-0.07622566545319243,-0.08017269901502999,-0.10106510864823448
-0.07447973713033962,-0.04624609058517082,-0.0812283862780705,-0.08999422520616551,-0.09553480579433271
-0.09748083242059147,-0.0657194026817507,-0.1060554557092046,-0.11653286624823644,-0.11721060879146805
-0.07046367287331146,-0.04687213989284367,-0.07553314056898863,-0.0975376646921906,-0.11100467185019736
-0.06790799561883898,-0.034516819910638485,-0.07590034828623637,-0.08968427279569102,-0.10044191051331752
-0.07703541438481198,-0.04009374684829048,-0.0839884875173652,-0.08838428003824095,-0.10702000810093892
-0.07301935012778382,-0.04337924930232817,-0.08042003315754309,-0.08564051862667166,-0.08871820488372473
-0.07265425337714493,-0.04394348725865471,-0.07923756854811326,-0.08618115461181153,-0.09921843347642012
-0.08251186564439583,-0.05224256493364288,-0.08954268849157498,-0.11907525039465094,-0.12587106771994117
-0.08798831690397957,-0.05969895930232172,-0.09343148142200175,-0.10050515291376194,-0.12146461154763655
-0.08068638189120114,-0.04469519024315305,-0.087295933864449,-0.10485168480272,-0.1184827973177851
-0.10003650967506383,-0.06328470127635144,-0.10759399391622693,-0.1135935360145851,-0.12014452688118127
-0.08214676889375694,-0.05389058043097672,-0.08780622225719048,-0.10290906645143938,-0.11828972279475158
-0.08032128514056225,-0.05317414957346378,-0.0862545345366037,-0.09519674559388613,-0.10259008842645279
-0.08287696239503473,-0.053106288006353974,-0.08928777666125398,-0.09954046579471343,-0.10767448584834827
-0.07703541438481198,-0.04534589374643949,-0.08263825882767328,-0.09128362748457841,-0.10638923661284516
-0.06973347937203356,-0.04034516185065018,-0.07580595855238736,-0.09281281032770594,-0.10518258425698479
-0.06498722161372772,-0.03737117368315557,-0.07173299299074265,-0.09554434819681012,-0.1109439368203009
-0.07703541438481198,-0.04691847488417944,-0.08558240136798734,-0.10906111044672273,-0.12062796035347145
-0.08652792990142377,-0.05364709152734004,-0.09159794442286961,-0.09751104510462794,-0.11355594221712895
-0.09565534866739678,-0.06065531197473595,-0.10156554010524166,-0.11523758781699789,-0.1232094916251738
-0.06389193136181082,-0.03707365815101493,-0.07118291060561521,-0.08521426119759323,-0.08495167727836384
-0.07703541438481198,-0.04583900462704715,-0.08288296415879282,-0.09469923596558028,-0.11122167257602278
-0.07155896312522825,-0.04062006160439269,-0.07816336429204074,-0.09791238748669207,-0.11160785446557053
-0.0755750273822563,-0.04500607699520898,-0.07974793255579726,-0.10237798318338243,-0.12222872441256682
-0.05439941584519903,-0.025397902788764748,-0.06058656382503014,-0.08011775114907249,-0.10776226554735646
-0.07594012413289519,-0.04399918217133514,-0.08475584752772392,-0.09828966505331016,-0.10935555840206646
-0.06389193136181082,-0.03653407749157167,-0.06865539177339763,-0.09135076248051166,-0.11483754678292801
-0.06279664110989414,-0.030803618840095748,-0.07203572478445541,-0.09276323286035981,-0.10165747947491255
-0.06279664110989402,-0.033829523381974536,-0.06913279335900102,-0.08866387159706357,-0.11582408335302641
-0.07484483388097851,-0.044223753029723145,-0.08332399394886814,-0.08469640543602575,-0.09243320685016665
-0.09236947791164662,-0.05948225054277112,-0.09947585070618747,-0.09518652045035081,-0.09908919866717869
-0.06936838262139466,-0.03507409726570654,-0.07764215409817754,-0.09968854983202691,-0.10686320388586401
-0.0839722526469514,-0.05403721284990892,-0.08882900775174318,-0.09734184177971072,-0.11346227879821258
-0.07776560788608988,-0.048033805857065515,-0.08333568742561026,-0.10101532205483676,-0.11658806103773722
-0.056224899598393496,-0.029398962506146042,-0.0628112343760806,-0.08005533576369073,-0.09379861635029418
-0.09236947791164662,-0.05967210786772148,-0.09901194222874565,-0.11490879785090646,-0.12023966156609744
-0.07119386637458935,-0.040657859801519924,-0.07866444596566435,-0.09973352209076536,-0.10692164371600843
-0.06133625410733845,-0.035227534969945795,-0.06854125804740274,-0.08958978811145168,-0.1001109954425039
-0.08908360715589625,-0.059903437458423525,-0.09576279668158993,-0.0995705537321836,-0.10874007985520273
-0.08616283315078499,-0.05859835993865392,-0.09175292980417693,-0.10230019648566413,-0.10289617144137742
-0.05001825483753197,-0.02037802018465895,-0.05768385784789554,-0.07203257420248166,-0.09265682434866973
-0.055129609346476816,-0.02489489341272222,-0.0614926929365982,-0.07660434255545012,-0.087108894492681
-0.061701350857977344,-0.028551680793556078,-0.07116969832219566,-0.08297676963054135,-0.10358339707755593
-0.07667031763417309,-0.047260031383173806,-0.08241263920068276,-0.0934895525277184,-0.1065200636553777
-0.07813070463672878,-0.046732985042582165,-0.08470812213550105,-0.10025773473231092,-0.11876097636666139
-0.07228915662650603,-0.04507055964031159,-0.07762707775606026,-0.0966222011556519,-0.11505788330472921
-0.08324205914567362,-0.053759311813187605,-0.08983617493919205,-0.10832107625251208,-0.1289167687783268
-0.09894121942314715,-0.06478193380401587,-0.10622061835021612,-0.11634785460449559,-0.13795992466867335
-0.08324205914567362,-0.053040062667086385,-0.09077413392858791,-0.11162766294641169,-0.11872505520341747
-0.07301935012778382,-0.04620288164472808,-0.0795219323188443,-0.08835004972266536,-0.09809088987997805
-0.05549470609711571,-0.025740901683928286,-0.06175450515956138,-0.07504775749293036,-0.08626624437703001
-0.06900328587075577,-0.038693559006209854,-0.07517962824640145,-0.08700618178305819,-0.09484771016632743
-0.07265425337714493,-0.047552447552447585,-0.0773630544029027,-0.08767078969543762,-0.10992775499366103
-0.0660825118656444,-0.040703230229877096,-0.07135851160379159,-0.07709913483421604,-0.08128873133392223
-0.08068638189120114,-0.049640400406402496,-0.08743952055448045,-0.09389806254764066,-0.1091031730175459
-0.06863818912011688,-0.03725603868338556,-0.07366522941023945,-0.08440857046415318,-0.09296665166284457
-0.06936838262139466,-0.04286794116163206,-0.07516126459877825,-0.08628824946264435,-0.10749607653382509
-0.08689302665206278,-0.05244782572630491,-0.0933404327725138,-0.10035406312961714,-0.11329082036182458
-0.06754289886820009,-0.035120064134003925,-0.0754841683366505,-0.08708250111412175,-0.0975059659665184
-0.07009857612267256,-0.04747178780413697,-0.07401823105128147,-0.08165947510352745,-0.09429350314295393
-0.05914567360350498,-0.03464587833516364,-0.06421877298825596,-0.09615463191453888,-0.12775069741656409
-0.08871851040525736,-0.05884492149260079,-0.09424297225900213,-0.11265466290370463,-0.13598504289770352
-0.10587805768528669,-0.0760965557845158,-0.11125201357885195,-0.10620022417556485,-0.1089690759797437
-0.06060606060606055,-0.029858762751811874,-0.0676999022724204,-0.10041969330104916,-0.11600651852871713
-0.07228915662650603,-0.041220745599227504,-0.07834706337029851,-0.09300107631999432,-0.10256138227860856
-0.07594012413289519,-0.04662328922806536,-0.08199444467899941,-0.0998794266233326,-0.11423696321369459
-0.07630522088353409,-0.043635690350657286,-0.08419212161659062,-0.11010729787291407,-0.11399919581683637
-0.0755750273822563,-0.042931806445388965,-0.08189364639511021,-0.077337704530687,-0.0965125788626422
-0.04819277108433728,-0.020226417377428363,-0.055585334501813466,-0.07455357480914615,-0.09013199117095816
-0.10259218692953631,-0.06898878064066716,-0.10982714147057226,-0.11126631277457155,-0.12077766502528897
-0.08433734939759041,-0.0563522131027997,-0.08910143851907204,-0.11013675329174233,-0.13361521998030568
-0.06024096385542166,-0.03164111239458822,-0.06756327829542597,-0.08460705529092816,-0.0974390730335839
-0.08214676889375683,-0.048643685091581346,-0.08870172104272522,-0.10494215291750508,-0.12064927641029854
-0.07667031763417309,-0.04756911605158609,-0.08253083826903285,-0.08808911421090437,-0.0948799475494162
-0.05184373859072655,-0.02362881587149579,-0.05748331478608393,-0.08827991370344601,-0.11212460458383122
-0.07009857612267245,-0.041096684547393014,-0.07568679356599395,-0.08802618151068964,-0.10630287633071756
-0.07374954362906172,-0.04135796389830748,-0.08038591224294889,-0.09590394553932247,-0.10749855294294375
-0.0843373493975903,-0.05068465518720888,-0.09157911566608312,-0.10971814151342252,-0.1138989928245473
-0.0843373493975903,-0.05471990944484062,-0.08999518381131522,-0.09215705442912048,-0.10124136395395145
-0.0752099306316174,-0.04941905484395992,-0.08115041683123736,-0.10433923294290204,-0.11333875913655533
-0.05293902884264323,-0.022077103164221512,-0.059600972311918854,-0.07901067836155395,-0.10446214964532297
-0.07338444687842283,-0.04598605966521929,-0.07820468912593692,-0.09124209793206917,-0.11115180303363703
-0.0752099306316174,-0.0444612479395714,-0.08187937439233872,-0.09749780169457645,-0.09536082984545236
-0.0755750273822563,-0.041487924157132205,-0.08465716742177254,-0.09902465895466761,-0.1179357608774595
-0.08543263964950709,-0.05073104683285834,-0.09072140237222293,-0.09263371927925801,-0.09921190116894985
-0.07082876962395035,-0.03646311361424004,-0.07955325036361427,-0.10628706133955468,-0.11772776885582192
-0.0660825118656444,-0.03958549408769463,-0.07227791915140824,-0.07975738272653854,-0.09155043473244329
-0.08725812340270167,-0.05727812728526116,-0.09428077487257713,-0.10519427543726911,-0.10518552218200772
-0.08360715589631251,-0.05158758826252263,-0.09040635380808837,-0.10098275893615338,-0.10977322766603093
-0.10806863818912016,-0.07610983265935334,-0.11452784714673014,-0.12027126315958825,-0.13537285380171737
-0.06060606060606055,-0.02996709536893627,-0.06911307950176027,-0.09684851594782184,-0.10815188360700279
-0.055129609346476816,-0.026459974587039414,-0.06168035571951869,-0.076193208301085,-0.0830390513419651
-0.061701350857977344,-0.03090435263616831,-0.06810479417319015,-0.07765205964385324,-0.08993337306971894
-0.08068638189120114,-0.052405281515267466,-0.085759382684652,-0.09692421154258746,-0.1190674554959249
-0.0949251551661191,-0.06841912352969626,-0.09898614677264705,-0.10023641396664262,-0.11083569815369299
-0.07411464037970061,-0.04622800394912596,-0.0789452975640309,-0.08993043894389074,-0.11202736244394218
-0.05439941584519903,-0.024507219703017835,-0.06035429978636553,-0.07572894560107468,-0.09165801971403165
-0.0755750273822563,-0.044150604769360835,-0.083444577180954,-0.09174507319440328,-0.10085432021665108
-0.05732018985031029,-0.03119341973247347,-0.06256178747155827,-0.0728699142296344,-0.08404267712490388
-0.08871851040525736,-0.05730806979839076,-0.0961497012606416,-0.11048655747736957,-0.11726696980494944
-0.08360715589631251,-0.05164979090124888,-0.08847752521288876,-0.10070301228194656,-0.12531875325490927
-0.05147864184008766,-0.025018286067950313,-0.057702953343025,-0.06285656071719647,-0.07185697750807551
-0.07411464037970061,-0.04247802767629438,-0.08056784503922332,-0.08570858367069778,-0.09526351121268095
-0.07338444687842272,-0.03541675260137944,-0.08326765976206674,-0.10280020765814823,-0.11802515353592802
-0.0763052208835342,-0.04681068369950092,-0.08211728994015455,-0.09361350077953534,-0.10330599527350681
-0.06243154435925524,-0.03296867912140722,-0.06894172219904615,-0.08617862160352519,-0.10365244100695814
-0.055129609346476816,-0.03252791385321496,-0.06013623665538881,-0.0744860475121003,-0.09364242274374346
-0.06133625410733845,-0.03143259184477831,-0.06912454055539419,-0.08773570637642791,-0.09168226737960283
-0.08543263964950709,-0.05223691275043951,-0.09116562494273428,-0.11095324607593904,-0.131496260143376
-0.07849580138736767,-0.04799413714418954,-0.08513681656751282,-0.10097444664871003,-0.10656127631653267
-0.0664476086162833,-0.03490188816781492,-0.07356860324260339,-0.09286001039694602,-0.10033460481410428
-0.07374954362906161,-0.048819885551412256,-0.07944718275974516,-0.09223439848712589,-0.09342080777887152
-0.09273457466228552,-0.054257469103981215,-0.10014737907607874,-0.10898107663072432,-0.11910361292097338
-0.08032128514056225,-0.051845204723384164,-0.0870427663628538,-0.09780581181952375,-0.10270677605436451
-0.06316173786053303,-0.0390958975083604,-0.06656255386039289,-0.07663186384932308,-0.09067773121746892
-0.08178167214311793,-0.052379608059223925,-0.08734076350369879,-0.09579476052716174,-0.11735449639165729
-0.06425702811244982,-0.03468253968253965,-0.0710344358769992,-0.08790054450997331,-0.09419916703881948
-0.043446513326031444,-0.013367023518340737,-0.05203003107336157,-0.07931005707077177,-0.08870164633982691
-0.07046367287331146,-0.042728259348233544,-0.07533152202350868,-0.08371070972175987,-0.09640128782468638
-0.08032128514056225,-0.049407377705848576,-0.08559761431370283,-0.08527408281484661,-0.09481158273779133
-0.0857977364001461,-0.057233778408595004,-0.0920169002813569,-0.09750705271771898,-0.11073580264702687
-0.08725812340270167,-0.057814704295308106,-0.09435405346218728,-0.0990638067180426,-0.10505472587931641
-0.06681270536692219,-0.04020778480159992,-0.07316944064965392,-0.08024000241262574,-0.08736157949295653
-0.0565899963490325,-0.02798618342969572,-0.0629984639171749,-0.09091526417563256,-0.11635566885654369
-0.08068638189120114,-0.04981803067354684,-0.08696033723250773,-0.09618431710441822,-0.10751024245545926
-0.08141657539247904,-0.04714606391973608,-0.08748553149934091,-0.09555427159067198,-0.11097843181233213
-0.08689302665206278,-0.060039356317982295,-0.09297496785130255,-0.10496886204944333,-0.1064754435417441
-0.09419496166484109,-0.0565640023673053,-0.10191668237647333,-0.10935817654251145,-0.12352344579952168
-0.10149689667761963,-0.07137608695379805,-0.10690349118371612,-0.11398817983385257,-0.13055143727611307
-0.07667031763417309,-0.04049519842647231,-0.08640078460366496,-0.09712996298362153,-0.09978868227570414
-0.07046367287331134,-0.04048973832566116,-0.07754777329839135,-0.0978154120472785,-0.11038788110911679
-0.08032128514056225,-0.047682651329419734,-0.08811830324048775,-0.1033323488769653,-0.11678359166587415
-0.07995618838992335,-0.0505498072311974,-0.08479700431302273,-0.08538450666372577,-0.10420467750747153
-0.0752099306316174,-0.0427224130496201,-0.08053371181582036,-0.09550985667413103,-0.09354805938353261
-0.08543263964950709,-0.05386513454126285,-0.09172536645763629,-0.09681314088514126,-0.10345662076806972
-0.07119386637458924,-0.03931715716477491,-0.07901679864757916,-0.10623400276971007,-0.11934638234682182
-0.08689302665206278,-0.05134213833347134,-0.09296514300845615,-0.11107685477505913,-0.12145678286653494
-0.05549470609711571,-0.025052002711040133,-0.06137076820190912,-0.07573112096089418,-0.09229064013014321
-0.0748448338809784,-0.049455534703923054,-0.08101962432761078,-0.08069295867704362,-0.09451754674098034
-0.08178167214311793,-0.04991223464901817,-0.08892000101573838,-0.10556034831369798,-0.11297781752867797
-0.07374954362906172,-0.042917728666796884,-0.07946927497538803,-0.09450721740109247,-0.11878012136342675
-0.08178167214311793,-0.04726161938457141,-0.09140332949737706,-0.1061160711865693,-0.11382840418872442
-0.08214676889375683,-0.05595247713273177,-0.08810532495764878,-0.10807797380916861,-0.12159366901500535
-0.0847024461482293,-0.05163183979925501,-0.09148087855504783,-0.1081769059098695,-0.12666387273346857
-0.06900328587075577,-0.038914760576058804,-0.07423180967882326,-0.09674425871125414,-0.111751605410074
-0.08032128514056225,-0.05608243861655027,-0.08500759210906816,-0.08908288934282949,-0.09996876950742772
-0.05147864184008755,-0.02655127804185764,-0.05633245475617321,-0.07548979776092435,-0.0925593003819366
-0.06024096385542177,-0.031773994070231404,-0.06531153232765674,-0.07472540707197217,-0.08652651498238606
-0.08360715589631251,-0.0580924368915694,-0.08911278986868687,-0.10967630054056154,-0.12626032155910905
-0.09638554216867479,-0.062013547764843135,-0.10177466299912186,-0.10468930708435864,-0.11230140554329404
-0.07922599488864546,-0.04846937923767336,-0.08577042122429157,-0.09801855608143639,-0.10869379640978294
-0.09565534866739689,-0.06317785824532851,-0.10349782840371846,-0.11128429903133452,-0.12723942821158518
-0.06863818912011688,-0.04392462638076666,-0.0730582036013423,-0.0855818972442084,-0.10265293703869671
-0.1029572836801752,-0.06366990013755647,-0.11147159278924434,-0.12257133662304232,-0.1372866499278238
-0.09163928441036873,-0.05976525932704346,-0.09901834569950729,-0.10396710508547835,-0.11849650868228545
-0.07447973713033951,-0.04152286024747831,-0.08188744351587851,-0.10560845026554755,-0.1221445774663249
-0.0752099306316173,-0.045049877370574865,-0.08139779891803112,-0.09830135938517193,-0.12123753656925496
-0.0934647681635633,-0.06497946633573881,-0.09953796307556062,-0.10817861903435044,-0.11896828443196006
-0.06790799561883898,-0.03560076004958679,-0.07297934084165525,-0.0819215069467849,-0.10211872957982249
-0.061701350857977344,-0.03291576416182296,-0.06792921039391653,-0.09172180825603804,-0.10605032489788924
-0.0748448338809784,-0.039267472969686246,-0.08309946449576211,-0.1040925171093654,-0.11830502467315851
-0.08981380065717415,-0.05341147786946743,-0.09550125814451116,-0.10895696400207511,-0.11466084316480463
-0.06097115735669956,-0.03383556227084683,-0.06772691406645115,-0.09105906566023902,-0.10543953536461803
-0.05914567360350487,-0.03407316539038807,-0.06446871455422909,-0.08403774559383681,-0.09240480367505477
-0.08543263964950709,-0.056785742408391404,-0.09237505490468922,-0.11694675231669704,-0.12399476374564466
-0.06900328587075577,-0.03894594890744563,-0.07654885757626972,-0.10363052386157445,-0.11365553931154082
-0.059875867104782765,-0.03649379699495936,-0.0651635557734791,-0.08784393907557353,-0.10794183055319562
-0.09930631617378605,-0.06685333174084407,-0.10552607722523,-0.10861102952683743,-0.11789584808480758
-0.07667031763417309,-0.050262015338351285,-0.08217969351848253,-0.08749238868621989,-0.10752787485405468
-0.08652792990142388,-0.05539960074712735,-0.09464466726893694,-0.10601069351990877,-0.10857644280535839
-0.05147864184008766,-0.01988697437045195,-0.05778323581052047,-0.0761489728695709,-0.08552421749880823
-0.07338444687842283,-0.046040307528980695,-0.07829701099806641,-0.09280598211625068,-0.1091474805654099
-0.08324205914567362,-0.04941128213034107,-0.08934087406862112,-0.10558277921398651,-0.11675342585704485
-0.07849580138736767,-0.05227396716758426,-0.0836460150371614,-0.1045146310070646,-0.12154361485847942
-0.09675063891931357,-0.06556584560755885,-0.10315093463435987,-0.10684879977699313,-0.11854663627995499
-0.06462212486308871,-0.03906410523369097,-0.06901186511737589,-0.0718799105442961,-0.07747886063671194
-0.07776560788608977,-0.04535454059470467,-0.08472851098582113,-0.09650843943181586,-0.10982026515676502
-0.08287696239503473,-0.052429883225637575,-0.0884224738497239,-0.09571316789626638,-0.1010611202571009
-0.0839722526469514,-0.05510571300044986,-0.09197835340095806,-0.09463107410937555,-0.10122103312448838
-0.07228915662650592,-0.03640139505389983,-0.07951305460489366,-0.08975202448175512,-0.10514759334233004
-0.08652792990142388,-0.0515988207095851,-0.09547604915813612,-0.10491083236441323,-0.1173594918749925
-0.06425702811244982,-0.03430980174170839,-0.06924055438726906,-0.08509654515078813,-0.09510600848508932
-0.04965315808689308,-0.01996666233370259,-0.055370222051645435,-0.07975593332289665,-0.1029392626732033
-0.07265425337714504,-0.045323970635174016,-0.07862473111242241,-0.094734304201889,-0.11660548986870312
-0.06827309236947787,-0.03739764495997899,-0.0768343388686128,-0.09403241994841294,-0.10060599838631579
-0.0660825118656444,-0.03569135622567765,-0.07428888154572999,-0.08171116856390581,-0.10090740831688305
-0.05878057685286597,-0.028941212406892736,-0.06587217869292439,-0.08287979272045787,-0.09331429759859966
-0.0653523183643665,-0.03206779949548888,-0.07435718730654428,-0.07874465467752323,-0.09031694370106069
-0.09419496166484109,-0.057524826292172815,-0.10240298451998975,-0.1190934638081883,-0.13063614424741743
-0.08251186564439572,-0.04807256175028374,-0.08986192109837243,-0.08969485937651012,-0.10641213108120673
-0.05768528660094918,-0.02606302794601678,-0.06464552406424784,-0.07499808931664276,-0.0881577079245669
-0.08105147864184015,-0.04871670915003956,-0.09024175305465254,-0.09790693205603662,-0.10038320531330114
-0.0664476086162834,-0.0359824830792419,-0.07335889053838085,-0.08862649923885013,-0.10110650878669347
-0.06754289886820009,-0.03360738332129953,-0.0765947712248849,-0.0878900745785991,-0.09915064253188366
-0.08908360715589625,-0.057998697084885587,-0.09511752058116951,-0.09771990989058144,-0.11565544438674524
-0.08689302665206278,-0.05599478338301722,-0.09499904688244809,-0.11385701438751838,-0.13274422373067685
-0.05330412559328224,-0.024030700922516468,-0.05789244684474826,-0.08267670649020709,-0.10599028707451585
-0.08068638189120125,-0.04452690166975881,-0.09067885157366162,-0.109542225166251,-0.12631782482471654
-0.07630522088353409,-0.045625497727502684,-0.08336107450607577,-0.0923589356482355,-0.09357410225830787
-0.08762322015334056,-0.05648109460466055,-0.09355051197668285,-0.10149992226993232,-0.1293920369907421
-0.06790799561883898,-0.035773248311567474,-0.07358509477572028,-0.08485002046295564,-0.10502599716110639
-0.07776560788608977,-0.046782057989371406,-0.08483107827469416,-0.09949616128010486,-0.096782833581466
-0.059875867104782765,-0.03303435998170845,-0.06449630917954985,-0.07707906571542933,-0.10177885576219803
-0.0854326396495072,-0.05083478177286227,-0.091465945270084,-0.10626806678072098,-0.11743845201052094
-0.08762322015334056,-0.0555796738870179,-0.09240498054423607,-0.1095233412502109,-0.14518551363754528
-0.06279664110989414,-0.037471558613659806,-0.06734624717100468,-0.0683809804762926,-0.0914015029158034
-0.08251186564439583,-0.05092345907821405,-0.09081139540846328,-0.11104749673534142,-0.12368736740877995
-0.09127418765972983,-0.06155469401776503,-0.09736613205561151,-0.10969312830752587,-0.11683026833296295
-0.08068638189120125,-0.05086206270785876,-0.08515835517412906,-0.08230342785048328,-0.08285493694344448
-0.08178167214311793,-0.051909861463737994,-0.08737128437461839,-0.10457699422685629,-0.11218526636808002
-0.10076670317634173,-0.06940203195015215,-0.10589138531930953,-0.10926229508196716,-0.12181667808364749
-0.0759401241328953,-0.04598863264643016,-0.08294688841671483,-0.1011717576472776,-0.10183349903475947
-0.05257393209200434,-0.028930691967645528,-0.05905148049668363,-0.07803531733958169,-0.09204391015483837
-0.0748448338809784,-0.04495735357633135,-0.08077206913109136,-0.10998827975892844,-0.1285726307167684
-0.08251186564439572,-0.05071672842018471,-0.08976533258518538,-0.09577962817559182,-0.10778910488903515
-0.08689302665206278,-0.05437161939022139,-0.09501437645197841,-0.11085253369373838,-0.1233905340115179
-0.0934647681635633,-0.06415029356775015,-0.09874283041413001,-0.11308268090982854,-0.13121537918593207
-0.07082876962395035,-0.041616059243529624,-0.07695492249773372,-0.09647824609255684,-0.10533967350772866
-0.07667031763417309,-0.04318637616848775,-0.08402063835486961,-0.09190488718978529,-0.0992177271937833
-0.07447973713033951,-0.04566387627874491,-0.07927715426726478,-0.09000862573946411,-0.10835995144606292
-0.05841548010222708,-0.030151697873690875,-0.06487888437527789,-0.08215718630686597,-0.10769965212371391
-0.04125593282219786,-0.011051442881027551,-0.050148981270951465,-0.07801014325946398,-0.09071402320227684
-0.07192405987586714,-0.04366005790516547,-0.07714367503318798,-0.08992187970054055,-0.10725207300584183
-0.07228915662650592,-0.03983543039851922,-0.0790134832566598,-0.09999527554320509,-0.10404046302784298
-0.07667031763417298,-0.05356560009265399,-0.08168973744057395,-0.10279368237700948,-0.11841094369724903
-0.06425702811244982,-0.03622395603180417,-0.07111252606120722,-0.09955166611950095,-0.11295045113082691
-0.0565899963490325,-0.02636418072713842,-0.06313464575742789,-0.08135803913696449,-0.10624384737159831
-0.10003650967506394,-0.06704124703938652,-0.10623207056785211,-0.11404100589399402,-0.13425738659166098
-0.08287696239503473,-0.051215723492905374,-0.08947357819117119,-0.09386249418908632,-0.0986129719708897
-0.06717780211756119,-0.04075737122882661,-0.07351345843099188,-0.09188862168825351,-0.0987710494410502
-0.07119386637458924,-0.04258971053314364,-0.07693550101504143,-0.09069586350080017,-0.10581019982853801
-0.07922599488864546,-0.0540628249049786,-0.0837375748565179,-0.09748402068151285,-0.11116963819427517
-0.06462212486308871,-0.03273437174902616,-0.07449024967850171,-0.07633993755925694,-0.08034888225320813
-0.07447973713033962,-0.04281857574623793,-0.08337431776402193,-0.09141994173720214,-0.09669608293429166
-0.048192771084337394,-0.019516259430681582,-0.054890181040613495,-0.0777010073875084,-0.10586773060250299
-0.07265425337714493,-0.04408106983210558,-0.0786942424643311,-0.08470424068057802,-0.08846454889399169
-0.06060606060606066,-0.03080379560078894,-0.06584797739037207,-0.08198703908983895,-0.09534018385424714
-0.07447973713033951,-0.04288329737805241,-0.0800293644543234,-0.09540557345239942,-0.10568781491689827
-0.08287696239503473,-0.05218055075469519,-0.09016875009412018,-0.10792549976253185,-0.11886882038631785
-0.06790799561883898,-0.039991370568869256,-0.07567183700480284,-0.08697590542774825,-0.08613281313450849
-0.07082876962395035,-0.03930316086842056,-0.07777076228815027,-0.08931005303309225,-0.10418137809543648
-0.0755750273822563,-0.045213286615276904,-0.08177961139197287,-0.100292883972392,-0.10467140354705273
-0.07338444687842283,-0.04244652742885957,-0.07902944151015556,-0.0929762792219283,-0.11731967786538311
-0.09200438116100773,-0.06111246314452412,-0.09792141460001458,-0.1028796906591729,-0.11985386801738529
-0.09090909090909094,-0.061159902557514245,-0.095372868459492,-0.10215752061659344,-0.12037372830184345
-0.0653523183643665,-0.03811779059449871,-0.07129547576523065,-0.07798798944103047,-0.10010835652203554
-0.05914567360350498,-0.0304995174052487,-0.0669400227876722,-0.09447564528882291,-0.10060891631676849
-0.08324205914567362,-0.052271617000488546,-0.0895060859858845,-0.10416807577968235,-0.11085552917411423
-0.07849580138736767,-0.04350569951405059,-0.08667646006175467,-0.10465875121047552,-0.11148256154290115
-0.056955093099671394,-0.0321534426700677,-0.06197174604604938,-0.06943743530715407,-0.08024396578268389
-0.07228915662650603,-0.044905665958401286,-0.07863057079344515,-0.09624160892890854,-0.11524170226973118
-0.09894121942314715,-0.06875559654261265,-0.1062157639784922,-0.11677289545466829,-0.12006530494662382
-0.09675063891931357,-0.06546959902025784,-0.1033758379639167,-0.10565643882073916,-0.10296150600415821
-0.10514786418400879,-0.0667291271643895,-0.1146494050317306,-0.1209865992474688,-0.12163108218592467
-0.07886089813800656,-0.04619225848974362,-0.08827852043574591,-0.10729123153457643,-0.11526904975509689
-0.058780576852866084,-0.02836521406936454,-0.06462007659171987,-0.07754432578376236,-0.10474541959320705
-0.08068638189120114,-0.05202020486425907,-0.08628350250013495,-0.098468804987072,-0.12078910433544987
-0.07411464037970061,-0.04391035358013917,-0.0805194684905689,-0.09283879963821184,-0.10053094036686205
-0.07301935012778382,-0.04421467723002881,-0.07944273906362243,-0.08936214852961155,-0.09492998781423212
-0.07228915662650603,-0.036214923407093536,-0.0802128127459748,-0.10405194958623987,-0.11933633473181415
-0.052208835341365445,-0.024766863343167134,-0.05811649292453269,-0.06892053645113949,-0.07872189169627031
-0.050383351588170866,-0.02023973665527834,-0.05473662255356404,-0.07044288682316657,-0.09255552874804174
-0.07447973713033951,-0.04380832358148057,-0.08200792471063689,-0.09908328325428761,-0.08793247134840543
-0.06900328587075577,-0.036680494157837695,-0.07528758715022221,-0.08559372517871333,-0.09837955506777485
-0.07192405987586714,-0.04071861926093334,-0.07842397331449225,-0.09158026040498146,-0.10389730117224938
-0.0839722526469514,-0.051031524268893014,-0.09256851276489475,-0.11300523769844273,-0.12268327199078399
-0.08068638189120114,-0.04702992793492855,-0.08832003479318329,-0.10935726214833064,-0.12112336126913614
-0.06243154435925513,-0.03223328431091421,-0.06957033753207376,-0.0814283743319889,-0.09741249968874988
-0.08287696239503461,-0.04968384507674173,-0.08941512528337348,-0.1056751441421594,-0.11205119104834405
-0.07740051113545088,-0.04399624648107603,-0.0857418930754652,-0.10400143356912162,-0.10905781177971141
-0.08105147864184015,-0.04520941335098716,-0.08846665069216186,-0.10817323697125247,-0.1147362455547688
-0.08689302665206278,-0.05466130341489006,-0.09319524941391066,-0.11418929427601476,-0.1440402387495585
-0.10879883169039795,-0.07603115721681764,-0.1158613504694197,-0.11729853992591976,-0.12480617465840604
-0.06827309236947798,-0.039033114571513816,-0.0766564221860031,-0.09403461059564111,-0.1068266527744074
-0.0763052208835342,-0.04363245959253026,-0.08420151528544217,-0.09364448713470719,-0.09661868540165819
-0.07301935012778382,-0.04211650627768415,-0.08180803898822941,-0.10318441198903938,-0.09479395033142324
-0.07009857612267245,-0.042834671355272524,-0.07469571589601953,-0.08127105193498296,-0.10138026319136384
-0.07192405987586703,-0.04257397937379914,-0.07830397560453528,-0.08607378228108975,-0.09317262648777869
-0.06133625410733845,-0.033650720668829126,-0.06942561451672236,-0.08853912733772096,-0.09290626046072692
-0.09127418765972983,-0.05807096313692983,-0.09700752474954322,-0.11097856767227965,-0.12748387376549697
-0.07995618838992335,-0.04641229019833115,-0.08846792647110635,-0.09750823091552319,-0.10705293022932794
-0.06498722161372772,-0.034285795727152735,-0.07173375811954297,-0.08817951585671413,-0.10400161811842434
-0.06462212486308871,-0.040514794999926385,-0.06826751629303884,-0.08117107173664961,-0.10471364045725073
-0.09273457466228552,-0.056412935318426505,-0.10090912601845581,-0.11072155450485899,-0.11121881076641627
-0.05147864184008766,-0.023335899246855973,-0.0577566655154893,-0.07175720388449691,-0.09059580507041898
-0.06498722161372772,-0.03563590556251206,-0.07097764041934007,-0.08539792704760685,-0.10043073636010802
-0.07009857612267256,-0.04584276180693747,-0.07619053108412888,-0.08657009628254397,-0.08961249245271452
-0.0934647681635633,-0.05979038695741068,-0.09867291473010065,-0.10769958801915136,-0.13093532577243872
-0.07228915662650603,-0.04177906933263531,-0.07888027231815542,-0.09029200502211987,-0.10021047165811925
-0.07703541438481198,-0.04578667392059965,-0.08384760413268699,-0.09843255216313718,-0.12109339845147937
-0.0660825118656444,-0.0372319265288783,-0.07189774990112219,-0.08910328193642858,-0.10521054961538656
-0.07447973713033951,-0.04411346610374289,-0.0810869762417612,-0.09359014693060619,-0.09904917036694982
-0.06352683461117203,-0.030212188213587732,-0.06896751203950235,-0.07648249025569365,-0.0973645509762271
-0.08251186564439572,-0.05378046038331474,-0.08799103635045469,-0.09214548103517473,-0.10310162936681733
-0.07082876962395035,-0.04103678360130636,-0.07769345811365058,-0.0900647400164194,-0.11092039355777505
-0.06900328587075577,-0.037349930062473,-0.07887370710245989,-0.09590360544313592,-0.10160470464652938
-0.0854326396495072,-0.05927855536499271,-0.09111796568106045,-0.09579534882721585,-0.11452556541358727
-0.07155896312522814,-0.04047216772861162,-0.07755930294099811,-0.09591386030960192,-0.11373074344840339
-0.0657174151150055,-0.034443410724637524,-0.07269039855125325,-0.08191166488687895,-0.08938726883113579
-0.07082876962395035,-0.0407493451778258,-0.07844815453067411,-0.08570435360886308,-0.09265900934933335
-0.07338444687842283,-0.042332594551517055,-0.08050095985335992,-0.10095585527973194,-0.11417688224807587
-0.07849580138736756,-0.04883404207389086,-0.08464060009043373,-0.09354562462547422,-0.10395078351952369
-0.05951077035414387,-0.02748632746217139,-0.06569666954285924,-0.07883416906595886,-0.09823202544176057
-0.07703541438481198,-0.04324171639443841,-0.0856558018902076,-0.10116982976349875,-0.10694274298075612
-0.08908360715589636,-0.054619497620025825,-0.09637611357213682,-0.11188074803213255,-0.13190030557979893
-0.07776560788608988,-0.040982032388076406,-0.08626402801821809,-0.09919743480672194,-0.10390131364491573
-0.06462212486308871,-0.034062626613416636,-0.0700520693347485,-0.08914252246136511,-0.1032513363390124
-0.07447973713033962,-0.04543302062270227,-0.08239942262367927,-0.09604005141354732,-0.10814192270609813
-0.07228915662650603,-0.04131748339628982,-0.07796917551428562,-0.1019439477174724,-0.11174885684301661
-0.07776560788608977,-0.05171707572092388,-0.08286251980433368,-0.08926752751239697,-0.11199630162770924
-0.07447973713033951,-0.044927893504252414,-0.08230029073853973,-0.09402913734260177,-0.09937909819930035
-0.08762322015334056,-0.05064616578779091,-0.09699505018149202,-0.10211492499857289,-0.11381086078888991
-0.09748083242059147,-0.06220459066833528,-0.1062391982851868,-0.12107977976920614,-0.13245932932621152
-0.06425702811244982,-0.03352499629751848,-0.07216454852644971,-0.08591432460945336,-0.10557970284313611
-0.05914567360350487,-0.02700646899140957,-0.06652267510553878,-0.08293901185012387,-0.0972027186889648
-0.08543263964950709,-0.056147667669346535,-0.09224355046592081,-0.11459472891031641,-0.11949905055019072
-0.08944870390653514,-0.05796324564109934,-0.09570008439872935,-0.09896532468508712,-0.10890136910721393
-0.07703541438481198,-0.047975596902547823,-0.0834701420827817,-0.09090752669670599,-0.10066491408252864
-0.07594012413289519,-0.04701875079109363,-0.0813674122273007,-0.084350344241102,-0.08932831223618165
-0.08835341365461846,-0.054569416974930784,-0.09499282765354955,-0.11894297518972974,-0.12373037742919046
-0.08579773640014599,-0.05748395085469793,-0.09121958942929886,-0.08918559302838602,-0.09942455873067424
-0.09127418765972983,-0.05912217490992466,-0.09757298210237098,-0.1158311477202787,-0.12675249394913368
-0.09492515516611899,-0.0660780017851742,-0.10019050943218721,-0.11715089912823162,-0.13176407870869788
-0.07849580138736767,-0.05136954952775186,-0.0830891570669422,-0.08513747129881888,-0.09057430534555955
-0.07886089813800656,-0.049674990278609776,-0.0856175547285789,-0.1049830538391745,-0.1084511325261901
-0.05184373859072644,-0.021904476812286022,-0.05809827514339849,-0.1009977131600176,-0.13153740461970986
-0.07009857612267245,-0.045474773516948064,-0.07512464161179788,-0.09016524161265471,-0.09860875794435608
-0.08032128514056225,-0.04698903329040316,-0.08762489958559327,-0.09175513776789701,-0.0989496515159275
-0.06790799561883898,-0.04295854981804759,-0.07411556726242507,-0.0873830898480612,-0.09636217215239462
-0.06717780211756119,-0.03500794313017386,-0.07452751663563939,-0.08733099285471968,-0.08906887456195178
-0.08032128514056225,-0.042833255191889186,-0.08796956822631175,-0.0982425920559794,-0.11547922218085338
-0.07374954362906172,-0.0417508761588975,-0.07972161148720747,-0.09005527535514957,-0.0971562305989353
-0.06900328587075566,-0.033705596894209044,-0.07435175110734749,-0.09758605325075831,-0.12941436920792682
-0.05257393209200445,-0.02532376383975654,-0.058680162488581544,-0.0858857952677834,-0.10476369570779231
-0.10003650967506383,-0.06698623865564313,-0.10671584050353744,-0.11599563470282359,-0.13018410068610808
-0.05257393209200434,-0.02411425033152592,-0.06038186533463574,-0.08557668340277036,-0.08200621083219828
-0.09565534866739678,-0.061899041192116866,-0.10204207781748931,-0.10240323985106892,-0.11433244545510302
-0.06681270536692219,-0.03865796122554621,-0.07331999839997061,-0.08802239184323335,-0.10520346712731865
-0.07594012413289519,-0.04470730967546255,-0.08258755121627193,-0.10132329279257957,-0.11105517271492082
-0.06389193136181093,-0.03201467466751695,-0.0695442599191658,-0.081538943949229,-0.10416710006201746
-0.06827309236947787,-0.03639539264002789,-0.07779665038828765,-0.09410489606794259,-0.10075921036721902
-0.07411464037970061,-0.04694393328700486,-0.07985105716623941,-0.07932981571731856,-0.09385937175982062
-0.0376049653158087,-0.010253364533716613,-0.04495304522428922,-0.06259776551411,-0.07714666130013714
-0.0748448338809784,-0.04199808650989467,-0.0818027063472625,-0.1043989524590796,-0.10936275902294845
-0.06754289886820009,-0.042496739677798434,-0.07383369630827419,-0.09961573334484708,-0.10431668944023076
-0.07813070463672878,-0.04956581436077068,-0.08392755894914639,-0.09734391380127216,-0.11471629328098443
-0.0653523183643665,-0.038305954581959956,-0.0719281705165794,-0.08086914083565222,-0.10219128231680996
-0.07667031763417298,-0.04858206568623147,-0.08236015432113741,-0.09954806364345581,-0.11645291186196594
-0.08141657539247904,-0.05296099429409584,-0.08800992443877476,-0.10195188636510721,-0.10828644795673537
-0.0565899963490325,-0.03094129318617944,-0.06359946324726751,-0.08788269821388561,-0.09830686707734959
-0.08433734939759041,-0.05200096192026127,-0.09105954650926884,-0.09011325374961732,-0.10818353122628543
-0.09748083242059147,-0.06747032999932312,-0.10398599178315171,-0.1133964580517669,-0.12863272727927888
-0.06352683461117203,-0.0375399852984728,-0.06963875481845261,-0.07788913695291111,-0.09117846589601886
-0.08178167214311793,-0.05281333000385924,-0.08716978061278313,-0.10026452190412893,-0.11519918816084318
-0.06827309236947787,-0.037920205779831906,-0.07601914156832734,-0.09110558320111029,-0.1044708836829994
-0.06973347937203367,-0.04085315996467154,-0.07688154222613297,-0.08719078481329301,-0.08414154473443258
-0.10113179992698063,-0.06908501852269866,-0.10743403703276233,-0.09811900604432511,-0.10785460825236504
-0.08105147864184004,-0.04928916059242827,-0.0877208208468574,-0.10041450638012084,-0.11920684248291813
-0.07338444687842283,-0.04146356540722729,-0.08146246520389755,-0.09846825069085863,-0.09956178572926522
-0.08871851040525747,-0.05475790758203103,-0.0976294129913089,-0.11341018862032004,-0.12585380781380773
-0.06936838262139466,-0.03524610859531985,-0.07704301493281274,-0.09466818655970066,-0.1103122551859429
-0.07447973713033962,-0.04208451486203779,-0.08149114696975412,-0.08147943143309944,-0.08840833402030557
-0.06900328587075577,-0.03515056372199232,-0.07714076447873497,-0.07944473409801867,-0.08725436870164627
-0.06206644760861624,-0.030658405287835255,-0.07030834298120536,-0.09246461646934656,-0.11301513872715419
-0.0857977364001461,-0.052865662032126615,-0.09326693953293752,-0.11321038633818581,-0.12885799602507164
-0.07849580138736756,-0.04696367856144479,-0.08639994506814341,-0.08797916464145672,-0.09682882988590447
-0.07776560788608977,-0.04625586835740303,-0.08587354930326796,-0.10524435692020351,-0.12256596386668606
-0.0847024461482293,-0.056560469039428796,-0.09098594004455607,-0.11128838616590575,-0.12641915781048918
-0.056955093099671394,-0.029213997948952852,-0.06279605208475736,-0.08166327598764511,-0.0919590975969653
-0.06498722161372761,-0.03597793830104912,-0.07147838493737468,-0.0859022060446809,-0.1042211753976291
-0.07630522088353409,-0.044013069508820224,-0.08415694842318533,-0.09289962640958704,-0.11137179311677747
-0.08141657539247904,-0.05252719539901085,-0.0892116840564704,-0.09909471846828533,-0.11192430811320342
-0.08652792990142388,-0.05216309885155401,-0.09414550928894083,-0.1035360130870695,-0.11049037372130721
-0.08068638189120114,-0.04972081166513709,-0.0909034223133166,-0.11269549443545623,-0.11211918585550973
-0.0755750273822563,-0.04381274670396462,-0.08040203354341813,-0.07498791526569293,-0.09517361421286985
-0.06973347937203356,-0.037238787270295504,-0.07894773728976201,-0.09318542907119653,-0.10140199862017074
-0.08762322015334068,-0.06290541262777705,-0.09115120284803502,-0.09464191095006935,-0.10828335248290621
-0.09346476816356342,-0.06540409696402594,-0.09936723560704164,-0.11170702986374725,-0.12600790134328077
-0.0755750273822563,-0.04426181896172321,-0.08218601271720805,-0.08593921127341297,-0.10044881685570084
-0.0857977364001461,-0.05639281982281652,-0.09341367437597115,-0.10255102040816333,-0.10153714326241836
-0.07046367287331146,-0.04159218431898304,-0.07677518579456788,-0.07931913209134311,-0.08331790951506302
-0.095290251916758,-0.06216489430793304,-0.10178754756833419,-0.1129037272907587,-0.12152604409167012
-0.05768528660094929,-0.025522315450255406,-0.06466320437896389,-0.09287196911462947,-0.11022485645983571
-0.08324205914567362,-0.052982767098739614,-0.09229926783659625,-0.10742191322120875,-0.12147677681637215
-0.0565899963490325,-0.02889640900314039,-0.06257967578222667,-0.07762754314374598,-0.08959897897247282
-0.07082876962395035,-0.04329268244171758,-0.07594247941641119,-0.09745886086829458,-0.11035889689713951
-0.08725812340270167,-0.0567637579811493,-0.09393396330547976,-0.10121385699163343,-0.1108656873980578
-0.07995618838992335,-0.05102345918690143,-0.08612331044631838,-0.0985967289579136,-0.11227263681361888
-0.06389193136181082,-0.034912133587455596,-0.07132537154360674,-0.08860297339136014,-0.09998386277896187
-0.06279664110989414,-0.034061412381915734,-0.0705090275405551,-0.0777516813366762,-0.0842405389717209
-0.08178167214311793,-0.049006915840483445,-0.08900881956868578,-0.10406286098052386,-0.12730922721366145
-0.08908360715589636,-0.05891307215406938,-0.09585386123724637,-0.09831477011661371,-0.1114952189919336
-0.06973347937203356,-0.03568086009959881,-0.07687304029484598,-0.08177661869345443,-0.10615063877943931
-0.08835341365461846,-0.04814580254732248,-0.09635071326052491,-0.1024985006854009,-0.11426058027223318
-0.0847024461482293,-0.055008162103336145,-0.09053333928457397,-0.09082868173185321,-0.09726554811671162
-0.06717780211756119,-0.03523647551590414,-0.07329948170766354,-0.08003925753911001,-0.09290685042111724
-0.05184373859072655,-0.02336127436811508,-0.05972617938847824,-0.08164623621310096,-0.09262997713277799
-0.0850675428988682,-0.05385705690615006,-0.09331049026892813,-0.09320984055732062,-0.10092197848542706
-0.07813070463672878,-0.04381210132610569,-0.08578085228760057,-0.09903347566458653,-0.10746362262279718
-0.07776560788608977,-0.045758677416382953,-0.08421439680609,-0.0980432905540568,-0.1255564936549214
-0.0668127053669223,-0.034189125074341575,-0.07397351198715518,-0.0869169394435354,-0.08812241890257622
-0.07411464037970061,-0.04535059103749206,-0.07999251409311925,-0.09252959655995563,-0.09924184977790584
-0.08068638189120114,-0.04737140923404859,-0.08751182363861232,-0.10792490528076504,-0.12151010271091833
-0.06863818912011688,-0.043339209045902605,-0.07237105767297958,-0.08764148458711996,-0.10912443494993707
-0.07411464037970061,-0.0412241548670198,-0.08215486102017999,-0.09867430902313812,-0.10952034138882916
-0.06717780211756119,-0.031531205034039944,-0.07493572456364805,-0.08819835808100451,-0.09697247779068452
-0.06133625410733845,-0.03469725841472093,-0.06677202774564972,-0.07259103209305295,-0.08654870497914935
-0.07995618838992335,-0.04971881772069975,-0.08439733990329257,-0.0991896345020804,-0.1176995683144193
-0.0752099306316173,-0.04234127805296306,-0.08326221463404537,-0.09199558669054686,-0.0925523262086061
-0.08725812340270178,-0.05780425159844793,-0.09405506231593352,-0.10842787717278357,-0.12360148725606501
-0.07703541438481198,-0.04978786903473098,-0.08236211944480054,-0.09437608943596798,-0.11194409371337932
-0.07594012413289519,-0.044696340481224284,-0.08232248641689244,-0.09319343879757058,-0.11342637913943188
-0.0752099306316174,-0.04417687629199951,-0.08240861882887474,-0.10379300553688897,-0.11928528146170991
-0.09967141292442494,-0.06932287734945386,-0.10570522150504291,-0.1101229977270407,-0.11433262097353136
-0.07301935012778393,-0.043821505049788656,-0.07811755645176066,-0.08386313832437675,-0.09971880796734611
-0.05914567360350498,-0.032581555774722104,-0.06427754068952907,-0.06930204422955744,-0.07007218066820653
-0.04600219058050381,-0.016436722776016488,-0.05484513364555821,-0.0739455602622826,-0.08008453198731402
-0.08251186564439583,-0.051192187664364064,-0.08979436087773118,-0.10634267471880532,-0.12453698001632896
-0.09273457466228552,-0.06476745509973925,-0.09900277211265607,-0.1012628297382776,-0.11118677691499379
-0.061701350857977344,-0.030337961238710798,-0.06781059950835522,-0.08163013499782268,-0.09573669901889514
-0.07301935012778382,-0.043209567358424184,-0.07899931655782555,-0.09955514571220192,-0.11177526144989935
-0.09894121942314715,-0.06598131276108021,-0.10715350913548549,-0.1101011397640217,-0.11465036482821511
-0.07740051113545088,-0.043645918048170196,-0.08583788935688996,-0.09279911963921617,-0.10021089132101801
-0.08433734939759041,-0.05278823386558196,-0.09214097793804621,-0.10174966142698716,-0.10734884728723237
-0.07484483388097851,-0.04081572769953046,-0.08341498850544393,-0.10808155780649675,-0.1154933078098399
-0.07703541438481198,-0.04897133264711473,-0.08274746896827345,-0.09470224342813283,-0.1061253985349877
-0.09492515516611899,-0.06377159623247353,-0.10194318082703846,-0.11788496735125908,-0.13245776458074532
-0.07228915662650603,-0.03789603672159558,-0.08120881106359512,-0.09613687735273768,-0.10917495157419432
-0.051113545089448764,-0.026335162513896226,-0.05880087779816345,-0.07655554036843926,-0.08872514590263536
-0.07995618838992335,-0.05099476387923241,-0.08567464980945205,-0.08059687705093244,-0.08913748742755956
-0.059875867104782765,-0.03381274879298701,-0.06724941394215433,-0.08098483389972755,-0.09092217102998912
-0.05914567360350498,-0.02970378169784793,-0.06424166560557498,-0.07624355763403601,-0.09091645281808136
-0.08251186564439583,-0.050257872995130626,-0.08875889902829348,-0.09938272797838166,-0.12104532984290062
-0.07922599488864557,-0.044851519760148895,-0.08731491568011884,-0.09393758407317743,-0.10048680882908878
-0.08798831690397957,-0.055846541457318155,-0.09515449785529395,-0.11661371053155056,-0.119528982043833
-0.06681270536692219,-0.029840746506471727,-0.07502725202040172,-0.08106612637781163,-0.10402322987334378
-0.06389193136181082,-0.030932192416826765,-0.06956338098796788,-0.08674749968973461,-0.09280915665032641
-0.06279664110989414,-0.034448667741687755,-0.0696937426870019,-0.08187887638148716,-0.09321406035853752
-0.08251186564439572,-0.05285785765823914,-0.08814125132872452,-0.09373334665600863,-0.11151623772302044
-0.07046367287331146,-0.04219120716105462,-0.07527513955462639,-0.10379245687345962,-0.12205154141490393
-0.07338444687842283,-0.047017429211765105,-0.08081620141687795,-0.0947395760061468,-0.10683852215109435
-0.08287696239503473,-0.05620547299907175,-0.08860076368406333,-0.10159436700446234,-0.10902850802687714
-0.07155896312522814,-0.04064338984064819,-0.07874720079055642,-0.09198420648021666,-0.0986124070498765
-0.06827309236947787,-0.042034911184102075,-0.07423007355753064,-0.09221725370748424,-0.09642918446843574
-0.06973347937203367,-0.039578281195560394,-0.07734052555163418,-0.10209244677748619,-0.11057085284550494
-0.07813070463672867,-0.0438806118765791,-0.08571604884945261,-0.10332615085356889,-0.10879030252974997
-0.06717780211756119,-0.0359003246066526,-0.07478993049578708,-0.07594428124397856,-0.09017138177539963
-0.06498722161372761,-0.031869446605913176,-0.07128688071640099,-0.0818061813762917,-0.09969723094763938
-0.08324205914567362,-0.05397481248807412,-0.08833760630520626,-0.10722886339070592,-0.11932026711977817
-0.06352683461117192,-0.033474358043766084,-0.07130265236464894,-0.09907832733919686,-0.10123528709296525
-0.06206644760861624,-0.03281703825044158,-0.0700894437229389,-0.09146651048945753,-0.10267060803267636
-0.061701350857977344,-0.031292950123916974,-0.06873467704066982,-0.08528715586243774,-0.10474822651380777
-0.0660825118656444,-0.036407008398813834,-0.07282681629055199,-0.08483248202687976,-0.09666909856272077
-0.07594012413289519,-0.045576694538719265,-0.0824018229534913,-0.088767964123325,-0.09631624119625426
-0.06973347937203367,-0.038410913974126104,-0.07734305702991762,-0.09086174900290689,-0.10761929839292239
-0.06389193136181082,-0.03511503280051742,-0.07058417801145955,-0.09072089886674439,-0.10482228520380898
-0.08287696239503461,-0.05068027559095423,-0.08982209093277616,-0.0956972336825539,-0.10179228002540808
-0.09565534866739678,-0.059410229455267194,-0.10137033582144506,-0.10069594069347065,-0.11746008043598877
-0.09309967141292441,-0.05882921372662131,-0.09994078513555438,-0.10801319670157716,-0.1208702113112079
-0.07703541438481198,-0.04618566201184071,-0.08504341353767697,-0.10622121209829283,-0.10827470416243767
-0.06389193136181082,-0.028453320617702782,-0.0714204120216494,-0.09466942863372851,-0.10948219393316094
-0.0664476086162833,-0.03566634322615181,-0.07308392155237586,-0.08805567864533359,-0.10590216637330252
-0.06097115735669956,-0.03396613420986527,-0.06664656030406435,-0.07710995629332129,-0.08851034078149778
-0.0941949616648412,-0.06480670955168821,-0.10019501166848621,-0.09761907316026597,-0.10571933641228426
-0.07995618838992335,-0.04496326533461237,-0.08861297588069139,-0.09985920681839722,-0.10613898519152665
-0.055129609346476816,-0.02562521107650062,-0.06198757214010475,-0.075484769019602,-0.08937866128480565
-0.08068638189120125,-0.05167239510045896,-0.08554830586931006,-0.09380388513495419,-0.1192734935362122
-0.06498722161372761,-0.033235509904622096,-0.0712662705564131,-0.07659508247743552,-0.09171244930696587
-0.07594012413289519,-0.044143661216832,-0.0833912613811667,-0.1004491462349586,-0.10924879251331143
-0.07667031763417298,-0.03863962842756863,-0.08661051837354283,-0.09111692233035884,-0.1080915587293666
-0.06060606060606055,-0.03469447261663283,-0.0679471777774413,-0.08144599916194661,-0.08801145142604083
-0.07301935012778382,-0.046793483378849254,-0.07825909316880653,-0.08552475500483592,-0.1011478167433475
-0.07667031763417309,-0.04490291739746999,-0.08428135726062513,-0.10347598652177281,-0.113620181243821
-0.0755750273822563,-0.042681577307381535,-0.08582323689851523,-0.10139006589160349,-0.10371494576959484
-0.06425702811244982,-0.037787353528761836,-0.07114068072212787,-0.08206043100427807,-0.09182189992311174
-0.0752099306316174,-0.049329392770029346,-0.08108309372322564,-0.08873341803772938,-0.09882309053920413
-0.08287696239503473,-0.04790660293379345,-0.09310575521672726,-0.10312435687748445,-0.11344720851424406
-0.09090909090909094,-0.06083030212410556,-0.0955949187031031,-0.10331544747464805,-0.11680571796815631
-0.08433734939759041,-0.05623932898848516,-0.09008464696986118,-0.09158114660535832,-0.10319595943711635
-0.07192405987586703,-0.04563511180852642,-0.07777035616649863,-0.08392754472034003,-0.10142759432885118
-0.08652792990142388,-0.054029942153407506,-0.09348878843987796,-0.09749736567634693,-0.10775814312721599
-0.058050383351588186,-0.026720423522817338,-0.06537594401530844,-0.08751888115805873,-0.11027235034728389
-0.07886089813800656,-0.04866769855955155,-0.0850752021341259,-0.09738579485277132,-0.10692627652660125
-0.07849580138736756,-0.04999624998660712,-0.08584366182934933,-0.09219408758682657,-0.0975131744555564
-0.09090909090909083,-0.06018077652791076,-0.09654415369725244,-0.10599261375513924,-0.12021943635922405
-0.07813070463672867,-0.050184639848158796,-0.08341765182355565,-0.09767566030243524,-0.11128881252679457
-0.07594012413289519,-0.04407461122430534,-0.08553445990413633,-0.09492946893620346,-0.10503583243388503
-0.07338444687842272,-0.04410007893189416,-0.07897648231963139,-0.07275183182088618,-0.0772853154298917
-0.07813070463672867,-0.04568731931691772,-0.08606982881683145,-0.08725088830942807,-0.09675083546144025
-0.06389193136181082,-0.033315482410906316,-0.06955967604025515,-0.09161248479066053,-0.1095602673255669
-0.08068638189120114,-0.0502638559111388,-0.08656730002312041,-0.09427242674439151,-0.11206647204501552
-0.08178167214311793,-0.04999677127728264,-0.08829713214997525,-0.10586230706917499,-0.11832171112578282
-0.08214676889375683,-0.050215625824376775,-0.08831735650990524,-0.10230114667909951,-0.10512113995324401
-0.06279664110989414,-0.03027019613221782,-0.07028847035574426,-0.09474471019922837,-0.10979638806360081
-0.07228915662650592,-0.04215711647915721,-0.07972567788586882,-0.09010494186673579,-0.09555726175416535
-0.050383351588170866,-0.020344120324246373,-0.05854616213903707,-0.09377674509188672,-0.09745269866085327
-0.0839722526469514,-0.053072886035024025,-0.09068871301370907,-0.10573781426538087,-0.11662126884155022
-0.08543263964950709,-0.054264558471680546,-0.09104490410044486,-0.10483217539942558,-0.12193267557237852
-0.07813070463672878,-0.05169177514504408,-0.08315837649941249,-0.11047684250933387,-0.13805131838862617
-0.08798831690397957,-0.058616436140095485,-0.09380452244421467,-0.08689445911424043,-0.0946966365757238
-0.07740051113545088,-0.044296196749070926,-0.08444103564339256,-0.08636138411666583,-0.09770309056991777
-0.07995618838992335,-0.04872516087164214,-0.08606035314050964,-0.1029446470714439,-0.12502137650664613
-0.054034319094560135,-0.028236234489226852,-0.05946322679515337,-0.08050926050737339,-0.09275610672626655
-0.06024096385542166,-0.02917336685833083,-0.06690569439764527,-0.08518667102619581,-0.10308870951237126
-0.09273457466228552,-0.0647800810269803,-0.09767340793448376,-0.09807721143444681,-0.10251090213308023
-0.07411464037970061,-0.046617778877106386,-0.08022397090934541,-0.08066939853880783,-0.07745046502575348
-0.045637093829864916,-0.015770573632296503,-0.05258636449766374,-0.0763328074435835,-0.09324021578317276
-0.059875867104782765,-0.03356311313026783,-0.06583660476401765,-0.08956087139111024,-0.09679466299966144
-0.08871851040525736,-0.058620405938404785,-0.09331862244943534,-0.0995997983471747,-0.12333780384690785
-0.06243154435925524,-0.031324940415849434,-0.06916046427985112,-0.08748456597588194,-0.11300885551432649
-0.06316173786053303,-0.030167615571529915,-0.07201038719022979,-0.08379596153638602,-0.09591349691636197
-0.06389193136181082,-0.03352374534817826,-0.0700497879869495,-0.0850427887232309,-0.09464572159435991
-0.0941949616648412,-0.06853723987651794,-0.09982108986674554,-0.10293416596561622,-0.10145653999208204
-0.06863818912011677,-0.03672509988475814,-0.0741526917980947,-0.08737240249857436,-0.11025751849934406
-0.07119386637458924,-0.04739052842590308,-0.07554068594572882,-0.09730260360519005,-0.10974999203622804
-0.07301935012778393,-0.043564925435368274,-0.0786625767223541,-0.09486789120680095,-0.10808703369461048
-0.058050383351588186,-0.027727612725352846,-0.06499968664764066,-0.07691526588764597,-0.09502799287231045
-0.0657174151150054,-0.0349506021979471,-0.0727198105800746,-0.0870205205592528,-0.09688041982655893
-0.06973347937203356,-0.0416919188135314,-0.0744922919788269,-0.08448517337969674,-0.10008137292230357
-0.08689302665206289,-0.06381902320584076,-0.09108361718866453,-0.10475955214817367,-0.12165368239151575
-0.0850675428988682,-0.05473387399168028,-0.09097748771611514,-0.11067421154258739,-0.12667039997918417
-0.06352683461117192,-0.03431713185381524,-0.07165201201110039,-0.09181758833727482,-0.101885520247045
-0.07959109163928446,-0.05355798968439218,-0.08555597343978105,-0.09770010758153047,-0.10050572269551628
-0.07082876962395035,-0.04266807361436509,-0.07668081768587831,-0.10025503603571684,-0.11902082847429263
-0.07813070463672878,-0.04318948901258879,-0.08755211660503381,-0.09665576827704236,-0.11057841930773349
-0.08251186564439572,-0.056158997550952994,-0.08849163135260218,-0.0959432306154967,-0.09202482180602733
-0.07703541438481198,-0.04690550706088992,-0.08355816177356212,-0.08559415908133716,-0.09291585480015696
-0.05841548010222719,-0.028282615701007874,-0.06370890945654395,-0.0665727158782713,-0.0806362042011205
-0.08433734939759041,-0.056095046409627924,-0.08957625422151883,-0.0935328959446532,-0.10638208402689209
-0.0748448338809784,-0.04935091808809644,-0.07933946578185957,-0.08849749199561663,-0.10694776586968624
-0.06097115735669956,-0.031015464369152368,-0.06756973387773468,-0.08257625933892387,-0.09430501615477449
-0.0755750273822563,-0.04804064893750992,-0.08191974071602837,-0.08285112843483511,-0.09565251825156018
-0.07995618838992335,-0.04310876235617578,-0.08822838456173798,-0.09426016080332944,-0.10161278260503015
-0.09748083242059147,-0.06392294963723533,-0.10557622017889279,-0.09878093489252693,-0.10698282101479795
-0.0748448338809784,-0.047094717534095,-0.08053250897843323,-0.09487226464201226,-0.10565409802109604
-0.07119386637458924,-0.03786426890069361,-0.07689652498057564,-0.09298119173023855,-0.11216830373076092
-0.052208835341365445,-0.021172608673581617,-0.058561504158956335,-0.07522995881270522,-0.08859190293437014
-0.07374954362906161,-0.039878705890678434,-0.08059763200727821,-0.09470655994424404,-0.11395932361979177
-0.06206644760861624,-0.02638215933945176,-0.07119407287744683,-0.08709356140186175,-0.09783650754239115
-0.08214676889375683,-0.04765187052485609,-0.09033855142533043,-0.10742487027088188,-0.12014119024727343
-0.06498722161372761,-0.04036401973600978,-0.06980641518649322,-0.09371176180151541,-0.11196013028532958
-0.04855786783497629,-0.024628975845667145,-0.055569469904295676,-0.06651460318250768,-0.08386685341188926
-0.07374954362906172,-0.03954570199768881,-0.0812861614038276,-0.0904243913214482,-0.10743362281819446
-0.06279664110989414,-0.033879543307311244,-0.06933614128360144,-0.09365771123872035,-0.10947191988263649
-0.07447973713033951,-0.046090087334764385,-0.08101077934618106,-0.09950578423459777,-0.10630486991011423
-0.07995618838992324,-0.049069655196460005,-0.08717832961375449,-0.10827239586703763,-0.11475741218211832
-0.06790799561883909,-0.037605239065774065,-0.07414004878253233,-0.09719258304450773,-0.11839724714037048
-0.08616283315078488,-0.05392213072031693,-0.09405743245672771,-0.0984518080927772,-0.09857466269269077
-0.07630522088353409,-0.04667604769050726,-0.0826245202254402,-0.09303658864675812,-0.1009979409759939
-0.08871851040525747,-0.05900349034164254,-0.09474854835945068,-0.10176213015463087,-0.11063263163015413
-0.07922599488864546,-0.049807147207205804,-0.08571927137859814,-0.09619621757293373,-0.10880833870451811
-0.08032128514056225,-0.04812005787013107,-0.08802557167946157,-0.0943678329096328,-0.10424240705662136
-0.08287696239503473,-0.05631609369373414,-0.08929366002483641,-0.09466877503325166,-0.09450567348918515
-0.09200438116100773,-0.06092411027516231,-0.09913754917710427,-0.10358942133367244,-0.09554960007736835
-0.08141657539247904,-0.05474313950001786,-0.08753082820990465,-0.09645431496379775,-0.10275268271123239
-0.06389193136181093,-0.032214588606554684,-0.07067058293333384,-0.07810082990803491,-0.08683175719802394
-0.08543263964950709,-0.05063552366211721,-0.09130342647600043,-0.1102997311381817,-0.12024270854898678
-0.0938298649142022,-0.057322231465401274,-0.10064021321950545,-0.10964120872935468,-0.11837453353671312
-0.07849580138736767,-0.041199890021627605,-0.08825751516468272,-0.1127839121910269,-0.11772071483491464
-0.07009857612267245,-0.038651448923425646,-0.07652436948652241,-0.09153330455646846,-0.09251659278991686
-0.07082876962395035,-0.04181284702754651,-0.07689205821809064,-0.09696671559060877,-0.1159568924461043
-0.07995618838992335,-0.04828219713715898,-0.08665700854767688,-0.10320599562818777,-0.1126537706769456
-0.08251186564439583,-0.05457157461343476,-0.0887024199180444,-0.09566853620822491,-0.10284058929352624
-0.06462212486308883,-0.03295674270403659,-0.06977676408437328,-0.07607066467248846,-0.08936130971085166
-0.061701350857977344,-0.03502345861258682,-0.06791658619235186,-0.0907704594264993,-0.10664815722598997
-0.05622489959839361,-0.023945895418015617,-0.06276557395248383,-0.0814315882235992,-0.09642842904160187
-0.08214676889375683,-0.053598450356782124,-0.08839049543587807,-0.09661689917517313,-0.10914342354341977
-0.08105147864184004,-0.04597566577444767,-0.08569241314665155,-0.07975021272915772,-0.09151886238546425
-0.08360715589631251,-0.049631506399148484,-0.09071408511421364,-0.10738673282532929,-0.1212216665695034
-0.08287696239503473,-0.05341832489426124,-0.08829821444219765,-0.0966697393116489,-0.10783818679182577
-0.0558598028477546,-0.02680903742843954,-0.06113697533702567,-0.07320824600805087,-0.07822391589205491
-0.06973347937203367,-0.03754308292144071,-0.0777984479624374,-0.09226834377036042,-0.10131092432078392
-0.08068638189120114,-0.054850260640194715,-0.08516921302251645,-0.0858445093926038,-0.0951574489158371
-0.08579773640014599,-0.05548428793259952,-0.09563490363034233,-0.10458565851411805,-0.10538911169956788
-0.05878057685286597,-0.03479133114512922,-0.06379446144711243,-0.07034601063572277,-0.08739002240202443
-0.07849580138736767,-0.04745911143942494,-0.08544651481181975,-0.10309928110789413,-0.11239600004422023
-0.07484483388097851,-0.049389811670809025,-0.08062917106219325,-0.09467517078006149,-0.09812118883135768
-0.08798831690397957,-0.05441741840268055,-0.09410285198195845,-0.0983831199112365,-0.10808630892941351
-0.07849580138736767,-0.04324196532771407,-0.0852942507963459,-0.09674715746351203,-0.11508721476808503
-0.07411464037970061,-0.04136420678529518,-0.08058749978606172,-0.08738301293584494,-0.09672391516995926
-0.07009857612267245,-0.042021138089581855,-0.0760199437900424,-0.09990179643041075,-0.11041644715626564
-0.06097115735669956,-0.03128171732638707,-0.06846351351183833,-0.08569705519688564,-0.10711497249024937
-0.0759401241328953,-0.04289881226211756,-0.08270496345565492,-0.0992218952198688,-0.11555814032625611
-0.0653523183643665,-0.03427581358541065,-0.07164016190061984,-0.0866383129541024,-0.09857689946941184
-0.08105147864184004,-0.05431519283639474,-0.08700457311300014,-0.09993636618563806,-0.09959994642972125
-0.0653523183643665,-0.038612122704475116,-0.07209437634556282,-0.08979078232504889,-0.10468704117671734
-0.07667031763417309,-0.05230998509687035,-0.08300481639054458,-0.08847072530368372,-0.09459587689701676
-0.06425702811244982,-0.03679405536800162,-0.07251414569520143,-0.08505943258174031,-0.09468262615119893
-0.08725812340270178,-0.05478957650023675,-0.09246322398609674,-0.10470856585344945,-0.11024319859405218
-0.08360715589631251,-0.04806432081022216,-0.09299821929428376,-0.10870614035087722,-0.11451239985875405
-0.08105147864184004,-0.04930459030054957,-0.08758823797999604,-0.10387015687259016,-0.11805801080451628
-0.06863818912011688,-0.03559766541450449,-0.07499679964160544,-0.0847585369913918,-0.1031651517420672
-0.08689302665206278,-0.05465179539374743,-0.09408673626686892,-0.10935490081353982,-0.11174872665017876
-0.07849580138736767,-0.04590601457067456,-0.08626186149546833,-0.10307135879299778,-0.11548510475616347
-0.08798831690397957,-0.059009709219386086,-0.09478097457645285,-0.09691393155821271,-0.10339804385093765
-0.061701350857977344,-0.032860541546978594,-0.06807939629788584,-0.08137655973403557,-0.08996318059094821
-0.061701350857977344,-0.03584692814994794,-0.06720424508966993,-0.08593497815748141,-0.10458892897959804
-0.06681270536692219,-0.04061891417058827,-0.07232482031405219,-0.07859013052675012,-0.0882746048277816
-0.09273457466228552,-0.06260700168214861,-0.09921902064460597,-0.10729739334578947,-0.1128456658832756
-0.06827309236947787,-0.03529333199772944,-0.0746663293403671,-0.08383819839667095,-0.1040679381065105
-0.0850675428988682,-0.05360668525340284,-0.09231270210419074,-0.11202582423795349,-0.12930837007605978
-0.06754289886820009,-0.041852625874025384,-0.07216441813909946,-0.08621618838943002,-0.0972266679163939
-0.07192405987586714,-0.035016927483241145,-0.08053441293835872,-0.09319128329297832,-0.09210082145379594
-0.07849580138736767,-0.047594748068712556,-0.08439506981912559,-0.08962670348879642,-0.09894720042667704
-0.07922599488864546,-0.054713381173491005,-0.08387777082466186,-0.09087342464223147,-0.09514517318768334
-0.06790799561883909,-0.03726191260328404,-0.07413700052943073,-0.08336721752684118,-0.09685956062357215
-0.08068638189120114,-0.049009559260424274,-0.08828807597922894,-0.10205235818262781,-0.10880835835795366
-0.07192405987586714,-0.04203198837108424,-0.07859137554221396,-0.091155294769794,-0.10391249629709753
-0.08068638189120114,-0.05359961947407055,-0.08555468874897154,-0.09419095913296771,-0.10718102242569005
-0.07265425337714493,-0.03913204847532925,-0.07973273524236446,-0.10043089321692422,-0.1120668958785449
-0.0653523183643665,-0.03730021178054432,-0.07120791413402139,-0.09177947307058576,-0.10957423738733885
-0.07594012413289519,-0.045647779068146654,-0.08146676791647,-0.08907990130180266,-0.10830487638941766
-0.07959109163928435,-0.04620897918679534,-0.08834586732798688,-0.09773299544388425,-0.11497750672041407
-0.08798831690397946,-0.05598261939081606,-0.09323522638739745,-0.10891793838550357,-0.1268467677493661
-0.05330412559328224,-0.025573360980836957,-0.06027948134859529,-0.0934330442848208,-0.11677355760369745
-0.09127418765972983,-0.05761116872227978,-0.09859799990206564,-0.1175472749591453,-0.1267641727407678
-0.07776560788608977,-0.04728902902068399,-0.08350814774123061,-0.0929096037609134,-0.10222507143560933
-0.09309967141292441,-0.06096547160744814,-0.10004124640358236,-0.10345647701551774,-0.10055286621917914
-0.08178167214311793,-0.05316366393881511,-0.0881724879429393,-0.09684443004609733,-0.0978441837894437
-0.07667031763417309,-0.045782469925848335,-0.08346310518626898,-0.08458758633746277,-0.10283858318904171
-0.08032128514056225,-0.04937258424519575,-0.08623952958513037,-0.10943130425072256,-0.11908996936200245
-0.06206644760861624,-0.03207805079740733,-0.06999545725530376,-0.10020799495455646,-0.11121461919685838
-0.08287696239503461,-0.04988930755920584,-0.08865539664537381,-0.11011739586430769,-0.1331041549634262
-0.1036874771814531,-0.07426610962012015,-0.10852014194399473,-0.11963580889263747,-0.13314972420872762
-0.10113179992698074,-0.06852223816355818,-0.10619397253169538,-0.11981688014937542,-0.12923183792285253
-0.07447973713033951,-0.04677459474521306,-0.07770299901295585,-0.07928408879856386,-0.09309695648322047
-0.07594012413289519,-0.042549146998970055,-0.0844000296668681,-0.09570074405838469,-0.10671800504679052
-0.059875867104782765,-0.03294362779621918,-0.06737818645467675,-0.08213047087379699,-0.09077247363471963
-0.08360715589631251,-0.04724412352666074,-0.09001672051703968,-0.1016570128989478,-0.11678348141375061
-0.0657174151150055,-0.0321530713895507,-0.07291116507131001,-0.09772530247634836,-0.11017485113666947
-0.06425702811244982,-0.03737963623395146,-0.0685949729561307,-0.08635563238938349,-0.11272714930657957
-0.09200438116100762,-0.05451389487182512,-0.09938663539094872,-0.09908627543822246,-0.11245852035239834
-0.08214676889375683,-0.04866634086515864,-0.08950728591477741,-0.09438219732337383,-0.10059459037028484
-0.06133625410733845,-0.022370813300472747,-0.0698062779869808,-0.09710085920361977,-0.11855797788071776
-0.0857977364001461,-0.057366526946947216,-0.0917013918419205,-0.09458194625367877,-0.10358127667170847
-0.0752099306316174,-0.04615108439822879,-0.08154845811842781,-0.10001675083377137,-0.11639965341082759
-0.0945600584154801,-0.06182200731529497,-0.10037378222568916,-0.11855557166561947,-0.1323010279931598
-0.0847024461482293,-0.05138403263403257,-0.09096527760314743,-0.09703493569610933,-0.10536103046841894
-0.07338444687842272,-0.04228300119337136,-0.08051284106752832,-0.093300862860765,-0.1090620526685514
-0.07922599488864546,-0.04806888213016869,-0.08604819267914077,-0.11139371741952986,-0.12489841193848572
-0.0478276743336985,-0.016326833018073028,-0.0560491379330621,-0.0690414863750749,-0.0827024222569438
-0.05439941584519903,-0.022893755267877958,-0.0611902548400054,-0.07707830758898582,-0.08627133789211461
-0.06681270536692219,-0.04185513578013855,-0.0724421566879151,-0.08388261218596271,-0.10447556700904392
-0.0755750273822563,-0.04316238529694827,-0.08082814965070617,-0.09098855843089515,-0.10315428068999588
-0.07228915662650603,-0.04071106896747889,-0.07997191351033339,-0.09568080745415197,-0.11054455465048973
-0.07228915662650603,-0.03876084508907873,-0.0806439502300198,-0.10445153735740709,-0.11312674395339606
-0.08908360715589636,-0.05971415768600152,-0.09374496028784896,-0.08973745124943888,-0.09868081699143638
-0.06790799561883898,-0.03902920612080252,-0.07430875630216016,-0.08575218594331491,-0.09759518216823138
-0.06790799561883898,-0.0411379347377584,-0.07239034376684583,-0.08761309969483044,-0.10712342736561786
-0.07484483388097851,-0.043765709648410867,-0.08219225805513408,-0.0978825917769488,-0.11431782494186293
-0.07703541438481198,-0.04519782386338367,-0.0860274376190101,-0.09812970137817167,-0.10935622162138392
-0.07265425337714493,-0.0400529448286685,-0.07888187820647441,-0.09129604918215972,-0.10238292006923622
-0.09054399415845193,-0.05817930917995595,-0.09535409474421086,-0.10289848479171904,-0.12692300811851542
-0.0763052208835342,-0.04688458833197562,-0.0823175511480424,-0.0818165633321859,-0.099246249337816
-0.06352683461117192,-0.033682110269774745,-0.07106881394896081,-0.08242951513319818,-0.09374570078666589
-0.07447973713033951,-0.04407332017970833,-0.08120519746821131,-0.08615193612972016,-0.08797023850919128
-0.06863818912011688,-0.04423481800699314,-0.07544646727525917,-0.09942159710267695,-0.09261695213664156
-0.08178167214311793,-0.049668505545036656,-0.08972299150009344,-0.09879894479764484,-0.10331364836786361
-0.08725812340270178,-0.059862649122644496,-0.09319149883637912,-0.10768176618302072,-0.11561430227428027
-0.09127418765972983,-0.0601617773337334,-0.09702775338420355,-0.10837266830437331,-0.11829599717852513
-0.07119386637458924,-0.04110722268734768,-0.07701331634950725,-0.09583136665951508,-0.11153811907234146
-0.08251186564439572,-0.055072165083465685,-0.08717478536610335,-0.08876277718518677,-0.09576911212373351
-0.07667031763417309,-0.044461906895987835,-0.08355013821145052,-0.09539810716462815,-0.10472171795497143
-0.09711573566995257,-0.06680760089337967,-0.1026304078749527,-0.11782833446943863,-0.13853675754451655
-0.07009857612267245,-0.03745387411948131,-0.07853109343564213,-0.08855318965238146,-0.1006099074482063
-0.09163928441036873,-0.06237360499502209,-0.09647880354399319,-0.09534057488783454,-0.09208961577068098
-0.08762322015334068,-0.05726969558773232,-0.09400184949331414,-0.09440355125100885,-0.11094752411937103
-0.055129609346476816,-0.02664250773567345,-0.06375693776331204,-0.0903546187699179,-0.10078265803859121
-0.09163928441036873,-0.06148231618744071,-0.09939879662797724,-0.09648141868542015,-0.09466122177418801
-0.07411464037970061,-0.044500403653856324,-0.0802497757510866,-0.09537109646023123,-0.10718010824034452
-0.0748448338809784,-0.04495134042038951,-0.08102694978158087,-0.09007662505843606,-0.10397731551176737
-0.07082876962395035,-0.039749216300940415,-0.07878926796699193,-0.10220245398111005,-0.11086988524114516
-0.08543263964950709,-0.05726874395389103,-0.09218566790579019,-0.09441100972842387,-0.10009838614029942
-0.08251186564439583,-0.04501088294124023,-0.09085287408915244,-0.10731406811240052,-0.1215540251633832
-0.09419496166484109,-0.06416282090765835,-0.10031701766755896,-0.11309272661489711,-0.1304672807148467
-0.06206644760861624,-0.027224497206140397,-0.06822634112582349,-0.07829561677663299,-0.08558872817321972
-0.0748448338809784,-0.04232955203723254,-0.08232263920081428,-0.08746532986542044,-0.09301023723953561
-0.09236947791164662,-0.057899685367762466,-0.0987251203000532,-0.11369689980690834,-0.12032001826038685
-0.0847024461482293,-0.05480634458776157,-0.09113777960595337,-0.09625807465551195,-0.10040343906396898
-0.08141657539247904,-0.047504011226274456,-0.09041747513994214,-0.09566491898329033,-0.10592351067906769
-0.06863818912011677,-0.03432860575717722,-0.07674696776719658,-0.09154466203955491,-0.10146940308894603
-0.08178167214311793,-0.05246704844384642,-0.0883969632697843,-0.104634297576362,-0.10427420592896353
-0.09675063891931368,-0.06162812066931833,-0.10215566940252185,-0.09584074066141168,-0.10601109923801044
-0.08178167214311793,-0.05316697826534378,-0.08658103582194787,-0.1038094616276295,-0.1184809063462402
-0.08616283315078499,-0.06088927639681885,-0.09077493800302339,-0.09926188866351127,-0.11171554536773631
-0.06060606060606066,-0.03188213668622364,-0.06749762052809116,-0.07778266985964499,-0.09651489981941386
-0.05184373859072655,-0.023294312612390233,-0.0585347065734817,-0.07930719531843577,-0.08996878908082129
-0.07667031763417309,-0.046186915871982315,-0.08512695328239483,-0.10857621571072296,-0.11278091031134185
-0.08032128514056225,-0.050717594259245935,-0.08802891951154523,-0.10501760020095974,-0.10916577614157075
-0.07594012413289519,-0.04364292736385755,-0.08387920231487067,-0.10181800236021543,-0.11058435972847436
-0.055859802847754714,-0.02974327606449234,-0.061269837577659914,-0.07812340557628028,-0.09444383564476566
-0.06352683461117192,-0.0335668329596438,-0.06832982741235683,-0.07583389933844242,-0.09286948078704815
-0.07703541438481198,-0.046438481545792,-0.0806027103838538,-0.0911184709808307,-0.11767422118185156
-0.07192405987586714,-0.04111779182440567,-0.07917035994375965,-0.09171911316369341,-0.09472516162403766
-0.06973347937203367,-0.04436352202637539,-0.07611089821098505,-0.09681177672437546,-0.09894176755271689
-0.08908360715589636,-0.060890462151137026,-0.0942891604694911,-0.10762255844582758,-0.12801239786362972
-0.08068638189120114,-0.049162200173903825,-0.08646438575997784,-0.09709906027028614,-0.11055978419328638
-0.07740051113545088,-0.0466747743481567,-0.08371035434739171,-0.08134366575517171,-0.08725984472332593
-0.08944870390653525,-0.05551850555442972,-0.09791962940186538,-0.1086753836552703,-0.12009495542847226
-0.06900328587075577,-0.03895202133180631,-0.07780491371921949,-0.09335944877530966,-0.10138901596120165
-0.0668127053669223,-0.037970895885015676,-0.07472468864538806,-0.0934320778166775,-0.10200029295925916
-0.06900328587075577,-0.04063502618745973,-0.07564679855219758,-0.08021533132325853,-0.08886057908113298
-0.044541803577948125,-0.02002740231549227,-0.04906733410783337,-0.06359783625624216,-0.07563283574144408
-0.10551296093464768,-0.0765782156754874,-0.11144437293016485,-0.11886779871021047,-0.12129924818759796
-0.07995618838992335,-0.04681160841070797,-0.08887923186496716,-0.11547989558621341,-0.1206061496757106
-0.07374954362906172,-0.04903139489943786,-0.07831758817874623,-0.08361063018926584,-0.0960691846171523
-0.10003650967506394,-0.0642524949042822,-0.10593396439457303,-0.11779206274247767,-0.13355425954645261
-0.07411464037970061,-0.042852741755673995,-0.08183215481303263,-0.10018724778046828,-0.12124071603216369
-0.09236947791164651,-0.058088156895822585,-0.09710803669888768,-0.11152804348453749,-0.12543433549810978
-0.0847024461482293,-0.05706776233077637,-0.08968221485566008,-0.10768112827400955,-0.12331978446259217
-0.07995618838992335,-0.046857696106491264,-0.08588211908128307,-0.10041221784556198,-0.11003518978253102
-0.0843373493975903,-0.049819467396688966,-0.09130084764721325,-0.10784910105633116,-0.12028443825294743
-0.06425702811244982,-0.03287985456250231,-0.07161078856321468,-0.10353623771021503,-0.11429958243242855
-0.08871851040525736,-0.05640704176747324,-0.09416912500247898,-0.09974768496389275,-0.10178128434296219
-0.07995618838992335,-0.05200232164113938,-0.0840526570187885,-0.0873542336772185,-0.10193706255881474
-0.09711573566995257,-0.06424702206957034,-0.10307389887566887,-0.1124422536782771,-0.12218513210948267
-0.0660825118656444,-0.04011402587037627,-0.0722846489977339,-0.10187585468815019,-0.10662963624144917
-0.0843373493975903,-0.0547157498823333,-0.08926930700682956,-0.10270900446497966,-0.12307977035560502
-0.07082876962395035,-0.040273152066403584,-0.07922222800682843,-0.10298980076673248,-0.1113041875112113
-0.10040160642570273,-0.06935600485882265,-0.10670163655898346,-0.11218343813041709,-0.12135769477774705
-0.058050383351588186,-0.029980311247597147,-0.06213136863275248,-0.08343507777837178,-0.10948442422605098
-0.08068638189120125,-0.047709789396212066,-0.08827183691693685,-0.09553674999919226,-0.1040630255110232
-0.09602044541803578,-0.06350522800616865,-0.10230554365950295,-0.11561862696691916,-0.1294262148912656
-0.08616283315078488,-0.052899560822830205,-0.09304024187242721,-0.10594461360011609,-0.11972472053709304
-0.06936838262139466,-0.03867100169967452,-0.07522637975671087,-0.0859737093058136,-0.09208618839811611
-0.0755750273822563,-0.04961869828542187,-0.08027983287856921,-0.08995460253066734,-0.11429134859654144
-0.06243154435925524,-0.03364391166944691,-0.07033981728361938,-0.08285819355762536,-0.0876920788124127
-0.08032128514056225,-0.04921372520218814,-0.08697328310216268,-0.10363170190285098,-0.11530682010352922
-0.07959109163928446,-0.049009957469163146,-0.08640083803384757,-0.10236794210429456,-0.11657595532234444
-0.08798831690397957,-0.05213033182938143,-0.09591776307104216,-0.11346960393164784,-0.1246399208236253
-0.055129609346476816,-0.021753858842936236,-0.06253523713866604,-0.07877780668241852,-0.08587801741758994
-0.0660825118656444,-0.039236343492418,-0.07273642162544725,-0.09092279512458645,-0.09325276885159173
-0.08689302665206278,-0.05246986641977647,-0.09508423573048141,-0.104814852705999,-0.11625957185700053
-0.07155896312522825,-0.03965742544859718,-0.07950807308122099,-0.08931679932699166,-0.10289810786278875
-0.06462212486308871,-0.03526421260449153,-0.07177135779557087,-0.0846364683176829,-0.09748628328830533
-0.08214676889375683,-0.05366597782225202,-0.08896009656352555,-0.09793453512891159,-0.10039986604579698
-0.08798831690397946,-0.05764087863802392,-0.09482965222849438,-0.1038020445926584,-0.11466118790975977
-0.08981380065717415,-0.059299130261284305,-0.09553287393809629,-0.10496020977856102,-0.11109352049774768
-0.06754289886820009,-0.03896600432571384,-0.07455388987841016,-0.09801204884141612,-0.11116739569161416
-0.06206644760861624,-0.03307293483062468,-0.06966904136155039,-0.08509971623965629,-0.09369007392012008
-0.0664476086162833,-0.03756212432742223,-0.07360629223181359,-0.09318418460065925,-0.11628575463981206
-0.07849580138736767,-0.0540870747442298,-0.0839262649854533,-0.09712372052826312,-0.09519930397158949
-0.07776560788608988,-0.04720972967202808,-0.08400501864912457,-0.10215321720468462,-0.11320634312378386
-0.06863818912011688,-0.039129309259577694,-0.07515028946615177,-0.09632028116227775,-0.09862124444882625
-0.08798831690397957,-0.05171998981026327,-0.09775487681719341,-0.11026332136008854,-0.1154886636170862
-0.06900328587075577,-0.04300136322535597,-0.07604529275159844,-0.09756911973538385,-0.10537895166051248
-0.0839722526469514,-0.05443540473920916,-0.09023437140579049,-0.08560665707819393,-0.09445362551223402
-0.0653523183643665,-0.03484893432497571,-0.07282113299142312,-0.09488568540364972,-0.1096409038152909
-0.09236947791164651,-0.06615079330880003,-0.0985804632236651,-0.10396382928198267,-0.1181851532254613
-0.08798831690397957,-0.05674922668538718,-0.09516008175219992,-0.10112033262149744,-0.10796331099142409
-0.07484483388097851,-0.04670293722667951,-0.07972591396153883,-0.08752417743153962,-0.10177101561832447
-0.09200438116100773,-0.06119739087095866,-0.09768841309132559,-0.10278871915595389,-0.09625743328606873
-0.061701350857977344,-0.03153750429110891,-0.06983296838804343,-0.08281647699014072,-0.08398660769736799
-0.06936838262139466,-0.04213586826797877,-0.0762011277378487,-0.08968412127496406,-0.0967967136810145
-0.07703541438481198,-0.04265895988111568,-0.08343547484904401,-0.09450240899875506,-0.10530505681972302
-0.06097115735669956,-0.03205428023582957,-0.0670349962186857,-0.08270590422879154,-0.10104169489582426
-0.05549470609711571,-0.024483616298347832,-0.062305697151037065,-0.08481768932469469,-0.09890578243247339
-0.08178167214311793,-0.04610047285701935,-0.09016589856406587,-0.09973784235860017,-0.10803894055257368
-0.08689302665206278,-0.05786884952175009,-0.09208034701440515,-0.09938837098541176,-0.09748896802964302
-0.07192405987586703,-0.03652412397244531,-0.07888207588480778,-0.07749556207464292,-0.09180081445137434
-0.07484483388097851,-0.04208727247905608,-0.08276194341402232,-0.09076975146428912,-0.09408996122486724
-0.08068638189120114,-0.04715670337361466,-0.08758601626012563,-0.09665862987346874,-0.10736844247461796
-0.08725812340270167,-0.054359571200277235,-0.09441829467155305,-0.1046310214593199,-0.12207992495633246
-0.08141657539247904,-0.05136767157856792,-0.08734284696311434,-0.09947210600394873,-0.11589924886204372
-0.08762322015334056,-0.05858632013789833,-0.09224846191654901,-0.09071881398687598,-0.10613487785497233
-0.08725812340270178,-0.058188129831253654,-0.09321227910819374,-0.09558867008049321,-0.10731044875751017
-0.07265425337714493,-0.042797878282092916,-0.08039170076538693,-0.08957651474970152,-0.10294692801762872
-0.06389193136181093,-0.033698646193518145,-0.07090974753672541,-0.08265475303241421,-0.08889918326281177
-0.07776560788608988,-0.04801407398380553,-0.08317412003773605,-0.09943736115135704,-0.11491087512029297
-0.08214676889375683,-0.05742172943871737,-0.08692745549730296,-0.0950682485202281,-0.10499992675152203
-0.06900328587075577,-0.04434564668418284,-0.0751187632315401,-0.0917352924358632,-0.09665479999069204
-0.07447973713033951,-0.04790099202219911,-0.08012066208450075,-0.07651151615968543,-0.08368217378111631
-0.09054399415845193,-0.061243788747182726,-0.09657281461899014,-0.10705601263683373,-0.12247641037738544
-0.09163928441036873,-0.05963575627562767,-0.09704613500301495,-0.10323931921029428,-0.12176060814845413
-0.08798831690397946,-0.05766801455875736,-0.09413970796484172,-0.09186085536612676,-0.09795047547757374
-0.07228915662650603,-0.03753993610223638,-0.07896176408120825,-0.09022443713461281,-0.11112552185206481
-0.08105147864184004,-0.04690091433661803,-0.08857132763040998,-0.08861636700545161,-0.10406422072566668
-0.07667031763417309,-0.044856155652275076,-0.08272742328035798,-0.09373031468554016,-0.09152618392140155
-0.0839722526469514,-0.04936705968375843,-0.09039913647288111,-0.09414294778630927,-0.10257874823943036
-0.06316173786053303,-0.03394016079267237,-0.07160685224717445,-0.10120485063257101,-0.11558787526040704
-0.0755750273822563,-0.04521820237221319,-0.0821560309941407,-0.08937822442826315,-0.10155958574420987
-0.07922599488864546,-0.048058295792442474,-0.08432111969922595,-0.10318250147265995,-0.1173101634398186
-0.08287696239503473,-0.049576087592141604,-0.0886996012651281,-0.09434445290650284,-0.10944352768045484
-0.07594012413289519,-0.0497293918472026,-0.08145564127416527,-0.08327901105485258,-0.09619324063890655
-0.0668127053669223,-0.03706322312644972,-0.07132802071685507,-0.07461093572204691,-0.0776493336974261
-0.07374954362906172,-0.03969307834980129,-0.08120821290704072,-0.10556875030225532,-0.11473440975222915
-0.046367287331142704,-0.020041954091087,-0.051705932660961906,-0.06448888460033353,-0.07317248697108536
-0.09967141292442494,-0.06698783969249689,-0.10469572018333295,-0.10422884561299584,-0.11385871337916897
-0.07667031763417309,-0.04587550873121482,-0.08554664920329369,-0.09785471920750444,-0.09794843120433838
-0.08397225264695152,-0.053414250173181355,-0.08841359869449072,-0.09372033674953983,-0.10575740534381661
-0.0839722526469514,-0.04814308325419436,-0.09447000445279019,-0.1059165584812829,-0.11423010235699027
-0.0850675428988682,-0.05346779102293164,-0.09089202921787476,-0.09871142723905602,-0.10691289791552361
-0.08141657539247893,-0.05037574999373817,-0.0875238140047826,-0.10282789926563962,-0.10551669754125403
-0.07155896312522814,-0.043208126923184875,-0.07799891852022123,-0.08631600124366734,-0.09405963611622059
-0.08433734939759041,-0.05103490095379459,-0.09226630494268495,-0.10245307484527166,-0.11186898728956729
-0.07959109163928435,-0.05046160254287191,-0.08575820313851734,-0.10643127418599752,-0.12100830552709119
-0.07119386637458924,-0.0390654809075166,-0.07604291268430952,-0.09177542871018418,-0.12388127186665088
-0.0755750273822563,-0.046322081279166816,-0.08178738239739869,-0.0982924401398978,-0.1192651112451456
-0.08981380065717415,-0.06150813677461886,-0.09509459763354977,-0.11454605152508812,-0.13690818405784577
-0.06462212486308871,-0.035984303092175596,-0.07212414903626674,-0.08026258358973803,-0.09266345034665824
-0.08178167214311793,-0.05634176225984855,-0.0870123318376832,-0.08950940411887487,-0.10122652439817348
-0.08579773640014599,-0.055697402027492404,-0.09376338293312547,-0.1033205338749017,-0.10565449641997349
-0.07740051113545088,-0.0474638137193204,-0.08477518273917584,-0.09071331949316042,-0.09767466633654398
-0.055129609346476816,-0.02473139149175696,-0.06234520288851042,-0.0715271036907611,-0.08858679845934991
-0.06316173786053303,-0.032559025527518326,-0.07303492259512256,-0.08793327364978698,-0.10335213966075163
-0.09200438116100762,-0.060393297617054476,-0.0994721190135095,-0.10484102331801792,-0.11398177884034766
-0.061701350857977344,-0.03056412334762848,-0.06979152832096203,-0.0895103573068301,-0.09819325892082587
-0.104052573932092,-0.07173260694387451,-0.11042114291552652,-0.10932890815730667,-0.10572850377076504
-0.07740051113545088,-0.044476944475629665,-0.0841633059921717,-0.09623057938981183,-0.11438402313400742
-0.08652792990142388,-0.05359744626501184,-0.0937851826409436,-0.11014233322631317,-0.1194020361654271
-0.07082876962395035,-0.042817133303998056,-0.0773075819933875,-0.08993680195251252,-0.1045376344955874
-0.07740051113545088,-0.04405196586601712,-0.08467136166675171,-0.09665356468226793,-0.1082941283056782
-0.06389193136181093,-0.0387254828544068,-0.06951766809524718,-0.0742190410274074,-0.08237774026477185
-0.06498722161372772,-0.034125794834573675,-0.07278707760466485,-0.08704950614764928,-0.09746881913568783
-0.07338444687842283,-0.04230046971076473,-0.07873584978903714,-0.09279126655318948,-0.10549541101700821
-0.0839722526469514,-0.05460789466701521,-0.0896373655117928,-0.09554347522889317,-0.10643132216491835
-0.0660825118656444,-0.04120016477536281,-0.07193004759110744,-0.09346538363114743,-0.1113447307508888
-0.0843373493975903,-0.05281094606900971,-0.08870984667127868,-0.10574947841867033,-0.13227811848273396
-0.07374954362906172,-0.04761631579917236,-0.07793715717833305,-0.0868072931456646,-0.10273925980810616
-0.07009857612267245,-0.041646581953057815,-0.07576711294012928,-0.0926034406847005,-0.10936607150549404
-0.09711573566995257,-0.0637732685382395,-0.1030145245748717,-0.10964097918665539,-0.1320731666690047
-0.0857977364001461,-0.05299660338584544,-0.09253077800437814,-0.08722229684351923,-0.10398095999207912
-0.08141657539247893,-0.05076708047191414,-0.08837315077447849,-0.10720424086109515,-0.12831539445561257
-0.06389193136181093,-0.032934482470086235,-0.07057232865457652,-0.09514307216737183,-0.10145746277499224
-0.07630522088353409,-0.03982608695652168,-0.08594470892390216,-0.10245254019654038,-0.11390106803250644
-0.07995618838992335,-0.050824479631707775,-0.08530297012263555,-0.09999088178502458,-0.11937040686581013
-0.07228915662650603,-0.037935256488503266,-0.08194003883499312,-0.10559460836386503,-0.11265532517824406
-0.08397225264695152,-0.0516060281790619,-0.09088703013489707,-0.09673258003766483,-0.10571901149019158
-0.08324205914567362,-0.05174179147751412,-0.08921517068852602,-0.09663262348925572,-0.10928965524472556
-0.0657174151150055,-0.0375732729168915,-0.07141039560476559,-0.09064417506972755,-0.09918996275069047
-0.07776560788608988,-0.04802483884943087,-0.08476038250730888,-0.09929609578142584,-0.10796172168193141
-0.08214676889375683,-0.05486251808030029,-0.08860698724450167,-0.09706390580118907,-0.1038037272643908
-0.061701350857977344,-0.03281752190678022,-0.06846468874934009,-0.08709271901111204,-0.09516494951521981
-0.08141657539247904,-0.056455310536907666,-0.08472184120916681,-0.08583818272174926,-0.1057630586973175
-0.06973347937203356,-0.042729178578235216,-0.07640239840417995,-0.1022945309387272,-0.12233671717965344
-0.07703541438481198,-0.04750929510761248,-0.083232536026697,-0.08837430988600703,-0.09897405487124844
-0.0857977364001461,-0.05186854999660995,-0.09291062618484347,-0.11034229009960828,-0.12561063221289903
-0.08105147864184015,-0.05397038510514307,-0.08633088626611696,-0.10512836489189581,-0.13434641809240166
-0.07411464037970061,-0.0445840807501684,-0.07818563784601418,-0.09867152689933478,-0.13150441693349313
-0.05111354508944865,-0.01875146561695551,-0.06106462569908733,-0.0834090360330415,-0.08891052091451235
-0.06717780211756108,-0.03315454198475365,-0.07547978357802332,-0.0866404260245427,-0.09382359614972458
-0.07228915662650603,-0.03908682056147017,-0.08019460026464054,-0.09111795983519921,-0.10519826243014618
-0.09163928441036873,-0.056755457009954324,-0.09894522705983122,-0.10586587501033218,-0.1256340216982318
-0.058050383351588186,-0.027914794504114715,-0.06431806285727648,-0.07954578427842951,-0.09131768265840179
-0.049288061336254074,-0.02246104990489406,-0.056162451596239116,-0.07958070462814282,-0.08756016483019047
-0.06936838262139466,-0.03736486829416841,-0.07864370691241818,-0.1039314457134064,-0.11418183414570093
-0.07265425337714493,-0.041534219084170765,-0.07827780589227717,-0.08674406215363895,-0.10355881755429397
-0.08981380065717415,-0.060483585052825695,-0.09606329607206499,-0.1118015694428467,-0.12265856302216649
-0.07155896312522814,-0.04679531861758046,-0.07698303267149231,-0.09862717386148512,-0.11615326643910906
-0.0752099306316174,-0.048391190283488705,-0.08028803211653424,-0.09618845365117146,-0.1152966156941515
-0.08798831690397957,-0.0577107401963024,-0.09413424423872985,-0.10455127067842995,-0.11089701982804412
-0.09127418765972983,-0.059952209594027805,-0.09596244505833318,-0.1016844897771515,-0.12003652426999623
-0.08141657539247893,-0.04766088044838657,-0.08979474420433076,-0.1033451055455209,-0.10012216042482835
-0.07082876962395035,-0.04487537764063054,-0.0770078305086701,-0.10163928130601618,-0.11048409774527068
-0.07667031763417298,-0.03929429846334209,-0.08272146915878276,-0.08980981897206963,-0.10974281687810494
-0.0755750273822563,-0.04407320690010863,-0.08255709853990922,-0.10080275709763609,-0.1267446506118335
-0.08141657539247893,-0.04876656201694918,-0.0887430483105498,-0.10546998730841417,-0.11320771892529535
-0.07959109163928446,-0.04827650398684491,-0.08718555863630606,-0.10367326545493838,-0.11229291841053102
-0.055129609346476816,-0.028201104094588647,-0.06174815336862172,-0.07442459932267742,-0.08864211780398956
-0.08360715589631251,-0.052255072666112734,-0.09013729831562989,-0.0904178384462444,-0.09177676570274473
-0.05330412559328224,-0.021343067516029657,-0.060945009158172025,-0.07999814956068219,-0.09451391260497577
-0.07338444687842272,-0.04226583351145652,-0.08002464516427987,-0.08878462275212484,-0.10944121291611897
-0.05878057685286597,-0.030300400500312352,-0.06550158752378965,-0.07914607373383098,-0.08504570107651499
-0.08725812340270167,-0.05715734155884955,-0.09467553687629082,-0.10148675081212699,-0.10340435038091533
-0.06498722161372761,-0.03672385265466427,-0.07092570253256758,-0.08871956625703248,-0.11626500180961774
-0.10551296093464768,-0.07399209468850243,-0.11259221915688278,-0.12833683485857394,-0.13485715290814726
-0.0755750273822563,-0.0485486797438085,-0.08339098822357205,-0.10047540832533752,-0.10873290516815382
-0.07119386637458924,-0.04614595380274589,-0.07605330023926549,-0.0855755070737364,-0.09213849166354426
-0.06863818912011688,-0.040995625807734415,-0.07463970326239067,-0.08830370940732402,-0.0895796294138822
-0.06206644760861624,-0.03065609882515552,-0.07031626622326115,-0.08643253844602894,-0.09549468585400067
-0.07301935012778382,-0.044627581969733376,-0.07986624881083126,-0.10002838907360045,-0.11136263532102075
-0.09236947791164662,-0.06628541715304459,-0.09899307177851246,-0.11007631486845082,-0.1146466159853522
-0.08032128514056225,-0.048676200425056715,-0.08666320143363393,-0.10759146701603284,-0.12386707028598531
-0.08141657539247893,-0.04706496287999762,-0.09186597419346787,-0.09970373585827086,-0.10177763537549434
-0.10989412194231463,-0.07566008295918969,-0.11650803032450519,-0.11016478246378503,-0.11920620345568134
-0.07338444687842283,-0.046740777354565055,-0.08005012747929574,-0.0995627970173053,-0.10726271758599593
-0.0839722526469514,-0.05402947322834861,-0.08920989990990746,-0.10701127906315167,-0.12334961929092514
-0.07046367287331146,-0.03935471967269688,-0.07711611678970742,-0.10484669495634535,-0.12355755498382626
-0.0752099306316173,-0.0480354619627148,-0.08012718906276772,-0.08341056260134672,-0.10552748980326276
-0.07082876962395035,-0.03795363595914125,-0.07727017960057736,-0.09222947388490965,-0.10616749471320797
-0.08324205914567362,-0.05247682044148738,-0.08866062082368198,-0.09760725409154991,-0.10698284428841409
-0.08032128514056225,-0.04644557620844636,-0.08857109674599362,-0.10744315483927791,-0.11634394106371615
-0.08324205914567362,-0.051578282828282807,-0.09064022566476371,-0.10113184636101213,-0.11006848974398775
-0.09382986491420231,-0.058026656941967514,-0.10167386454314942,-0.11604851532942917,-0.13839053287236125
-0.06936838262139466,-0.03927246119270378,-0.07677404726419468,-0.08828229566944434,-0.09074422435446183
-0.07886089813800656,-0.04806990101673292,-0.08568007476302364,-0.1023116990278744,-0.11523037405406866
-0.07630522088353409,-0.04232371689618519,-0.08214653171081754,-0.09330452580086912,-0.10998351181588817
-0.10222709017889742,-0.06849577029926046,-0.110312950990064,-0.1233755118878943,-0.13710922291368788
-0.08762322015334068,-0.056927979422535024,-0.09454159075794033,-0.10472017130786981,-0.11385312780157897
-0.08689302665206278,-0.054611778916330844,-0.09284507541938436,-0.0954452665812977,-0.11396025881585226
-0.09309967141292452,-0.05975824242392491,-0.09932633514342015,-0.10479028105556754,-0.11025497893039315
-0.08324205914567362,-0.0508280715536823,-0.09073710470114627,-0.09856150643533745,-0.11105157545543887
-0.07995618838992324,-0.05192616810874073,-0.08602767512020526,-0.09802695478026191,-0.11220513113982311
-0.08178167214311793,-0.049674255245582444,-0.08783877933476836,-0.10234646917159729,-0.1158727003049711
-0.06352683461117192,-0.03507732772725136,-0.07083853168435039,-0.08600310477982365,-0.09559117515885618
-0.07886089813800656,-0.04896150313519654,-0.08472867512216975,-0.09766339825386161,-0.10330883557977277
-0.07228915662650592,-0.04386573651338621,-0.07877856493289825,-0.09223769964747663,-0.10546906098092856
-0.07886089813800656,-0.04905030433492008,-0.08701406200443462,-0.09321144030032147,-0.10757195406358866
-0.09054399415845193,-0.060050774698152565,-0.09825704278299707,-0.11096603418284778,-0.11826611007115673
-0.07813070463672878,-0.05100625035709694,-0.0836211532023926,-0.09829806273419917,-0.11353029320965535
-0.05439941584519903,-0.024968418875846887,-0.060499844465428554,-0.08031402719310976,-0.09942785705041746
-0.0664476086162834,-0.04107937823834196,-0.07198561551456517,-0.08376948501327364,-0.10032009367071326
-0.06863818912011677,-0.03986129600206123,-0.07619216404558038,-0.09414022113027432,-0.09697337162978459
-0.0755750273822563,-0.048773174992794655,-0.08044172250680481,-0.08881732361975514,-0.10445673194228422
-0.08689302665206278,-0.054438057895608405,-0.0938255165162416,-0.1067587649410946,-0.12312110031634227
-0.0748448338809784,-0.041515471228962375,-0.08177889996996712,-0.09491417632259125,-0.10151799175521359
-0.041621029572836754,-0.013674124537456755,-0.047647707990008836,-0.06725537848219654,-0.08590216716610122
-0.07849580138736767,-0.05124266711309211,-0.0827635394160493,-0.08889424157754444,-0.1097813965545189
-0.059875867104782876,-0.032040247664521515,-0.06574077706043857,-0.07622422645697635,-0.09696646525602315
-0.06900328587075577,-0.04147740675071865,-0.0743760821957925,-0.08798999636661509,-0.0942650725734201
-0.0748448338809784,-0.0406715388996125,-0.08245765805344507,-0.09221426082317652,-0.10249466736540569
-0.08324205914567362,-0.05001491408970049,-0.09211746717606184,-0.11477266357054461,-0.13470195737789092
-0.0850675428988682,-0.05424962534789124,-0.09094054276069907,-0.10426915843785667,-0.10770027541313221
-0.07338444687842283,-0.04159618618892247,-0.08066483208612296,-0.08791123634324571,-0.11388593737303121
-0.06681270536692219,-0.03691343044458173,-0.07109648905627497,-0.08816066060449979,-0.11894260113669264
-0.08616283315078499,-0.05838863027987051,-0.09041179331601612,-0.08590552788089001,-0.09943855013662284
-0.08032128514056225,-0.04884110187788282,-0.08520507450524062,-0.08144943855101094,-0.09329663317538106
-0.07813070463672878,-0.04632187168484758,-0.08572509652911797,-0.09312239484653273,-0.10492100921741276
-0.07447973713033962,-0.045503170585456054,-0.08044367764434734,-0.09602855350128492,-0.1100205934938695
-0.06863818912011688,-0.03833389298449208,-0.07447587129568889,-0.08718236430319415,-0.11040747574823295
-0.055129609346476816,-0.02561071210864474,-0.06314053396644348,-0.08587023386826964,-0.10304538712102784
-0.06827309236947798,-0.03558952283625105,-0.07782989412422381,-0.09465787129573289,-0.09946496554927153
-0.09857612267250826,-0.06396545026820133,-0.1068143265400261,-0.10952483943415237,-0.12009580822545307
-0.08944870390653525,-0.05516088443086886,-0.09692799375874117,-0.10628918590000425,-0.11375182591661326
-0.09894121942314715,-0.06900442909086024,-0.10486232696451103,-0.10454378767635908,-0.11251465572315333
-0.08287696239503461,-0.054682146103975704,-0.09024856501324763,-0.107890369851114,-0.12396407048632174
-0.0565899963490325,-0.026999652125361373,-0.06391639913311764,-0.08246070758160107,-0.10561043414819471
-0.06498722161372761,-0.03618016643843913,-0.06945025930366555,-0.08193731699056384,-0.10593004829485342
-0.08214676889375683,-0.05016414690281068,-0.08909285524979438,-0.09843381872431156,-0.11354720049277489
-0.06389193136181093,-0.03707452223983976,-0.06961745116751017,-0.0766929661428245,-0.08854990872264279
-0.06024096385542166,-0.032966512081922694,-0.06545551556208506,-0.07220645411713744,-0.08754560762333918
-0.07813070463672867,-0.04431848677327088,-0.08531087428020179,-0.10866159211060977,-0.108542085989622
-0.058050383351588186,-0.029776195601181166,-0.06330099579855075,-0.0740085372538607,-0.08671369031633425
-0.0755750273822563,-0.04472881762428482,-0.08120735508791788,-0.08627350436528813,-0.0982781316555289
-0.08725812340270167,-0.06174605494344887,-0.09275287434577839,-0.09845593581249434,-0.10734901517189621
-0.0657174151150055,-0.03900612746515297,-0.07109611970664742,-0.07780039386753412,-0.09370824199740013
-0.08543263964950709,-0.054776250094231815,-0.09114243446666681,-0.10932220858737618,-0.1258084079833094
-0.07959109163928446,-0.05081142310788711,-0.08491036744073632,-0.08992769373130471,-0.10176533229403772
-0.07630522088353409,-0.046593197489019134,-0.08277388766486071,-0.09253550491399831,-0.10909394820879637
-0.05841548010222719,-0.025304296157977135,-0.06695011875543877,-0.08965094635687765,-0.1055456408018981
-0.06936838262139466,-0.03737130766314434,-0.07569652719075892,-0.09063875233454255,-0.11190812272366613
-0.0664476086162834,-0.03994098946084845,-0.07143537869858863,-0.0887314661387163,-0.10049557044188973
-0.07594012413289519,-0.04275484511367289,-0.08180471646703225,-0.09511396364974689,-0.11459109087664632
-0.07995618838992324,-0.05095668067328951,-0.08700791879043235,-0.1032739226595708,-0.11016791518691882
-0.0664476086162833,-0.040712844201690856,-0.0724240792170463,-0.0809633319798182,-0.09895992903516404
-0.07886089813800656,-0.05204513299875413,-0.0842876678131449,-0.09365383373862146,-0.10773988212164665
-0.07228915662650603,-0.04430718468367334,-0.07835673690211364,-0.0960342921845091,-0.11162246308435819
-0.06827309236947798,-0.038832761973623287,-0.07559936510181442,-0.09323377642832531,-0.11806667090311884
-0.0843373493975903,-0.05293966357265456,-0.09151115382618624,-0.10130113624136527,-0.11298936125274661
-0.07155896312522825,-0.045004990238731946,-0.0783212631214607,-0.09675995440260599,-0.10343791391208157
-0.07411464037970061,-0.047929708390567094,-0.0796713327512022,-0.10094551237160276,-0.11553545703023849
-0.07886089813800656,-0.04864910551291146,-0.08471960345368701,-0.09583391583950795,-0.10125214364756718
-0.07009857612267256,-0.039055340767337965,-0.07534862846000978,-0.09228647995950723,-0.11166980058381704
-0.09273457466228552,-0.061595956325117496,-0.0994066847765599,-0.11449256508973393,-0.13135962466810358
-0.0573201898503104,-0.025019651502116935,-0.06408533975886321,-0.07624330198627027,-0.08101130253734723
-0.08251186564439572,-0.04541340643959524,-0.09148382954280077,-0.11000874173043085,-0.12111032007315603
-0.08068638189120114,-0.05299674103720098,-0.08730849889076864,-0.0887912331073788,-0.09967522523795824
-0.07703541438481198,-0.04380463646476873,-0.08552726995119475,-0.0993254221973996,-0.1144614782753226
-0.0752099306316173,-0.043786316222118926,-0.0818229279120739,-0.09793389139576814,-0.11301881391425772
-0.06425702811244971,-0.036762887706284,-0.06992177892173534,-0.09143608084647914,-0.10642474907087662
-0.0755750273822563,-0.04525121694562695,-0.08285179223807915,-0.10583140722063289,-0.11040031147464802
-0.0755750273822563,-0.0439023187197044,-0.08215531812303911,-0.09101509945701991,-0.0999734563930087
-0.08579773640014599,-0.05508226213620404,-0.09218886261662385,-0.10666611104539236,-0.12124863248810935
-0.08324205914567362,-0.05223662563509546,-0.0896949109825379,-0.09879197390215899,-0.10857933462077018
-0.11573566995253748,-0.08845660681016465,-0.12015160118189883,-0.1259595954181697,-0.13650788645231993
-0.07192405987586703,-0.04612290675639086,-0.07570796962624415,-0.08344978684990823,-0.09958084370156839
-0.08141657539247904,-0.054112502086896774,-0.0879983767939535,-0.10027196370216318,-0.11481025219624341
-0.06425702811244982,-0.03292237589075531,-0.06931897078736837,-0.06917322270267734,-0.08878214727300071
-0.08798831690397957,-0.056648763608699415,-0.095632074112042,-0.09884859197920304,-0.10385671935696372
-0.06754289886820009,-0.03776857434485903,-0.07427798142420061,-0.0958939451391343,-0.11466755956791008
-0.08689302665206278,-0.05340391641432385,-0.09382098109178028,-0.10496951900844897,-0.12102695561015053
-0.05768528660094918,-0.03266151202123513,-0.06231134890654921,-0.07257251573937296,-0.08628990761958444
-0.06498722161372761,-0.03063311989335238,-0.07261464938829099,-0.09598818084742955,-0.11180175146097326
-0.07265425337714493,-0.04443282423509687,-0.07918186296506013,-0.08630718190889641,-0.09427538186269169
-0.06462212486308871,-0.03549013117329025,-0.07203660619879515,-0.07230756676365424,-0.08067340616556751
-0.07009857612267245,-0.03588772250114103,-0.07656842915384698,-0.08513183214249342,-0.08485686173683216
-0.06498722161372761,-0.03909174837000762,-0.0694118601033602,-0.08224693949682449,-0.09986873460941559
-0.07009857612267245,-0.038826792243007335,-0.07650439096041717,-0.09815780718417644,-0.11952604637493847
-0.06754289886820009,-0.037868146142206904,-0.0746885406488712,-0.09189426957223568,-0.10528996829677917
-0.06024096385542166,-0.03294026751653867,-0.0674741881199381,-0.08637849441381651,-0.09462670757977754
-0.07667031763417309,-0.047534054574920104,-0.08346713650595439,-0.0844905227425119,-0.10997937729904106
-0.06900328587075577,-0.037194392297642875,-0.07568161952080854,-0.09152993153051081,-0.10066966853064918
-0.0752099306316174,-0.047372239758673884,-0.08058815768323457,-0.09690320572673516,-0.11288106476247617
-0.09273457466228552,-0.061168781237985415,-0.10011776811218465,-0.09978183872017787,-0.09494236033052916
-0.06498722161372761,-0.033485672906142905,-0.07059898991492297,-0.087192534499272,-0.10201082374836323
-0.07667031763417309,-0.044238893921541456,-0.0844284519281242,-0.09835746531690015,-0.11912216123302855
-0.06827309236947787,-0.03504976644791136,-0.07551585401868055,-0.10401946095725989,-0.11450118387391883
-0.0565899963490325,-0.028939116579502544,-0.06439036699300471,-0.08445673116837327,-0.10681178595325824
-0.06900328587075566,-0.046107885651871405,-0.07441755116515647,-0.08577246770156755,-0.0951737134452606
-0.07447973713033951,-0.046615617668249176,-0.07913202343656578,-0.08475155596367712,-0.10056630416954626
-0.07265425337714493,-0.0436820527147872,-0.07900157310216671,-0.09650630719762554,-0.11545132351591636
-0.0565899963490325,-0.028247876621215307,-0.0630324898303769,-0.08042695769126973,-0.0916488442631217
-0.08652792990142388,-0.060756863174012965,-0.09189365304449593,-0.09273934628636449,-0.1042461415550342
-0.0565899963490325,-0.032850526292649285,-0.06076064410145465,-0.0661260743079305,-0.07463102433458291
-0.08798831690397946,-0.05902513147025734,-0.09339435744639246,-0.11505495226076101,-0.12666643110187148
-0.08178167214311793,-0.05302554910100743,-0.08794622164947996,-0.10125550310409459,-0.10899815802749468
-0.06316173786053303,-0.03346835889643973,-0.06980696954511312,-0.06449775557556336,-0.08129866842221589
-0.07155896312522814,-0.043050040783470855,-0.07793394382792673,-0.09306315800793652,-0.10219944378621004
-0.09017889740781304,-0.05953052729108388,-0.09678223565858002,-0.12053227940537348,-0.128585691458606
-0.08543263964950709,-0.0555941046041476,-0.09025265283507755,-0.10522656212291048,-0.11827360927880837
-0.09675063891931357,-0.06770490384921879,-0.10195419980234532,-0.10751170680042799,-0.12066366259081962
-0.06754289886820009,-0.03264206070105524,-0.07648752351651289,-0.09293824382044402,-0.107496124127886
-0.07447973713033962,-0.0413125809054351,-0.083555361353981,-0.08079330473310353,-0.08926625074831507
-0.08543263964950709,-0.06005705858544841,-0.09029182304595085,-0.09763310904702693,-0.10668105671070816
-0.08871851040525736,-0.052074436026807835,-0.0957603087758978,-0.11290201322099236,-0.11386732800140054
-0.10040160642570273,-0.0657554925440118,-0.10705224250353229,-0.1056422813998571,-0.11337971299024763
-0.06206644760861635,-0.03544026306174641,-0.0684712260402518,-0.0885154615406164,-0.10735971592383142
-0.07849580138736767,-0.04385993171984559,-0.08590627873426837,-0.09393750187904537,-0.10095097397935715
-0.07886089813800656,-0.05012249404782443,-0.08606269458727112,-0.10083978700193341,-0.10254234842904009
-0.08214676889375683,-0.04901458791401858,-0.09111489865854838,-0.10587654062207252,-0.10613297601180616
-0.09200438116100773,-0.06322140605666682,-0.09774268850035106,-0.10883148320053637,-0.1145513303010054
-0.104052573932092,-0.06966950166663122,-0.11203745466374204,-0.1140357158239298,-0.12020908504528727
-0.052208835341365445,-0.02507493111519954,-0.05738769804752941,-0.06873170166098197,-0.08806371314701777
-0.08105147864184015,-0.057217625008840756,-0.08668733016730179,-0.09251744811517104,-0.11015104022515554
-0.05841548010222708,-0.02997732784266116,-0.06547617033588882,-0.08307609028015639,-0.08497599366138742
-0.06279664110989414,-0.0348284089700196,-0.06975227532387973,-0.09507887183083974,-0.1068592161452544
-0.06863818912011688,-0.03902471547927244,-0.07432078402562003,-0.09928424600952268,-0.114131949203786
-0.07740051113545099,-0.04314303474778636,-0.08611660991270575,-0.10374012348344186,-0.12470731331080376
-0.06900328587075566,-0.03802575022087218,-0.07610559013198381,-0.07796706523906272,-0.09019359940306482
-0.07301935012778382,-0.043746823619905784,-0.078260345816061,-0.09035680537907886,-0.10332504034714995
-0.07886089813800667,-0.04740728223366453,-0.08571276816449025,-0.09477410664952457,-0.10723294338814382
-0.08762322015334056,-0.05643638675446827,-0.09435119335344644,-0.09940761019106081,-0.11881831995164494
-0.08543263964950709,-0.05321405941862867,-0.0923792958042351,-0.09941000807102496,-0.10317926273967215
-0.08798831690397957,-0.054484211552349726,-0.0954102400365574,-0.11251276747112049,-0.11950159549202222
-0.06060606060606055,-0.03055801254396051,-0.06662681468430132,-0.07551781957572024,-0.08590750068702402
-0.07703541438481187,-0.04247028963329136,-0.08508963077644194,-0.08756891205099493,-0.10583423883703158
-0.09200438116100773,-0.057339597883897864,-0.09971803365629084,-0.10679064275461347,-0.11107543341953141
-0.05074844833880976,-0.02096757549467021,-0.056965565198552004,-0.0652139625818482,-0.07460293194058698
-0.07995618838992335,-0.04794437695399134,-0.08639291274907834,-0.09841017906783245,-0.11200489605490949
-0.06973347937203367,-0.0385069361853001,-0.07824317715593954,-0.09306547059421078,-0.10068459222884785
-0.08689302665206278,-0.05785376950522725,-0.09149812362366339,-0.10466213523613299,-0.12233616591814211
-0.06024096385542177,-0.033395492359423296,-0.0656998215525999,-0.07122721464801818,-0.08997002287731992
-0.07776560788608988,-0.04921716764944328,-0.0841967434128813,-0.09725588563361165,-0.10839939460578729
-0.07046367287331146,-0.037996507349306374,-0.07718862951568672,-0.0933265437162577,-0.10470768263880781
-0.0850675428988682,-0.05236859351392553,-0.09106634540327052,-0.10674567958397096,-0.1239699477267997
-0.07740051113545088,-0.04585337305718573,-0.08580495363816909,-0.1058785686869178,-0.11222256297150268
-0.08725812340270178,-0.05638738878726668,-0.09303706022140545,-0.10187226440949848,-0.11484694687081365
-0.0839722526469514,-0.04776815082816965,-0.0900429290873076,-0.10268468254579355,-0.1208671945698766
-0.06133625410733845,-0.029054672249363533,-0.06935766272920196,-0.08428026004958067,-0.09574754006602648
-0.06535231836436661,-0.03968117911818847,-0.0700575186066088,-0.07619541087845949,-0.08015625545910521
-0.06425702811244982,-0.033483709273183004,-0.07096952178969307,-0.08680188045668236,-0.11142654461531676
-0.07922599488864546,-0.048536311349719696,-0.08457435585869955,-0.07991851787583049,-0.08842453659251759
-0.08543263964950709,-0.05344325725036392,-0.09241505209008882,-0.1060475592604766,-0.10710796707686354
-0.09163928441036873,-0.06304684413407224,-0.09891393689704153,-0.09743755383290265,-0.09892549975246434
-0.07776560788608977,-0.04590073175428455,-0.08533076732426181,-0.09679235013236365,-0.10915865661595792
-0.059875867104782765,-0.029475680271351834,-0.06653284207169308,-0.07900428242484225,-0.09294502781853242
-0.08871851040525747,-0.05357721772686619,-0.095480529883053,-0.10350096214147497,-0.12198742998036438
-0.0565899963490325,-0.02350648287640178,-0.06431722331832768,-0.07414016680118363,-0.08526135757557984
-0.07265425337714493,-0.03914316248648064,-0.08181068373002076,-0.09117506451703605,-0.09470059533295205
-0.07374954362906172,-0.04208524322918983,-0.08054036312070467,-0.10301235861545555,-0.1282000126518945
-0.08981380065717415,-0.059989943045845595,-0.09603003124458043,-0.0989206778233509,-0.11008157877936775
-0.0660825118656444,-0.03654093735447994,-0.07182050391332162,-0.07490066687428187,-0.08925168873220657
-0.05622489959839361,-0.02423150088673698,-0.06500583652666814,-0.08470565756270454,-0.09504858730886578
-0.07667031763417309,-0.04547407127880221,-0.08263227768664394,-0.09705937632572414,-0.11540964489572125
-0.09565534866739689,-0.06094613065862231,-0.10235185602259123,-0.1017278747548439,-0.11816747261616645
-0.07009857612267245,-0.04184842410571055,-0.07656326266678026,-0.07903556863910122,-0.09893607484611566
-0.07411464037970061,-0.04712104428661412,-0.0799184335956451,-0.08587516814635454,-0.0963439581444705
-0.0752099306316174,-0.046300982391952794,-0.08047731799349722,-0.08422889751462836,-0.09606945727185012
-0.10660825118656436,-0.07060010517642745,-0.1160175444575322,-0.11872241228590852,-0.1200884482890544
-0.08543263964950709,-0.0560816399080073,-0.09093160824853996,-0.10568313059651113,-0.1252789119233645
-0.08105147864184015,-0.05179749827637148,-0.08701767419333939,-0.09498685904312387,-0.11245746329620332
-0.07155896312522825,-0.036429770496801184,-0.0794855253662421,-0.0977630248122403,-0.10888938555430261
-0.09090909090909094,-0.06577636810669896,-0.09522819821379813,-0.10184899597530372,-0.11791983479936763
-0.07155896312522825,-0.04167332127126,-0.07803881322882389,-0.08645019131498888,-0.10441293860254364
-0.05951077035414387,-0.038127276094068296,-0.06322744576255457,-0.08604335390411089,-0.0985479224806245
-0.08360715589631251,-0.05381010470068992,-0.09040557160875218,-0.09019618399517615,-0.10356079573449672
-0.08579773640014599,-0.05278636122398628,-0.09387796080774835,-0.098896935040236,-0.09772455241965483
-0.09419496166484109,-0.06214854061944752,-0.10107860152994652,-0.12217137476459516,-0.1375348355160626
-0.058050383351588186,-0.028398994756872686,-0.06517878107588515,-0.08508939061611609,-0.09355868744028484
-0.09090909090909094,-0.05913381951108654,-0.09896415179539564,-0.10648040294225491,-0.10390034291911487
-0.07009857612267245,-0.04113373029772327,-0.07604280383178985,-0.09437154380051371,-0.09920229135070646
-0.06425702811244982,-0.035406579037068786,-0.06947951205574199,-0.08176858223422989,-0.10678332865706563
-0.0748448338809784,-0.04953507360269349,-0.0785264183752461,-0.09003171156910761,-0.11126119520909028
-0.06389193136181093,-0.03275863605837137,-0.07170974259910035,-0.09096053495524781,-0.1080713817226524
-0.05658999634903239,-0.03197128945219496,-0.06147491747620948,-0.06793574467811181,-0.07744089516942754
-0.07813070463672867,-0.04889377616650348,-0.08469692514146487,-0.09380068645674033,-0.10168341757861654
-0.08762322015334068,-0.05963642615855913,-0.09249870360726631,-0.1007064511628406,-0.11027760881746462
-0.07703541438481198,-0.04937198162371592,-0.08433947858546986,-0.09783540841004745,-0.10587967552585054
-0.09748083242059147,-0.06404287656618068,-0.10318811759678925,-0.11852714648900542,-0.1325469967419307
-0.06863818912011677,-0.036452417023149386,-0.07687707508676844,-0.09352824451115405,-0.09963077667753462
-0.0748448338809784,-0.043981355482597406,-0.08028372541670437,-0.08749941019525731,-0.0993309484297028
-0.08835341365461846,-0.05433300652931483,-0.09611342566423897,-0.10550177014223627,-0.1101499809396217
-0.07046367287331134,-0.04212453495543311,-0.07736506847978197,-0.0955490133208966,-0.10650135534807337
-0.08214676889375694,-0.04861094391610821,-0.08939996610127088,-0.09837233808056856,-0.11540374166084533
-0.07301935012778382,-0.04298677910041959,-0.08056765940761657,-0.0974790596260956,-0.10828954504529076
-0.08798831690397957,-0.05346882705274081,-0.09450648645002757,-0.09918710682224008,-0.11001225357833588
-0.09967141292442494,-0.06877899947673483,-0.1058449786131046,-0.10919957442464057,-0.11676311093616787
-0.06936838262139466,-0.04029665453806852,-0.07626169461835663,-0.09128757447496827,-0.10968301271677927
-0.06717780211756119,-0.039438793647569304,-0.0724562412166957,-0.08390419071410105,-0.09213711584525452
-0.08068638189120114,-0.052027108058774196,-0.08586159477445021,-0.09554193690522894,-0.10184223366666667
-0.08652792990142388,-0.05284882324687801,-0.09290332934729006,-0.09305301694333823,-0.0987948066477391
-0.09163928441036884,-0.062080815100990505,-0.09709930315659632,-0.09122241858549807,-0.09925029915468142
-0.08360715589631251,-0.052869051954679724,-0.08804891291765315,-0.09925533054751945,-0.1125140515257701
-0.06863818912011688,-0.03921544574552849,-0.07354102135368723,-0.08460186035139505,-0.0945246355300301
-0.08105147864184015,-0.050653831457405096,-0.08709882429086024,-0.09970020556410719,-0.102203137679589
-0.061701350857977344,-0.03263905670262346,-0.06902564003575151,-0.0786474307694468,-0.09204228412063253
-0.07192405987586714,-0.04172091684074597,-0.07844591844485738,-0.09920565323118635,-0.10180463946331897
-0.07740051113545088,-0.044931163954943676,-0.08565176996571944,-0.0989101347735124,-0.10407081645654026
-0.06498722161372761,-0.03324390180350778,-0.07457001484211523,-0.08841961926919684,-0.09492712640587209
-0.08214676889375683,-0.054626950331928104,-0.08794647775298947,-0.10716514260773058,-0.12651585381893415
-0.07959109163928435,-0.05202427456958447,-0.08594471653321145,-0.10242110078250377,-0.1118950495285238
-0.09127418765972983,-0.057794839654284225,-0.09670861465577785,-0.12036539480515307,-0.14322841211265558
-0.09821102592186925,-0.06693594524668878,-0.10481795348825063,-0.10676308674794976,-0.11627553587239203
-0.09821102592186925,-0.06568222319479067,-0.10553223684294266,-0.116881086898036,-0.12076824647803763
-0.07703541438481198,-0.048266225026229126,-0.08420717026799529,-0.09360428090324258,-0.1102919527993933
-0.07776560788608988,-0.043949130454320806,-0.08566009958047094,-0.10484760200855103,-0.118073534704071
-0.08032128514056225,-0.05220040969518158,-0.08585072376019176,-0.10413163196776365,-0.11306869167400313
-0.07155896312522814,-0.041592773545540584,-0.0772025511889689,-0.09415875931027462,-0.10492330567235464
-0.07447973713033962,-0.043940196637072715,-0.08107555054089821,-0.10018291335994878,-0.1069270338890933
-0.07009857612267256,-0.04096585114514384,-0.07808817243838218,-0.10472028331883454,-0.10981480707859181
-0.08908360715589625,-0.05490133518154261,-0.09632573023669044,-0.10528280015799929,-0.11442212788640094
-0.0941949616648412,-0.06008168112178369,-0.09992694611409081,-0.10791107218886198,-0.11868202829193841
-0.07301935012778382,-0.05096386095421779,-0.07666335441874084,-0.07841676774891715,-0.08741077511855777
-0.08762322015334056,-0.05901048035040424,-0.09386525534651435,-0.10491807593391933,-0.12007496859593214
-0.08105147864184004,-0.05307666589947202,-0.08687658552907518,-0.0868316099808325,-0.09345586926955574
-0.09054399415845193,-0.0651483769098593,-0.09444716251168273,-0.09955296602220165,-0.11653800519231117
-0.07630522088353409,-0.04490502325135315,-0.08414282458033173,-0.10249766209476319,-0.10880802435587078
-0.07959109163928435,-0.05556702797609592,-0.08461743063683291,-0.09094706139774111,-0.09836016815417492
-0.08324205914567362,-0.052942692938514835,-0.08972320634609099,-0.08223828072531914,-0.09082164786459401
-0.07995618838992335,-0.04975453953983555,-0.08771866657054206,-0.10145394255925422,-0.10343742327367877
-0.09200438116100762,-0.05959453320608932,-0.09935617958293097,-0.10684324966895387,-0.11907098510341496
-0.07667031763417298,-0.05279019478798963,-0.08265865171622044,-0.0892092310349295,-0.10093653972370298
-0.06206644760861624,-0.031977818753285314,-0.06950962763442015,-0.08932720384022697,-0.10321170084297193
-0.07630522088353409,-0.044623283661967106,-0.08309306905076697,-0.09769736842105281,-0.12184445507858033
-0.08214676889375683,-0.045278019590646146,-0.09155209234521156,-0.10043935395402381,-0.10885380672778477
-0.054034319094560024,-0.026859773250670793,-0.05938215427131155,-0.07360829529745383,-0.08630802977579655
-0.08068638189120114,-0.04793706478637061,-0.08662630353166945,-0.09577354618309386,-0.11265316191365371
-0.07740051113545088,-0.04786544801447934,-0.08461897810199326,-0.10590274213711437,-0.11840955870654801
-0.06133625410733845,-0.03089655928417767,-0.06865353338318347,-0.07496449245733705,-0.08703729867761834
-0.06060606060606055,-0.030566463235390806,-0.0677921668854603,-0.0809605474996904,-0.09917955285614832
-0.07082876962395035,-0.04247843045356314,-0.07641596209560153,-0.07799635681699735,-0.09079843722919123
-0.0938298649142022,-0.05917389508467574,-0.10349842423642319,-0.11586798787091201,-0.11595680991792123
-0.08616283315078499,-0.05493414572564559,-0.09290433641154361,-0.11046617551303783,-0.13337479429566923
-0.07630522088353409,-0.054551317202017335,-0.081517228905158,-0.08958065150153782,-0.09985939602425331
-0.08762322015334068,-0.05755057844361733,-0.09657483974113623,-0.11517576473648838,-0.13309189730628457
-0.07740051113545088,-0.047385044175443536,-0.08280545135890272,-0.10574289755627786,-0.11430880177724412
-0.06863818912011688,-0.0415801289278096,-0.07279688357223213,-0.08872066449854965,-0.10296232395857485
-0.06973347937203356,-0.03844946570069707,-0.07971839844918116,-0.08952973116605045,-0.0868573088186606
-0.08616283315078499,-0.05829614687124307,-0.09352630881653146,-0.10320662768031175,-0.10982348163555156
-0.06973347937203356,-0.037540729059085565,-0.07406583320791105,-0.10032826030053577,-0.12896779879164877
-0.08068638189120125,-0.04796746298880772,-0.08678981203204661,-0.09818082226468838,-0.09856922651401612
-0.07667031763417309,-0.04932608898525814,-0.08293014654562114,-0.09262183860389728,-0.10111367721209041
-0.06498722161372761,-0.03201417833875819,-0.0721852500889193,-0.0826005861977086,-0.09476788266022396
-0.06936838262139466,-0.04733872672364681,-0.07454133507456906,-0.08149489770043128,-0.09791966761095916
-0.07886089813800656,-0.04940980671317752,-0.0846465323146266,-0.10187009460048868,-0.12037545332137056
-0.09127418765972983,-0.0650386550496993,-0.0961816757931595,-0.09312000900992723,-0.10396510368511536
-0.0755750273822563,-0.03942853875842345,-0.08218005371909132,-0.09845157280554662,-0.11478716355863994
-0.08762322015334056,-0.05608089578467501,-0.0956770644674676,-0.11180792721734034,-0.11936973369958748
-0.06827309236947787,-0.034585165668050144,-0.07670782564809342,-0.09810686263639856,-0.10334395310066802
-0.05366922234392113,-0.022581095667811746,-0.05936086966819054,-0.07227877754726775,-0.08517131097115038
-0.07192405987586714,-0.044605357590631,-0.07740332554922891,-0.0788135483843212,-0.08690281380434439
-0.05841548010222719,-0.02495204490310443,-0.06352855086424636,-0.07239660801692782,-0.08381095964356033
-0.07776560788608988,-0.04934652150193308,-0.08656515167078205,-0.10056777670938066,-0.10845993147848254
-0.09492515516611899,-0.06481077023339121,-0.09880293243684746,-0.11475656871703621,-0.13239812903447534
-0.06717780211756108,-0.039127654804785084,-0.07395107595685046,-0.09242406427380212,-0.10465648657434234
-0.06863818912011688,-0.03623259262196321,-0.07548783456097485,-0.08849806319270548,-0.09905989145840932
-0.07338444687842272,-0.043449782403478854,-0.07905911432098156,-0.08312703460777315,-0.10614164787387903
-0.07447973713033951,-0.04583827149238773,-0.08059936355665887,-0.09466786498385937,-0.10167245578123207
-0.08543263964950709,-0.055784602656679394,-0.09302209174187037,-0.11255737452440961,-0.12089669702988126
-0.07082876962395035,-0.03729354312927935,-0.07884608841616281,-0.08705268376271014,-0.1028290381210536
-0.06827309236947787,-0.037285446873314476,-0.07720355304012905,-0.09963291640689942,-0.1122146769338801
-0.08287696239503461,-0.05411970658076459,-0.08990054637194167,-0.0873567348363562,-0.09825133912368988
-0.07119386637458935,-0.03679903243000915,-0.07925424255843594,-0.09330201018343542,-0.10754487502538979
-0.07374954362906172,-0.04319613206947004,-0.08036949049102193,-0.09134194242668836,-0.10862295034516212
-0.0657174151150054,-0.03411095554418597,-0.07400667268331307,-0.09173007297312485,-0.10441801822106767
-0.05914567360350498,-0.030229295003422307,-0.06704877690990363,-0.08293852197344365,-0.0906169246182088
-0.0558598028477546,-0.02268579602752563,-0.06343466509649176,-0.07581260405049384,-0.08849114446661743
-0.09346476816356342,-0.05997650606444005,-0.0999629008291456,-0.11131397262041731,-0.11997900934140782
-0.07192405987586714,-0.04330175411819859,-0.07878593076993035,-0.07913934227471853,-0.08917165675980954
-0.08141657539247904,-0.05485721626837714,-0.08670273606397039,-0.09458342069751557,-0.10363891780569556
-0.08433734939759041,-0.05067665346535566,-0.09024908331478332,-0.10269618189103424,-0.10568715561936526
-0.05257393209200434,-0.027771200207462488,-0.057332738824178,-0.07812116679937164,-0.09651057002255259
-0.0752099306316174,-0.04920801659393803,-0.07857224884864789,-0.09314995097540213,-0.11773062096282372
-0.07959109163928435,-0.05087883740089949,-0.08671032880447371,-0.10039077349068659,-0.11334910629782868
-0.08214676889375683,-0.051054028857232536,-0.08770943740477755,-0.08711774788958682,-0.1015524933805525
-0.09784592917123036,-0.06409807488829178,-0.1024436933437416,-0.11249083920372105,-0.1355943119576486
-0.07740051113545099,-0.04853551745921103,-0.08430732696871157,-0.11171387744445382,-0.12144095272588273
-0.11025921869295363,-0.07474774501746928,-0.11689789892350155,-0.123137288110158,-0.13410954448632983
-0.0847024461482293,-0.054861698286220784,-0.09086706270280254,-0.11064986217161643,-0.12104982118888463
-0.0847024461482293,-0.05265969392316028,-0.09239464388756335,-0.09930488146853911,-0.1140579477700866
-0.05841548010222708,-0.028570857902001756,-0.0662438919367696,-0.08755934858346615,-0.10046015395244778
-0.09236947791164651,-0.059210344868344755,-0.10016617906130809,-0.10561551103290723,-0.11717970822479962
-0.08214676889375683,-0.05302436916269759,-0.08806125122595687,-0.1103402253136394,-0.1235586587192008
-0.06060606060606055,-0.029516974913120553,-0.06618419368728434,-0.08196882554418605,-0.10254051752229032
-0.08105147864184015,-0.0512500656547088,-0.08799678701980373,-0.10709001698433673,-0.11377469967320697
-0.08068638189120114,-0.05014275025257142,-0.08845998479650907,-0.09265230163324245,-0.09751425653991985
-0.0847024461482292,-0.05169846229398456,-0.09180290020585669,-0.09957308711849455,-0.10011358899635792
-0.09382986491420231,-0.06163029650650742,-0.09890840322325378,-0.1084968193724275,-0.13120050420699625
-0.06097115735669956,-0.02870049374934347,-0.06843870522575157,-0.08539408392738257,-0.1034585736006669
-0.06900328587075577,-0.04215785055504617,-0.07489340874508932,-0.09630454667742794,-0.1136354556600424
-0.07447973713033962,-0.04674987705134104,-0.08137580582835924,-0.09692062548950753,-0.11459505772686884
-0.08798831690397957,-0.057142241632198054,-0.09343321081028488,-0.09897595100598922,-0.10251389973308178
-0.09675063891931368,-0.06425729478552955,-0.10346022682823097,-0.11026546150619976,-0.11736056140062157
-0.04673238408178171,-0.015502435465527986,-0.05544103398169842,-0.08009450390872941,-0.0910571970586117
-0.08141657539247904,-0.045702943349258174,-0.09097437752787818,-0.09616015877641626,-0.10697240343914127
-0.08433734939759041,-0.05315183184678518,-0.09284764967910275,-0.09702267154877253,-0.09977147007881171
-0.06243154435925524,-0.03350901710224963,-0.06837211243717645,-0.08578077242931481,-0.09433757730268622
-0.044541803577948236,-0.019586347826544892,-0.04976133077716072,-0.07588991058433003,-0.08797473077641116
-0.08981380065717415,-0.060623003194888225,-0.09597497225302631,-0.09598454668002132,-0.10060075745896313
-0.07374954362906172,-0.043685616330740196,-0.07895441850021256,-0.08960388670973574,-0.10712585355275417
-0.10076670317634173,-0.06633618655720575,-0.10757251424484093,-0.11539598521706784,-0.12271427767104126
-0.07594012413289519,-0.04311174948490759,-0.08280071387932386,-0.09924023147073746,-0.12027290977899918
-0.07922599488864546,-0.04993831321313946,-0.08562518510373529,-0.10129452364544766,-0.1101688567586605
-0.06206644760861635,-0.034521054004001406,-0.06934465587120942,-0.06839403661068122,-0.08511529472007129
-0.07447973713033962,-0.04551332169053435,-0.08047639376016602,-0.08687223092462515,-0.10609892390124731
-0.07776560788608988,-0.0457659524394568,-0.08591007178072907,-0.09639698494629223,-0.10102509071767574
-0.08871851040525736,-0.05430945361258943,-0.09694518670157481,-0.10463696472737616,-0.09995320512617356
-0.06863818912011688,-0.0406855219715474,-0.07496326976178946,-0.0840045977259023,-0.09941894874394164
-0.07922599488864557,-0.04724325661451889,-0.08476434380930731,-0.09178695389420444,-0.11840442382317884
-0.07849580138736756,-0.048261438082173314,-0.08514796985895101,-0.09656855688598309,-0.11867204997090264
-0.08871851040525736,-0.057110864462742494,-0.09615848551321426,-0.09547601626891034,-0.10400443582799179
-0.06827309236947798,-0.03708660677039688,-0.07651547747863519,-0.09372118425701692,-0.11141235147702289
-0.10916392844103684,-0.07408583226779386,-0.11621718108301193,-0.12075865865081825,-0.13409815225007027
-0.06827309236947798,-0.03902877192982457,-0.07423791323441697,-0.08341827819981396,-0.10356705865401794
-0.07959109163928446,-0.04785839512328505,-0.08631346926772443,-0.0846179090935415,-0.10264616389550907
-0.07922599488864546,-0.048419327208518936,-0.08581696700259545,-0.0938224374495562,-0.11099614329310103
-0.07447973713033962,-0.04300531319787826,-0.08190113690405054,-0.09856169854496777,-0.1073501354688643
-0.08032128514056225,-0.04610219263240489,-0.08888802392062611,-0.09211789943015236,-0.1009331878497417
-0.056955093099671394,-0.020605143752208344,-0.06480018462198645,-0.07880200706348517,-0.10438022038239647
-0.07667031763417309,-0.04576810522126529,-0.0838520733539343,-0.08855382113646038,-0.10164820729689217
-0.08068638189120114,-0.050904773331847286,-0.08621954292591816,-0.09659645136663397,-0.11202775043602065
-0.09273457466228552,-0.06537105404366894,-0.09784352994384737,-0.10705384864616663,-0.1188798565397784
-0.07922599488864557,-0.05137888723836881,-0.08480082653801091,-0.09487581306485204,-0.10810758542993493
-0.059875867104782765,-0.03337172787983933,-0.0666424611621419,-0.07224222470901787,-0.07748755656721651
-0.0664476086162833,-0.03566666361433024,-0.07255295775777304,-0.08920257611744131,-0.1025458405597135
-0.09602044541803578,-0.06487414561212501,-0.10211686507307705,-0.1133950012291356,-0.1314785587265478
-0.08689302665206278,-0.05244417862838924,-0.0946045439980191,-0.10923893996171785,-0.11286531890140439
-0.07374954362906172,-0.04940526187725258,-0.08082358561872272,-0.0907248031778386,-0.10045325104589531
-0.07046367287331146,-0.034804987354128736,-0.0810986241559104,-0.09326173147239436,-0.0894732505500655
-0.08689302665206278,-0.05190762537688909,-0.09476549824782288,-0.09942845732049566,-0.11443837222183295
-0.07703541438481198,-0.047004252562220405,-0.08224621269243637,-0.08709373512880869,-0.09811644918133677
-0.07374954362906172,-0.041859940243199945,-0.08145599012834381,-0.09535384034723549,-0.11082920026281684
-0.059875867104782765,-0.033290259490797336,-0.065719626356325,-0.07608078861228351,-0.08898226659971575
-0.08141657539247904,-0.04995810071192597,-0.08633498130147321,-0.0933184061825364,-0.12339878213133537
-0.08068638189120125,-0.04800742101448496,-0.08764943118718371,-0.09281306869270056,-0.10948807343179678
-0.08543263964950709,-0.050807155695560935,-0.0937156240087399,-0.09187596753815175,-0.09559130903404667
-0.07740051113545088,-0.04396532855835533,-0.08618357534149268,-0.10460204739886403,-0.10597105842395882
-0.07082876962395035,-0.042966930548638094,-0.0765120426275765,-0.08795491376627285,-0.10988987103051828
-0.058050383351588075,-0.030955327890165862,-0.06258657060455142,-0.08553475531797461,-0.1050963366798755
-0.06790799561883898,-0.03676346499087091,-0.07401334928148384,-0.09050151633437409,-0.11501509229249662
-0.0843373493975903,-0.056119372684362845,-0.08977875735861174,-0.10084873414054796,-0.11258253120216055
-0.06973347937203367,-0.03444521125680544,-0.07768351258388262,-0.08404172691548273,-0.0977150837704257
-0.0565899963490325,-0.02872409617059135,-0.06354702855012895,-0.08054884037168553,-0.08655665735029738
-0.07959109163928446,-0.05277401049141306,-0.08564611298396008,-0.1042304477933843,-0.11569987540319437
-0.07740051113545088,-0.04748713889988132,-0.08422400570357269,-0.1059682846961586,-0.11525601358828153
-0.07740051113545088,-0.047069050492311804,-0.0832431356206258,-0.10381573629813068,-0.12707507753171432
-0.07301935012778382,-0.04061586580529852,-0.07952555474080769,-0.09200093521190811,-0.09664077280877303
-0.07594012413289519,-0.04180483038892724,-0.08278648995504445,-0.1008021793436128,-0.10934680907548744
-0.08141657539247904,-0.046366780748016145,-0.08819015485565451,-0.09977032958777399,-0.10839594809289588
-0.07813070463672867,-0.04176173711681053,-0.08728233611023628,-0.10398568647904594,-0.10699982968000488
-0.08068638189120114,-0.05358060063942416,-0.08692031332568995,-0.10261970553948441,-0.10789220497259333
-0.07046367287331146,-0.044297561076084624,-0.07612121561679919,-0.08891643097570678,-0.09209996888722694
-0.08324205914567362,-0.04610628050040533,-0.09192691739169634,-0.10813579737929602,-0.12172139665931048
-0.07338444687842283,-0.04355043737754005,-0.07916505447874578,-0.09263608435504245,-0.10288235267170776
-0.08360715589631251,-0.0507946621358536,-0.09019407227238363,-0.10731989823892396,-0.12326518866000635
-0.07082876962395035,-0.03964972953799761,-0.07775276818097299,-0.07912848237507197,-0.07850067850329345
-0.0660825118656444,-0.03982514379002711,-0.0713821468508089,-0.0870688876850847,-0.09434162706306382
-0.07447973713033951,-0.04686344144746002,-0.08066496663399281,-0.08723040877916144,-0.09596253714802738
-0.06535231836436661,-0.034929932138773045,-0.07205022696410268,-0.08445662739902504,-0.08979453127610337
-0.08105147864184004,-0.048229097980642566,-0.08639457764411529,-0.10368163808311892,-0.12551628638226253
-0.0843373493975903,-0.05192455779661531,-0.09373031820028699,-0.10245974523660539,-0.10717223785096552
-0.06936838262139466,-0.04347729917067367,-0.07354441196133088,-0.08086067499629868,-0.08859211072303841
-0.07703541438481198,-0.05026663111585117,-0.08265410209517743,-0.09003767468819102,-0.11469958930159108
-0.08178167214311793,-0.0512917116605599,-0.08854968790735673,-0.09301416728472423,-0.10659185563843931
-0.07119386637458935,-0.0380697349770055,-0.07825062074603051,-0.08094300959318979,-0.09726048486459316
-0.06206644760861635,-0.03764176640745931,-0.06760018260352196,-0.09190334506909681,-0.10722255870932251
-0.07046367287331134,-0.0413629417763558,-0.07798779428819047,-0.09008359454378778,-0.10597189874294943
-0.0660825118656444,-0.036862119412005345,-0.07249466336691868,-0.08350390860539225,-0.10452800654898708
-0.10076670317634173,-0.06975623466708913,-0.10730455892131763,-0.11127958277584404,-0.12250290957919852
-0.07411464037970061,-0.04319854776008769,-0.08095932246398185,-0.09577298844390891,-0.10952498222600093
-0.06608251186564429,-0.03560006495967083,-0.07385301120518328,-0.09448062976841998,-0.10737794454246197
-0.0839722526469514,-0.05548602419691273,-0.08941137382402631,-0.10350912818132596,-0.12212593923058546
-0.06827309236947787,-0.03820437990841585,-0.07420530051887342,-0.07568649732262023,-0.08241055050299906
-0.08324205914567362,-0.048853914447134716,-0.0904320534201215,-0.09569271615533148,-0.10839539986299751
-0.1036874771814531,-0.06992757573451502,-0.1094831867447772,-0.10845136516483356,-0.12809587185988192
-0.07995618838992335,-0.053311643369728046,-0.08456228399570198,-0.08771058570027279,-0.09857137234123414
-0.07813070463672878,-0.04899481085446966,-0.08286883562331848,-0.09008976916500433,-0.10107274434082392
-0.08360715589631251,-0.056651028442435525,-0.08931092808617402,-0.10064605047807751,-0.12010052964016094
-0.055859802847754714,-0.02865869071614302,-0.062236848052291904,-0.08023327002376546,-0.08476179392873961
-0.08543263964950709,-0.054012104773346614,-0.09292267443775049,-0.09814273901697801,-0.11397816661566917
-0.08068638189120114,-0.05087673675607396,-0.08593531229317652,-0.10475248139688542,-0.11830882936047626
-0.09894121942314715,-0.06466177179305455,-0.10548010197034241,-0.12894080509192452,-0.13664650605321615
-0.056955093099671505,-0.024718982227459607,-0.06603724169541447,-0.08616234906031528,-0.09652319787325148
-0.06024096385542166,-0.03229526299021812,-0.06701920893482316,-0.07928084674496172,-0.09675085158321406
-0.07959109163928435,-0.047182234180501825,-0.08647287445531138,-0.09648237078836253,-0.099785501273847
-0.08032128514056225,-0.0495198291412271,-0.08872263232648137,-0.10592215912356362,-0.1123311204490618
-0.08214676889375683,-0.053933472796307336,-0.08912840772947173,-0.10300240667393334,-0.11242295563143101
-0.08178167214311793,-0.052592485719018756,-0.08792033277533573,-0.0947959841527296,-0.10926467665569395
-0.07411464037970061,-0.0472410197434765,-0.08098945472401498,-0.0874363465255712,-0.10210526895681615
-0.08616283315078488,-0.05442396313364051,-0.09162556613685513,-0.09671244195479844,-0.09688818075677508
-0.0945600584154801,-0.0643157908897678,-0.10058037474325832,-0.09959889388534582,-0.10754725558434752
-0.0664476086162833,-0.034769716835916786,-0.07304265571891677,-0.08465628915321155,-0.08960425662421201
-0.07849580138736767,-0.047370404632199214,-0.08416859381888808,-0.08010634308368147,-0.10029925723951216
-0.09711573566995257,-0.0681226500217137,-0.1026965633025837,-0.09532669719034614,-0.10309956748253535
-0.06279664110989414,-0.032886678198393526,-0.06954925064334172,-0.0905212580081537,-0.1006106244450865
-0.09090909090909083,-0.05643325269846777,-0.09570310088672451,-0.11196165295755611,-0.126126024674989
-0.07886089813800656,-0.05601641926399692,-0.08287955840958294,-0.08625526662383887,-0.10045730462725966
-0.05439941584519903,-0.02421297340531381,-0.06275775232771064,-0.07597786145950369,-0.08185507235968803
-0.08251186564439572,-0.05390301347969639,-0.08902867550082161,-0.09868523907537619,-0.09905098129482792
-0.07192405987586714,-0.042726366763322865,-0.07854451326307599,-0.10039752075272379,-0.1169556948180327
-0.07155896312522814,-0.044639276001051775,-0.07698521607681197,-0.0981313136202624,-0.11684630787437023
-0.07886089813800656,-0.04887647300098663,-0.08388648258386655,-0.09602041973543984,-0.11510490424714115
-0.05622489959839361,-0.028556587454480753,-0.0629829239974572,-0.07539410241384348,-0.10002676740245264
-0.06352683461117192,-0.02937112375076323,-0.07086781887561688,-0.08738488289719426,-0.09736281137943104
-0.04527199707922602,-0.01691126329670789,-0.05184412680685513,-0.07033847977803331,-0.08231421762438473
-0.058780576852866084,-0.025663507051954415,-0.06699097248165353,-0.08645386064030136,-0.10689378230232982
-0.07338444687842272,-0.04070008477736242,-0.0802131271982327,-0.09630032381228548,-0.10771831651283703
-0.07046367287331146,-0.04004629894809564,-0.07746653151694805,-0.09607941614074966,-0.10803660745097687
-0.08725812340270178,-0.05145113734198037,-0.09529470403674978,-0.09720474366070042,-0.10560048033365455
-0.06827309236947787,-0.043495237307233925,-0.07477563561691192,-0.09792452318294054,-0.11108410893836063
-0.08141657539247904,-0.046953219441235206,-0.08886122510523298,-0.09791652497222803,-0.10606749679393046
-0.09200438116100762,-0.060641606245730784,-0.09673040810073286,-0.10406890062734031,-0.1273100958283807
-0.07155896312522825,-0.045812617898458474,-0.07801906162123196,-0.07573176406067639,-0.07930762812386127
-0.07740051113545088,-0.04186583270009503,-0.08614587660622752,-0.0990265009570539,-0.10284604940476694
-0.07374954362906172,-0.04506715754248536,-0.08091492558643998,-0.09262277762685256,-0.10346874653480642
-0.053304125593282126,-0.023994910941475878,-0.059666810214783705,-0.07709654743123306,-0.1018647462072304
-0.07447973713033951,-0.045936571818704586,-0.08023313259068243,-0.09566713463518894,-0.12090161552615353
-0.0847024461482293,-0.05742339969077093,-0.08990345068375571,-0.09393424530219863,-0.09897836608012167
-0.06389193136181082,-0.038379400555831444,-0.07049622164726466,-0.08193451881826597,-0.09555332303176178
-0.08689302665206289,-0.05490360050525722,-0.09439320857846245,-0.1121128587469511,-0.11651447685444494
-0.08324205914567362,-0.05602078891056239,-0.08978690783905996,-0.10356657205452247,-0.1154900772532701
-0.05914567360350487,-0.03421309613056789,-0.0645945973390476,-0.08330825729631774,-0.1064696921918673
-0.06790799561883898,-0.042792457386649496,-0.07386589936755295,-0.08387387174468386,-0.09068552022659926
-0.07447973713033951,-0.04050179530417841,-0.08202759641372792,-0.10330912025827277,-0.11363707788126542
-0.07594012413289519,-0.045439176988213204,-0.08269540262875785,-0.09410881811200789,-0.12116234154649308
-0.05841548010222719,-0.02720146290510217,-0.06426435639905859,-0.08274032160784561,-0.09660962427722253
-0.05951077035414387,-0.03111335333589016,-0.06741013342695079,-0.08856366764515089,-0.10143246848597953
-0.07046367287331134,-0.044272707722928906,-0.07545493027705208,-0.09319901208751369,-0.11233009604133015
-0.07301935012778393,-0.03895926131551952,-0.08256413039855803,-0.09602472175006016,-0.1051023959904962
-0.07703541438481198,-0.04691325950703085,-0.08455151041318776,-0.10408500002704935,-0.11037110095005542
-0.09090909090909083,-0.05793077417594128,-0.09602632518632648,-0.09485656517984997,-0.11303630600154524
-0.07301935012778393,-0.049091770584307914,-0.07885330281113578,-0.08820300634023204,-0.10150902736814094
-0.0839722526469514,-0.05358650291750455,-0.09075879103641782,-0.09679898642284568,-0.10855668175291078
-0.07667031763417298,-0.04095511579623734,-0.08462921309004556,-0.09915658744042954,-0.11866291939853069
-0.07995618838992335,-0.05197299636218389,-0.08658761337217036,-0.10399029223627043,-0.11446765250201563
-0.08032128514056225,-0.051187046303926786,-0.08541872666051387,-0.10300311092040326,-0.1214583276779766
-0.07338444687842272,-0.04613432303631859,-0.0798408291129078,-0.10302736426966652,-0.12096920420549051
-0.06316173786053303,-0.03092671424388449,-0.06921017105567207,-0.0862184615318623,-0.11317169830679519
-0.07009857612267245,-0.038761066009479705,-0.07547332479141278,-0.0785012263977295,-0.08994525884849147
-0.06717780211756119,-0.039973282126719134,-0.07235775042302661,-0.08290712277010925,-0.09265588813022163
-0.08141657539247904,-0.0578936237707518,-0.08593872348715692,-0.10597339507463033,-0.11691159530175277
-0.07265425337714504,-0.03828776753632246,-0.0785552165418606,-0.08995795367395865,-0.10930032971214187
-0.07374954362906172,-0.042886909091588765,-0.08089188885702259,-0.09870421124614337,-0.11194331481374187
-0.08652792990142377,-0.0572755187131303,-0.09158420509227372,-0.09574613761216644,-0.10130649364779676
-0.07447973713033951,-0.04539350718610524,-0.08039118137667178,-0.09138286705013332,-0.10475006351447558
-0.07995618838992335,-0.04992074674181057,-0.08582562902426316,-0.09863268158072258,-0.11077842349782885
-0.08762322015334056,-0.05535109498905311,-0.09395640930975191,-0.11098880585005366,-0.1177635996097417
-0.08944870390653525,-0.055653835221557535,-0.09797413394748933,-0.11178766883239422,-0.12936532270961476
-0.10113179992698063,-0.07365313192969003,-0.10680594679789879,-0.11522440096035302,-0.1258298241413751
-0.08835341365461846,-0.056465675693508355,-0.09297365917580591,-0.09922282510941915,-0.11046463360863612
-0.07959109163928435,-0.04611531292255866,-0.08821353982296742,-0.10357320045730067,-0.1212847118902507
-0.09236947791164651,-0.051738914928855295,-0.09981950451321842,-0.1079918311339545,-0.12346315556435561
-0.08360715589631251,-0.04893481184235482,-0.09062673921881637,-0.10298214151480345,-0.10740397909607735
-0.07046367287331146,-0.04195920159106448,-0.07699191862116472,-0.09908437379321189,-0.1197439681335839
-0.07594012413289519,-0.042702184547177224,-0.08256712684058565,-0.0970234565036141,-0.1088843542024257
-0.09638554216867468,-0.06668249885290811,-0.10252066205001287,-0.11321872477804684,-0.11564427877440886
-0.0755750273822563,-0.045999579380462285,-0.08220809962846809,-0.10328443488796368,-0.10845582822886346
-0.06389193136181093,-0.033153817082388515,-0.0702040557062723,-0.09446501007387509,-0.11568628580646267
-0.08178167214311793,-0.05254887473665326,-0.08784688243830863,-0.09932889265404143,-0.09857593629626937
-0.06827309236947798,-0.039142305498633845,-0.07498385873772984,-0.09687116227065273,-0.10660022998533869
-0.07301935012778382,-0.044361416889245664,-0.08052728836156975,-0.1012734424881232,-0.11009682446120916
-0.0843373493975903,-0.052890429408648076,-0.09286189508370768,-0.10788882571446146,-0.12018019718293804
-0.10113179992698063,-0.06967862922319756,-0.10742470251088387,-0.10711003930013352,-0.12995463510052163
-0.0763052208835342,-0.04752410349618208,-0.0832407569776693,-0.10016755833562307,-0.10784817324295815
-0.07776560788608988,-0.04993319296197096,-0.08320050967257564,-0.08653230742797002,-0.09725685879443291
-0.09017889740781315,-0.061480077651279386,-0.09656345399420685,-0.10509424646394239,-0.10448608864342113
-0.06279664110989414,-0.03740606498899435,-0.06718952582710691,-0.08040206936737504,-0.08956853605942794
-0.08433734939759041,-0.05152926200719765,-0.09169501657283252,-0.10597092733018576,-0.12065642468493532
-0.0664476086162834,-0.03906853998562598,-0.07336747118508313,-0.09542793096929292,-0.09667312133112327
-0.08032128514056225,-0.05596411343476726,-0.08499008651038864,-0.09821703819312788,-0.11415694679753852
-0.08762322015334056,-0.05921621541895328,-0.0937419987574647,-0.09617993688684723,-0.09429506348444272
-0.06900328587075577,-0.04146394063315484,-0.07440844681558467,-0.08635285531837245,-0.10453675762532655
-0.05914567360350487,-0.02868378901047197,-0.06708783467298762,-0.07983012396359412,-0.09113070404020884
-0.06316173786053303,-0.03841095993983745,-0.0680282732811236,-0.08672143495563767,-0.09747085803549604
-0.08251186564439583,-0.048434256055363334,-0.09122695117306945,-0.10577844569874484,-0.1119826207374105
-0.07849580138736756,-0.04830288976580832,-0.08497285463192794,-0.09859379212635311,-0.1145690307876247
-0.06827309236947787,-0.04058956668399871,-0.07485222992432816,-0.07854023920142927,-0.08111885014447806
-0.07922599488864546,-0.04790921806686055,-0.08645064547657177,-0.09063666890530553,-0.10262401856564685
-0.06389193136181093,-0.040458108237816814,-0.06829041026627447,-0.08491484237190905,-0.09696027284531261
-0.06827309236947798,-0.038168250639414536,-0.0749250648808899,-0.08642515735175815,-0.10021172534627254
-0.06863818912011688,-0.041866165514128695,-0.0736306322216348,-0.08142603929599324,-0.0916327276299066
-0.07192405987586714,-0.04398343796153292,-0.07748262037729625,-0.0840717990571408,-0.08234181583924516
-0.06024096385542166,-0.02781615002391824,-0.0680156245709308,-0.0851561378068254,-0.09840660981629856
-0.06827309236947787,-0.03647967676421948,-0.07517077650116677,-0.08152161066845443,-0.09113467567112565
-0.07776560788608988,-0.051502325156496775,-0.08393298869495136,-0.0973464659793104,-0.10629686516485193
-0.08251186564439583,-0.04661709869455999,-0.08823039832198443,-0.08987549793334926,-0.1071939912189418
-0.0752099306316174,-0.04274124858002859,-0.08238299797964266,-0.10446330600568676,-0.12096497976828968
-0.06863818912011677,-0.03884920640427647,-0.07362995137317174,-0.074469030813885,-0.08645654279697002
-0.08835341365461846,-0.062159077196552004,-0.09376801201382057,-0.09732953891837681,-0.10284366111328802
-0.08141657539247893,-0.05276869646694571,-0.0868484792822396,-0.10144754825071367,-0.11545804479865274
-0.08105147864184004,-0.04884380535926214,-0.08951825157876114,-0.1092451415359621,-0.12331116354786875
-0.09236947791164662,-0.0622209876517994,-0.09795211826138084,-0.11112710383370628,-0.11934336461243067
-0.08762322015334056,-0.05392873482223148,-0.09556730534927405,-0.11599709688211624,-0.12159136048718377
-0.08251186564439572,-0.05453539772856075,-0.08773235589005624,-0.09968067037789119,-0.12263150166571934
-0.07338444687842272,-0.04434168371658198,-0.07880860735553163,-0.09105568238490758,-0.11818441747650754
-0.07995618838992335,-0.04810482380949499,-0.08652469571849464,-0.09236710857194452,-0.10907575147822934
-0.08725812340270167,-0.0556095083508632,-0.09296964488166093,-0.09943759436875876,-0.10695454407775296
-0.07009857612267245,-0.03799588335314952,-0.07870647568250866,-0.10198476830856873,-0.11749608512026166
-0.08616283315078499,-0.05838776527373368,-0.09247820460629086,-0.0999893207800362,-0.10684955079693703
-0.06352683461117192,-0.032836341355278686,-0.07045320641705644,-0.08154775356470267,-0.09615536552379922
-0.0752099306316174,-0.04792347734961444,-0.07886783244100459,-0.09176954534417159,-0.11597861118916375
-0.07228915662650603,-0.040634817299920245,-0.07822319579303538,-0.08966953265338473,-0.10644606391529132
-0.06279664110989414,-0.035055525073928506,-0.0669642384587259,-0.08453635010865956,-0.10355609582277137
-0.05622489959839361,-0.030251432208784235,-0.062075358611273,-0.07803396100614046,-0.10282683158789907
-0.08214676889375683,-0.044381070750581064,-0.09290972777241224,-0.10780011539979961,-0.1109250896886107
-0.08360715589631251,-0.05601232393358724,-0.08841204716958773,-0.09568706306848074,-0.1098298546155223
-0.08178167214311782,-0.05268288745280847,-0.08743018922882628,-0.09162582638457695,-0.09066216569578689
-0.0660825118656444,-0.031850703864480745,-0.07285840742245175,-0.07965605388589458,-0.08088307291852859
-0.06936838262139466,-0.03660683550958832,-0.07734953816991541,-0.09354565204728216,-0.10058556046994016
-0.08251186564439572,-0.052587506515165416,-0.08711737295839028,-0.08287308910014812,-0.09624872643640292
-0.07192405987586703,-0.03693090730495863,-0.07793635550711042,-0.09080247508323436,-0.10926561783721966
-0.08835341365461846,-0.06166564754800041,-0.0944986252843385,-0.10404199148484972,-0.11595015215016102
-0.06206644760861624,-0.02750498040385807,-0.07033662940718077,-0.0819525713071857,-0.09499523309647728
-0.095290251916758,-0.06641720795239714,-0.1010636715470562,-0.10955119003456926,-0.1305602132679171
-0.0847024461482293,-0.051878128825582404,-0.08980391712397584,-0.10194456467721513,-0.12597311671824585
-0.08908360715589625,-0.05512955089855742,-0.09512916748590361,-0.09948718856210093,-0.1111014035408252
-0.09054399415845205,-0.056076485457089986,-0.0974119751250091,-0.10232354520787978,-0.11265496375020123
-0.07630522088353409,-0.049073664553540786,-0.08264030198449368,-0.10532333938646066,-0.1093651837369013
-0.08652792990142388,-0.05708640675575272,-0.09241395490419402,-0.09297092155382447,-0.10317005444765459
-0.10989412194231474,-0.08081237632033311,-0.1151913714093924,-0.12818315534699287,-0.13862972658258654
-0.08579773640014599,-0.05883285670281424,-0.09216347142354275,-0.10203251154958759,-0.1100264325345579
-0.05476451259583792,-0.02869298736855208,-0.0614381344378887,-0.06605641347516955,-0.07545753807963351
-0.10003650967506394,-0.06787839592775513,-0.1052796841609519,-0.11305019491089774,-0.11764959555757204
-0.09492515516611899,-0.05921558998878518,-0.10275460003448189,-0.10809817959341383,-0.13202174150328505
-0.09163928441036873,-0.0667305411529262,-0.0962893755991544,-0.10846608462055063,-0.1232358721770952
-0.09309967141292441,-0.060925378540176656,-0.10109820883595089,-0.11337838410693923,-0.12136441817710442
-0.06352683461117192,-0.033199428797216046,-0.0712829598432212,-0.10129147350216372,-0.12148087069114721
-0.104052573932092,-0.06698664230386131,-0.11080963532022714,-0.11647050633995892,-0.135677031606396
-0.08251186564439572,-0.04840659340659337,-0.08874673518136789,-0.0935984992426635,-0.1137593525950078
-0.0945600584154801,-0.06453817651237359,-0.10230235456116898,-0.10246897946106959,-0.11135464518116056
-0.07228915662650603,-0.043893440478688706,-0.07792703424482039,-0.07535615141276986,-0.09466794587952088
-0.095290251916758,-0.06583928578624543,-0.10114999510260825,-0.11218290068296255,-0.12593887215272603
-0.07119386637458924,-0.042764229549298705,-0.07816783736011179,-0.09667998662611366,-0.10691008770629873
-0.08141657539247893,-0.05747714596240738,-0.08535235749356518,-0.0962880353269091,-0.10756588051416127
-0.07667031763417309,-0.041704293462732966,-0.08460254011355406,-0.09779131452626155,-0.10875172261645827
-0.08652792990142388,-0.05067340067340065,-0.09438898743666058,-0.11023809523809525,-0.12110053384326203
-0.07192405987586714,-0.04481661491875755,-0.0781157180477372,-0.08572634224206732,-0.09784313136917666
-0.07301935012778393,-0.03840444961776379,-0.08074184004701279,-0.09561458686150215,-0.1124560561660789
-0.0839722526469514,-0.05106707871884231,-0.08956674180708091,-0.09957575660305695,-0.11936311417338219
-0.07447973713033951,-0.043442775594900174,-0.0822534335538242,-0.09692727815876967,-0.11124285346476748
-0.08214676889375683,-0.048781199909424644,-0.0893283600366509,-0.096386440283879,-0.10488330070646668
-0.09127418765972983,-0.059084248565654196,-0.09832660644515312,-0.10956989189422028,-0.12109199999882791
-0.06936838262139478,-0.03813832315186838,-0.07697311386609207,-0.07792843270296845,-0.07014634242619733
-0.06900328587075577,-0.04046983677428939,-0.07660465271927519,-0.09648814488264057,-0.11268524829176219
-0.0664476086162833,-0.03818958078866863,-0.07082416916730117,-0.09794966467754729,-0.1128900974022049
-0.06060606060606055,-0.031031108983775035,-0.06613091571663954,-0.08043507833830876,-0.10726429476693478
-0.05768528660094929,-0.028662433642135943,-0.06684610554891635,-0.09283207924460446,-0.10952575269808218
-0.05622489959839361,-0.02650966018738432,-0.06476008402427724,-0.0929278158968091,-0.10428851346315438
-0.049288061336254185,-0.024264074351597165,-0.05496670661718417,-0.07360736353470321,-0.09558513832611482
-0.06425702811244982,-0.036967040733798084,-0.07005304647044452,-0.08358423062221088,-0.09347970366329161
-0.07886089813800656,-0.053446300301589034,-0.08317094595072172,-0.0956461731358752,-0.10469083083819986
-0.05439941584519892,-0.025171849636089316,-0.06272605314992052,-0.08443238233572536,-0.10302073853028038
-0.09236947791164662,-0.06183757511779686,-0.0991880808169513,-0.10497036329285203,-0.10430014717943759
-0.04673238408178171,-0.01943390180643023,-0.05116155814984391,-0.07164834540335019,-0.08601865883320203
-0.06790799561883909,-0.03480489758040606,-0.07488612999332189,-0.10366252997666392,-0.12980372093457937
-0.06827309236947787,-0.036013170709487397,-0.07650764649386532,-0.08935450561247937,-0.09546237215739373
-0.07959109163928435,-0.04654516823750088,-0.0851489095736071,-0.09956202740136244,-0.11174079426563444
-0.08251186564439583,-0.050218270278137966,-0.09054186450560031,-0.10516034497646909,-0.11118016118640095
-0.058050383351588186,-0.029183763177318633,-0.06432452636388164,-0.07214014700221782,-0.08528593003134077
-0.09090909090909094,-0.05826607827931629,-0.0973619037105048,-0.10326381365113757,-0.10712939972408031
-0.07594012413289519,-0.041961349874140574,-0.08248004549615906,-0.09590167900517732,-0.10923201033294805
-0.06097115735669956,-0.03427905204533055,-0.0658489068572029,-0.08035663571994267,-0.09560104880945408
-0.09236947791164662,-0.06403614646413702,-0.09685923017848852,-0.10167416693453346,-0.11564263493532168
-0.09236947791164662,-0.0627607380872931,-0.09843169278545472,-0.10363410835071474,-0.12341012940513207
-0.0763052208835342,-0.04530004549841227,-0.08257172126037315,-0.09170192092727303,-0.10950615042758849
-0.07192405987586714,-0.03854056373176096,-0.08008688099314076,-0.08692528426221025,-0.09024207532618622
-0.07813070463672878,-0.05087290945781542,-0.08487116557090091,-0.08832907990631989,-0.09162932619653053
